cd_municipio_tse,sem_dados_1t,abst_q2.5,abst_q10,abst_q50,abst_q90,abst_q97.5,abst_baseline,margem_abs_q2.5,margem_abs_q10,margem_abs_q50,margem_abs_q90,margem_abs_q97.5,margem_abs_baseline,cd_municipio_ibge,pct_totalizado,snapshot
1007,False,0.2416,0.2693,0.3048,0.3419,0.3828,0.3133,0.3005,0.3219,0.3654,0.4067,0.4311,0.3958,1200138,100.0,05/10/2026 12:52:14
1015,False,0.2386,0.2666,0.3024,0.341,0.3782,0.2871,0.3042,0.3313,0.3836,0.4273,0.4531,0.4187,1200179,100.0,05/10/2026 12:52:13
1023,False,0.1958,0.221,0.2528,0.2866,0.3248,0.2673,0.3988,0.4202,0.46,0.4991,0.5205,0.4977,1200807,100.0,05/10/2026 12:52:13
1031,False,0.2875,0.3199,0.3564,0.3979,0.4399,0.3641,0.003,0.0109,0.0557,0.1133,0.1435,0.0477,1200435,100.0,05/10/2026 12:52:13
1040,False,0.2584,0.2887,0.3266,0.3666,0.4061,0.3011,0.1474,0.1689,0.2091,0.2518,0.2765,0.2294,1200351,100.0,05/10/2026 12:52:13
1058,False,0.2042,0.2306,0.2627,0.2971,0.3361,0.2883,0.3665,0.3878,0.4255,0.4631,0.4821,0.4596,1200104,100.0,05/10/2026 12:52:13
1066,False,0.2651,0.2973,0.3339,0.3722,0.4134,0.2686,0.0079,0.028,0.0815,0.1341,0.1593,0.0715,1200393,100.0,05/10/2026 12:52:13
1074,False,0.2052,0.2323,0.2646,0.299,0.3391,0.2756,0.3543,0.3782,0.4235,0.4675,0.493,0.469,1200203,100.0,05/10/2026 12:52:13
1082,False,0.2074,0.2324,0.2643,0.2996,0.3378,0.2336,0.4128,0.432,0.4719,0.5092,0.5301,0.5047,1200427,100.0,05/10/2026 12:52:14
1090,False,0.2158,0.2399,0.273,0.3055,0.3464,0.2517,0.2981,0.3176,0.3548,0.3914,0.4122,0.3801,1200336,100.0,05/10/2026 12:52:14
1104,False,0.2958,0.3247,0.3644,0.402,0.4474,0.3425,0.0035,0.0139,0.0636,0.1215,0.1527,0.0519,1200328,100.0,05/10/2026 12:52:12
1112,False,0.2013,0.2301,0.2605,0.2954,0.3333,0.2816,0.4194,0.4381,0.4736,0.5097,0.5294,0.5075,1200252,100.0,05/10/2026 12:52:13
1120,False,0.2144,0.2382,0.2705,0.3061,0.3406,0.2972,0.4987,0.5207,0.5565,0.5933,0.6126,0.5951,1200013,100.0,05/10/2026 12:52:13
1139,False,0.2731,0.3021,0.3388,0.3782,0.4174,0.345,0.0171,0.0394,0.0824,0.1233,0.1489,0.099,1200302,100.0,05/10/2026 12:52:13
1392,False,0.1918,0.2168,0.246,0.2788,0.3147,0.2863,0.2371,0.275,0.3397,0.4047,0.4426,0.4008,1200401,100.0,05/10/2026 12:52:13
1457,False,0.246,0.272,0.3074,0.3437,0.3846,0.2848,0.3833,0.4046,0.4444,0.4828,0.5013,0.4839,1200500,100.0,05/10/2026 12:52:14
1473,False,0.2834,0.3178,0.3563,0.3956,0.4432,0.3404,0.1304,0.1496,0.1893,0.227,0.2526,0.2112,1200609,100.0,05/10/2026 12:52:13
1490,False,0.2009,0.2274,0.2591,0.2938,0.3335,0.277,0.2038,0.2238,0.2643,0.3053,0.3244,0.2854,1200708,100.0,05/10/2026 12:52:13
1511,False,0.2216,0.2479,0.2811,0.3172,0.355,0.2734,0.3475,0.368,0.4138,0.4612,0.4842,0.4537,1200385,100.0,05/10/2026 12:52:13
1538,False,0.1953,0.2234,0.2545,0.2892,0.3285,0.266,0.362,0.3885,0.4355,0.4831,0.5133,0.4818,1200450,100.0,05/10/2026 12:52:14
1554,False,0.2511,0.2801,0.3151,0.3535,0.3958,0.3076,0.1439,0.1676,0.2098,0.2515,0.2708,0.2257,1200344,100.0,05/10/2026 12:52:14
1570,False,0.2059,0.2338,0.2658,0.3003,0.3376,0.2992,0.1429,0.166,0.2154,0.2658,0.2903,0.238,1200054,100.0,05/10/2026 12:52:14
27006,False,0.1844,0.2055,0.2347,0.2684,0.3037,0.2182,0.0092,0.0287,0.0785,0.1298,0.1563,0.0987,2706448,100.0,05/10/2026 12:52:18
27014,False,0.2313,0.2565,0.292,0.3275,0.3669,0.31,0.7285,0.7404,0.759,0.7775,0.7861,0.7723,2700102,100.0,05/10/2026 12:52:16
27022,False,0.1838,0.2095,0.2375,0.2708,0.3018,0.2513,0.7658,0.7777,0.7977,0.815,0.8242,0.8111,2706422,100.0,05/10/2026 12:52:18
27030,False,0.1842,0.2097,0.239,0.2711,0.3094,0.2476,0.3707,0.3909,0.424,0.4569,0.4745,0.4301,2700201,100.0,05/10/2026 12:52:17
27049,False,0.206,0.2328,0.2646,0.2982,0.3398,0.2972,0.5669,0.5828,0.6092,0.6333,0.6481,0.6192,2702553,100.0,05/10/2026 12:52:17
27057,False,0.1357,0.1526,0.1776,0.2024,0.2303,0.1958,0.0029,0.011,0.0479,0.0925,0.1107,0.0325,2700300,100.0,05/10/2026 12:52:18
27065,False,0.1924,0.2149,0.2446,0.278,0.3127,0.2179,0.0018,0.0067,0.0373,0.0839,0.1127,0.0231,2703759,100.0,05/10/2026 12:52:18
27073,False,0.1857,0.2112,0.2428,0.2739,0.3116,0.2361,0.1819,0.1997,0.2357,0.2702,0.2878,0.2346,2700409,100.0,05/10/2026 12:52:19
27081,False,0.2172,0.2429,0.2765,0.3122,0.3533,0.2692,0.2995,0.3215,0.371,0.4161,0.4386,0.3736,2701357,100.0,05/10/2026 12:52:17
27090,False,0.1962,0.2181,0.25,0.283,0.323,0.2422,0.048,0.0708,0.1161,0.1605,0.1822,0.109,2700508,100.0,05/10/2026 12:52:19
27111,False,0.1464,0.1662,0.1922,0.2198,0.2511,0.1772,0.0026,0.009,0.0477,0.0967,0.1247,0.0606,2700607,100.0,05/10/2026 12:52:19
27138,False,0.1713,0.1937,0.2212,0.2524,0.2888,0.2256,0.209,0.2291,0.2676,0.3061,0.3259,0.2678,2700706,100.0,05/10/2026 12:52:16
27154,False,0.2115,0.2361,0.2677,0.3019,0.3429,0.2549,0.3678,0.3926,0.4413,0.4852,0.5104,0.4469,2700805,100.0,05/10/2026 12:52:17
27170,False,0.1707,0.192,0.2208,0.2528,0.2873,0.2127,0.3289,0.354,0.4005,0.4437,0.4673,0.4068,2700904,100.0,05/10/2026 12:52:19
27197,False,0.1955,0.2201,0.2511,0.2849,0.3226,0.2637,0.0979,0.1179,0.1535,0.1883,0.2073,0.1491,2701001,100.0,05/10/2026 12:52:17
27219,False,0.2264,0.2531,0.2862,0.3209,0.3601,0.2909,0.3107,0.3303,0.3707,0.4082,0.4285,0.3734,2701100,100.0,05/10/2026 12:52:18
27235,False,0.2402,0.2687,0.305,0.3424,0.3804,0.2986,0.354,0.3732,0.4085,0.4419,0.4598,0.4115,2701209,100.0,05/10/2026 12:52:16
27251,False,0.2092,0.2313,0.2643,0.2988,0.3353,0.2654,0.2908,0.3169,0.3545,0.3914,0.4125,0.3579,2701308,100.0,05/10/2026 12:52:19
27278,False,0.2083,0.2343,0.2687,0.3036,0.3394,0.273,0.2337,0.254,0.2862,0.3203,0.3384,0.2866,2701407,100.0,05/10/2026 12:52:17
27294,False,0.1772,0.2016,0.2297,0.2633,0.2988,0.2443,0.3888,0.408,0.4491,0.4891,0.5094,0.4576,2701506,100.0,05/10/2026 12:52:16
27316,False,0.2157,0.2384,0.2717,0.3075,0.3427,0.276,0.5403,0.5557,0.5825,0.6077,0.6211,0.5921,2701605,100.0,05/10/2026 12:52:16
27332,False,0.1867,0.2084,0.2381,0.2717,0.3089,0.2214,0.1378,0.1614,0.2011,0.2416,0.2642,0.1985,2701704,100.0,05/10/2026 12:52:18
27359,False,0.1938,0.2208,0.2525,0.2864,0.323,0.257,0.5088,0.5276,0.563,0.5976,0.6137,0.5735,2701803,100.0,05/10/2026 12:52:16
27375,False,0.1758,0.202,0.2314,0.2629,0.296,0.2293,0.3408,0.3662,0.4136,0.4564,0.4772,0.4171,2701902,100.0,05/10/2026 12:52:17
27391,False,0.1617,0.1826,0.2104,0.2392,0.2707,0.228,0.4145,0.4359,0.4791,0.5206,0.5429,0.4886,2702009,100.0,05/10/2026 12:52:18
27413,False,0.2275,0.2536,0.289,0.3261,0.3637,0.2699,0.0025,0.0086,0.0389,0.076,0.0949,0.0325,2702108,100.0,05/10/2026 12:52:18
27430,False,0.1547,0.1724,0.1985,0.2281,0.2555,0.1819,0.0346,0.0669,0.1291,0.1887,0.2217,0.1225,2702207,100.0,05/10/2026 12:52:16
27456,False,0.1896,0.2123,0.2429,0.2767,0.3089,0.2417,0.0014,0.0061,0.0328,0.0687,0.0872,0.0443,2702306,100.0,05/10/2026 12:52:17
27472,False,0.1861,0.21,0.2392,0.2729,0.3091,0.2472,0.5539,0.5677,0.5947,0.6192,0.6323,0.607,2702405,100.0,05/10/2026 12:52:17
27499,False,0.2402,0.2679,0.3036,0.3424,0.3806,0.3125,0.3552,0.3752,0.4121,0.4476,0.4645,0.4151,2702504,100.0,05/10/2026 12:52:16
27510,False,0.1357,0.1539,0.1777,0.2042,0.2342,0.2152,0.4202,0.4426,0.4765,0.5101,0.5246,0.4849,2702603,100.0,05/10/2026 12:52:18
27537,False,0.2174,0.2417,0.275,0.3096,0.3511,0.2681,0.149,0.1768,0.2332,0.2879,0.314,0.2322,2702702,100.0,05/10/2026 12:52:18
27553,False,0.1959,0.2188,0.2503,0.283,0.3185,0.2419,0.0012,0.0044,0.024,0.0589,0.0804,0.0078,2702801,100.0,05/10/2026 12:52:17
27570,False,0.1613,0.1831,0.2108,0.2415,0.2703,0.2476,0.5143,0.5287,0.5549,0.5779,0.59,0.5637,2702900,100.0,05/10/2026 12:52:16
27596,False,0.1978,0.2226,0.2553,0.2888,0.3232,0.2657,0.1513,0.1743,0.214,0.251,0.2721,0.2109,2703007,100.0,05/10/2026 12:52:16
27618,False,0.1961,0.2207,0.2505,0.2849,0.3233,0.2793,0.4779,0.496,0.529,0.5609,0.5764,0.5393,2703106,100.0,05/10/2026 12:52:17
27634,False,0.1707,0.1937,0.2222,0.2543,0.293,0.237,0.3811,0.3971,0.4295,0.458,0.474,0.434,2703205,100.0,05/10/2026 12:52:19
27650,False,0.2195,0.2496,0.2826,0.3181,0.3561,0.2945,0.5961,0.6124,0.6369,0.6606,0.6709,0.6483,2703304,100.0,05/10/2026 12:52:16
27677,False,0.1715,0.1956,0.2237,0.2538,0.2929,0.2241,0.515,0.5357,0.5727,0.6083,0.6253,0.5826,2703403,100.0,05/10/2026 12:52:16
27693,False,0.1785,0.2005,0.2302,0.2625,0.2994,0.1949,0.2967,0.3209,0.3665,0.4093,0.4294,0.3693,2703502,100.0,05/10/2026 12:52:16
27715,False,0.1887,0.2141,0.2447,0.2782,0.3165,0.2161,0.0275,0.05,0.0947,0.1352,0.1611,0.107,2703601,100.0,05/10/2026 12:52:18
27731,False,0.1489,0.1693,0.1938,0.223,0.2553,0.1898,0.4324,0.4503,0.4938,0.5302,0.5481,0.4975,2703700,100.0,05/10/2026 12:52:19
27758,False,0.1986,0.225,0.2571,0.2896,0.3295,0.2435,0.3128,0.3313,0.3631,0.3933,0.4092,0.3662,2703809,100.0,05/10/2026 12:52:18
27774,False,0.2178,0.2478,0.2786,0.3149,0.3505,0.2353,0.1018,0.1319,0.1875,0.2401,0.2723,0.1833,2703908,100.0,05/10/2026 12:52:17
27790,False,0.1779,0.1986,0.2284,0.2609,0.2948,0.2394,0.1215,0.1482,0.194,0.2373,0.2626,0.1903,2704005,100.0,05/10/2026 12:52:16
27812,False,0.1569,0.1796,0.2064,0.2367,0.27,0.2358,0.2943,0.3155,0.3475,0.3803,0.397,0.35,2704104,100.0,05/10/2026 12:52:17
27839,False,0.1602,0.1828,0.2103,0.2404,0.2743,0.2265,0.3751,0.3917,0.4181,0.4457,0.4588,0.4224,2704203,100.0,05/10/2026 12:52:18
27855,False,0.1414,0.162,0.1866,0.2138,0.2454,0.2068,0.0182,0.0441,0.0956,0.1477,0.1735,0.1207,2704302,100.0,05/10/2026 12:52:20
27871,False,0.1877,0.2127,0.2425,0.2765,0.3106,0.2419,0.226,0.2428,0.2747,0.3066,0.3241,0.2754,2704401,100.0,05/10/2026 12:52:17
27898,False,0.1786,0.2059,0.2349,0.2664,0.3005,0.2433,0.124,0.1394,0.1725,0.2061,0.224,0.1892,2704500,100.0,05/10/2026 12:52:19
27910,False,0.2168,0.24,0.2722,0.3047,0.343,0.278,0.4241,0.4484,0.4896,0.5283,0.5475,0.4991,2704609,100.0,05/10/2026 12:52:20
27936,False,0.1589,0.1823,0.2083,0.2385,0.2727,0.2015,0.0194,0.0468,0.0918,0.1351,0.1581,0.1119,2704708,100.0,05/10/2026 12:52:17
27952,False,0.1651,0.1852,0.2129,0.2423,0.2771,0.1957,0.1896,0.2108,0.2537,0.293,0.3145,0.2527,2704807,100.0,05/10/2026 12:52:16
27979,False,0.1539,0.1746,0.2012,0.2307,0.2631,0.1771,0.314,0.3456,0.4021,0.4561,0.4816,0.4089,2704906,100.0,05/10/2026 12:52:16
27995,False,0.2155,0.2418,0.2744,0.3106,0.35,0.2845,0.5813,0.5939,0.6153,0.6359,0.6465,0.6234,2705002,100.0,05/10/2026 12:52:17
28010,False,0.1842,0.2081,0.2376,0.2685,0.3036,0.24,0.0682,0.0872,0.1214,0.1576,0.1756,0.1356,2705101,100.0,05/10/2026 12:52:16
28037,False,0.1707,0.1936,0.2217,0.2497,0.2895,0.2166,0.1017,0.1231,0.1621,0.202,0.2229,0.1582,2705200,100.0,05/10/2026 12:52:18
28053,False,0.1928,0.2193,0.2504,0.2839,0.3223,0.2511,0.2759,0.302,0.3579,0.4088,0.4341,0.3611,2705309,100.0,05/10/2026 12:52:17
28070,False,0.1822,0.2065,0.2355,0.2688,0.305,0.2384,0.4081,0.4344,0.4792,0.5222,0.5422,0.4898,2705408,100.0,05/10/2026 12:52:17
28096,False,0.181,0.2053,0.2348,0.2667,0.2971,0.2157,0.1771,0.1979,0.231,0.2646,0.2834,0.2303,2705507,100.0,05/10/2026 12:52:16
28118,False,0.2138,0.2435,0.2776,0.3121,0.3544,0.243,0.0012,0.0047,0.0252,0.0623,0.0836,0.0256,2705606,100.0,05/10/2026 12:52:16
28134,False,0.1867,0.2101,0.2397,0.2731,0.3052,0.2443,0.1491,0.1699,0.2112,0.2497,0.2714,0.209,2705705,100.0,05/10/2026 12:52:18
28150,False,0.2047,0.2321,0.2641,0.2998,0.3388,0.286,0.6464,0.6621,0.6918,0.7183,0.7314,0.7062,2705804,100.0,05/10/2026 12:52:17
28177,False,0.1922,0.2165,0.2469,0.2822,0.3209,0.2469,0.4336,0.4579,0.5003,0.5385,0.557,0.5061,2705903,100.0,05/10/2026 12:52:16
28193,False,0.1532,0.1776,0.2036,0.2339,0.263,0.2,0.3067,0.3277,0.3701,0.409,0.4284,0.3733,2706000,100.0,05/10/2026 12:52:16
28215,False,0.1803,0.2034,0.233,0.2651,0.2981,0.2496,0.4121,0.435,0.4819,0.5223,0.5427,0.4907,2706109,100.0,05/10/2026 12:52:18
28231,False,0.2395,0.2675,0.3021,0.3395,0.3806,0.2788,0.4807,0.5073,0.5509,0.5913,0.6106,0.563,2706208,100.0,05/10/2026 12:52:18
28258,False,0.1799,0.2065,0.2361,0.2666,0.3036,0.2323,0.1902,0.2126,0.2509,0.287,0.3095,0.2483,2706307,100.0,05/10/2026 12:52:17
28274,False,0.2141,0.2414,0.2754,0.31,0.3466,0.2553,0.4362,0.4537,0.4855,0.5142,0.5311,0.4932,2706406,100.0,05/10/2026 12:52:18
28290,False,0.1753,0.1948,0.2232,0.2545,0.2926,0.1997,0.0509,0.072,0.1113,0.1503,0.1679,0.1055,2706505,100.0,05/10/2026 12:52:17
28312,False,0.1652,0.1879,0.2151,0.246,0.2837,0.193,0.3106,0.3378,0.3878,0.4329,0.46,0.3917,2706604,100.0,05/10/2026 12:52:16
28339,False,0.1862,0.213,0.2438,0.2766,0.3115,0.2513,0.1613,0.1829,0.2246,0.2647,0.2864,0.2215,2706703,100.0,05/10/2026 12:52:17
28355,False,0.1978,0.2212,0.2526,0.2853,0.3247,0.2366,0.23,0.2508,0.2919,0.3294,0.3476,0.2925,2706802,100.0,05/10/2026 12:52:18
28371,False,0.1549,0.1778,0.204,0.2324,0.2664,0.2086,0.0105,0.0299,0.0724,0.1122,0.1306,0.0623,2706901,100.0,05/10/2026 12:52:16
28398,False,0.1693,0.1921,0.2203,0.2522,0.2868,0.1868,0.1599,0.1945,0.255,0.3173,0.345,0.255,2707008,100.0,05/10/2026 12:52:18
28410,False,0.1856,0.2116,0.2413,0.2745,0.3097,0.2614,0.5791,0.5932,0.6204,0.645,0.6567,0.6326,2707107,100.0,05/10/2026 12:52:18
28436,False,0.1739,0.2,0.2279,0.2592,0.2951,0.2371,0.5511,0.5725,0.6089,0.642,0.6559,0.6235,2707206,100.0,05/10/2026 12:52:17
28452,False,0.1912,0.2165,0.2482,0.28,0.318,0.2237,0.0455,0.0649,0.0988,0.1329,0.1525,0.1106,2707305,100.0,05/10/2026 12:52:19
28479,False,0.1883,0.212,0.2425,0.275,0.3125,0.2055,0.0021,0.0081,0.0374,0.0807,0.1064,0.0472,2707404,100.0,05/10/2026 12:52:17
28495,False,0.1642,0.1868,0.2145,0.2442,0.2789,0.2159,0.4339,0.4551,0.4864,0.5155,0.5294,0.4935,2707503,100.0,05/10/2026 12:52:18
28517,False,0.1847,0.2095,0.2385,0.2699,0.3074,0.2273,0.3492,0.3684,0.4035,0.4377,0.4552,0.407,2707602,100.0,05/10/2026 12:52:18
28533,False,0.1385,0.1562,0.1795,0.2068,0.238,0.175,0.0019,0.0065,0.0379,0.0789,0.1028,0.0222,2707701,100.0,05/10/2026 12:52:16
28550,False,0.2029,0.2235,0.2559,0.2896,0.3253,0.2432,0.1286,0.1601,0.2107,0.2604,0.2862,0.2079,2707800,100.0,05/10/2026 12:52:17
28576,False,0.1435,0.1625,0.1882,0.2164,0.2467,0.1877,0.124,0.1543,0.2082,0.2598,0.288,0.2033,2707909,100.0,05/10/2026 12:52:18
28592,False,0.1617,0.1864,0.2134,0.2428,0.2753,0.221,0.3227,0.3442,0.3834,0.4198,0.4398,0.3888,2708006,100.0,05/10/2026 12:52:17
28614,False,0.1742,0.1962,0.2247,0.2566,0.2941,0.2581,0.3923,0.4137,0.454,0.4914,0.5085,0.4608,2708105,100.0,05/10/2026 12:52:19
28630,False,0.198,0.224,0.2534,0.2884,0.3218,0.2256,0.3838,0.4059,0.4468,0.4864,0.5041,0.4514,2708204,100.0,05/10/2026 12:52:17
28657,False,0.198,0.2211,0.2526,0.2856,0.3183,0.2613,0.1363,0.1587,0.2001,0.2389,0.2574,0.1964,2708303,100.0,05/10/2026 12:52:17
28673,False,0.1978,0.2261,0.2567,0.2897,0.3276,0.2826,0.4535,0.4747,0.5116,0.5455,0.5629,0.5223,2708402,100.0,05/10/2026 12:52:16
28690,False,0.2007,0.2234,0.255,0.2895,0.3275,0.2536,0.0009,0.0038,0.0187,0.0448,0.0612,0.0184,2708501,100.0,05/10/2026 12:52:17
28711,False,0.1825,0.2055,0.2341,0.2663,0.3034,0.2308,0.001,0.0036,0.0217,0.0539,0.0735,0.014,2708600,100.0,05/10/2026 12:52:18
28738,False,0.1869,0.2119,0.2421,0.2763,0.3121,0.219,0.0073,0.0245,0.0708,0.1152,0.1382,0.0823,2708709,100.0,05/10/2026 12:52:16
28754,False,0.1653,0.1885,0.2155,0.2465,0.2819,0.2318,0.3513,0.371,0.4055,0.4385,0.4561,0.4113,2708808,100.0,05/10/2026 12:52:17
28770,False,0.1341,0.1511,0.1741,0.2003,0.2259,0.1646,0.0055,0.0183,0.0646,0.1163,0.1391,0.0838,2708907,100.0,05/10/2026 12:52:17
28797,False,0.2018,0.2285,0.2609,0.2944,0.3306,0.2669,0.4505,0.4711,0.5118,0.5487,0.5658,0.5185,2709004,100.0,05/10/2026 12:52:19
28819,False,0.1568,0.1774,0.2032,0.2329,0.2642,0.2291,0.4326,0.4486,0.4774,0.5039,0.5175,0.4833,2709103,100.0,05/10/2026 12:52:19
28835,False,0.1984,0.2226,0.2545,0.2904,0.325,0.2553,0.4828,0.4981,0.5269,0.5532,0.5662,0.5361,2709202,100.0,05/10/2026 12:52:18
28851,False,0.1769,0.1981,0.227,0.258,0.2905,0.2428,0.1833,0.2029,0.2373,0.2705,0.2859,0.2356,2709301,100.0,05/10/2026 12:52:18
28878,False,0.1793,0.201,0.2299,0.2618,0.2985,0.2273,0.201,0.223,0.2623,0.2974,0.3152,0.2612,2709400,100.0,05/10/2026 12:52:18
28894,False,0.1471,0.1639,0.1905,0.2179,0.2492,0.2241,0.4087,0.4274,0.4621,0.4957,0.5122,0.4705,2702355,100.0,05/10/2026 12:52:16
28916,False,0.18,0.2045,0.2346,0.267,0.3034,0.2532,0.5155,0.5338,0.5681,0.5997,0.6162,0.5784,2708956,100.0,05/10/2026 12:52:19
28932,False,0.2144,0.2444,0.276,0.3118,0.354,0.2924,0.1562,0.1796,0.221,0.2621,0.2843,0.2189,2709152,100.0,05/10/2026 12:52:18
2003,False,0.2233,0.2483,0.2825,0.3206,0.3597,0.3,0.3933,0.4131,0.4511,0.4879,0.5068,0.4854,1300144,100.0,05/10/2026 12:52:16
2011,False,0.2436,0.2722,0.3078,0.3445,0.3845,0.3003,0.0018,0.0073,0.039,0.0933,0.122,0.0146,1303205,100.0,05/10/2026 12:52:17
2020,False,0.2087,0.234,0.265,0.2999,0.3392,0.2743,0.1975,0.2237,0.2643,0.3048,0.3282,0.2858,1301654,100.0,05/10/2026 12:52:16
2038,False,0.2136,0.2418,0.2752,0.3112,0.3492,0.2415,0.069,0.0944,0.1466,0.1973,0.2236,0.1389,1300102,100.0,05/10/2026 12:52:16
2046,False,0.2606,0.295,0.3303,0.3699,0.4105,0.2679,0.153,0.1784,0.2234,0.2663,0.2883,0.221,1301159,100.0,05/10/2026 12:52:16
2054,False,0.2312,0.2603,0.2943,0.3308,0.3678,0.2996,0.4125,0.4311,0.4675,0.5025,0.5203,0.474,1300201,100.0,05/10/2026 12:52:16
2070,False,0.2541,0.2866,0.3227,0.3597,0.4012,0.2871,0.1312,0.1541,0.1959,0.2352,0.2553,0.1906,1300300,100.0,05/10/2026 12:52:15
2097,False,0.3377,0.3734,0.4163,0.4575,0.5034,0.4045,0.0651,0.0946,0.1478,0.1966,0.2192,0.1396,1300409,100.0,05/10/2026 12:52:18
2119,False,0.1755,0.1986,0.2262,0.2571,0.2862,0.2144,0.7653,0.7775,0.7977,0.8159,0.8256,0.8157,1300508,100.0,05/10/2026 12:52:15
2135,False,0.1399,0.1587,0.1835,0.2095,0.2459,0.1942,0.5563,0.5731,0.5982,0.6224,0.634,0.609,1300607,100.0,05/10/2026 12:52:16
2151,False,0.1982,0.2226,0.2537,0.2877,0.3251,0.2727,0.1239,0.1409,0.1791,0.2179,0.2388,0.2004,1300706,100.0,05/10/2026 12:52:17
2178,False,0.2008,0.2227,0.2544,0.2906,0.326,0.2516,0.4322,0.4498,0.4826,0.5121,0.5264,0.4896,1300805,100.0,05/10/2026 12:52:18
2194,False,0.2182,0.2451,0.2779,0.3142,0.3517,0.2932,0.0013,0.0058,0.031,0.0748,0.1013,0.0003,1300904,100.0,05/10/2026 12:52:18
2216,False,0.2107,0.2369,0.2703,0.307,0.3458,0.3206,0.338,0.368,0.4131,0.4589,0.4782,0.4224,1301001,100.0,05/10/2026 12:52:16
2232,False,0.253,0.2863,0.3233,0.3611,0.4025,0.2955,0.1514,0.1793,0.2325,0.282,0.3059,0.2285,1301100,100.0,05/10/2026 12:52:15
2259,False,0.2239,0.2528,0.2848,0.3229,0.3638,0.2907,0.1662,0.1857,0.221,0.2542,0.271,0.2187,1301209,100.0,05/10/2026 12:52:15
2275,False,0.209,0.2377,0.2708,0.3064,0.3434,0.2592,0.1297,0.1548,0.1945,0.236,0.2549,0.1914,1301308,100.0,05/10/2026 12:52:18
2291,False,0.2499,0.2805,0.3148,0.3525,0.3975,0.3525,0.1563,0.1869,0.2403,0.2914,0.3162,0.2379,1301407,100.0,05/10/2026 12:52:17
2313,False,0.2145,0.243,0.2766,0.312,0.3493,0.3117,0.1528,0.1988,0.2756,0.3497,0.3859,0.277,1301506,100.0,05/10/2026 12:52:16
2330,False,0.1915,0.216,0.2469,0.28,0.3182,0.2668,0.4491,0.4667,0.4963,0.526,0.5411,0.5046,1301605,100.0,05/10/2026 12:52:16
2356,False,0.1818,0.2063,0.2352,0.2675,0.3051,0.2412,0.0684,0.0902,0.1376,0.1859,0.2094,0.163,1301704,100.0,05/10/2026 12:52:17
2372,False,0.2582,0.2918,0.3275,0.3652,0.4048,0.3326,0.3588,0.3851,0.4246,0.4626,0.4829,0.4314,1303601,100.0,05/10/2026 12:52:19
2399,False,0.2089,0.2342,0.267,0.3018,0.3387,0.3019,0.0803,0.11,0.1562,0.2014,0.2258,0.1513,1301803,100.0,05/10/2026 12:52:18
2410,False,0.2279,0.2583,0.2931,0.3321,0.3718,0.2619,0.1829,0.2085,0.2533,0.2982,0.3206,0.2519,1301902,100.0,05/10/2026 12:52:18
2437,False,0.211,0.2393,0.271,0.3062,0.3485,0.2584,0.0476,0.0722,0.1211,0.1712,0.1954,0.1143,1302009,100.0,05/10/2026 12:52:16
2453,False,0.2699,0.3009,0.337,0.3775,0.4159,0.3492,0.0016,0.0068,0.0339,0.081,0.1112,0.0223,1302108,100.0,05/10/2026 12:52:15
2470,False,0.2206,0.2456,0.278,0.3143,0.3524,0.2948,0.0602,0.0901,0.1463,0.2028,0.2316,0.14,1302207,100.0,05/10/2026 12:52:18
2496,False,0.2455,0.2754,0.3102,0.346,0.3922,0.3442,0.1296,0.1513,0.1896,0.2265,0.2433,0.1866,1302306,100.0,05/10/2026 12:52:15
2518,False,0.1958,0.2198,0.2511,0.2844,0.3209,0.2643,0.1281,0.153,0.1942,0.2342,0.2531,0.1897,1302405,100.0,05/10/2026 12:52:18
2534,False,0.2141,0.2375,0.2705,0.304,0.3406,0.2375,0.0292,0.0497,0.0913,0.1337,0.1507,0.0822,1302504,100.0,05/10/2026 12:52:17
2550,False,0.1465,0.1647,0.1897,0.2172,0.2518,0.1957,0.0451,0.081,0.1474,0.2148,0.2531,0.1877,1302603,100.0,05/10/2026 12:52:16
2577,False,0.1704,0.1955,0.2241,0.2537,0.2898,0.2328,0.1491,0.1715,0.2077,0.2414,0.2614,0.2049,1302702,100.0,05/10/2026 12:52:17
2593,False,0.261,0.2885,0.3255,0.3645,0.4087,0.331,0.2535,0.273,0.3126,0.3494,0.37,0.3138,1302801,100.0,05/10/2026 12:52:18
2615,False,0.2188,0.2468,0.2803,0.3153,0.3556,0.2747,0.6077,0.6217,0.6454,0.6669,0.6791,0.6581,1302900,100.0,05/10/2026 12:52:17
2631,False,0.1902,0.2153,0.2452,0.2802,0.3131,0.2535,0.6195,0.6319,0.6554,0.6776,0.6876,0.6667,1303007,100.0,05/10/2026 12:52:16
2658,False,0.1982,0.2222,0.2543,0.2863,0.3236,0.2402,0.3476,0.3836,0.4394,0.4908,0.5169,0.4508,1303106,100.0,05/10/2026 12:52:17
2674,False,0.2193,0.2479,0.2811,0.3179,0.3575,0.2841,0.3079,0.329,0.3684,0.4033,0.4203,0.3709,1303304,100.0,05/10/2026 12:52:19
2690,False,0.2011,0.2259,0.2582,0.2926,0.3284,0.2523,0.5835,0.6004,0.6282,0.6534,0.6668,0.644,1303403,100.0,05/10/2026 12:52:17
2712,False,0.2199,0.2449,0.2785,0.3144,0.3504,0.291,0.1096,0.1317,0.1736,0.2157,0.2389,0.1695,1303502,100.0,05/10/2026 12:52:18
2739,False,0.1512,0.1717,0.1979,0.2271,0.2563,0.2143,0.3803,0.3998,0.4309,0.4628,0.4804,0.4372,1303700,100.0,05/10/2026 12:52:15
2755,False,0.1317,0.1488,0.1725,0.1975,0.2227,0.1864,0.5861,0.5995,0.6254,0.6502,0.6648,0.6388,1303908,100.0,05/10/2026 12:52:18
2771,False,0.2206,0.2481,0.2814,0.3178,0.358,0.2473,0.5138,0.5322,0.5694,0.6033,0.6212,0.5826,1304005,100.0,05/10/2026 12:52:16
2798,False,0.2361,0.2692,0.3029,0.3404,0.3748,0.2964,0.0017,0.0062,0.0307,0.0733,0.099,0.0425,1304104,100.0,05/10/2026 12:52:18
2810,False,0.1791,0.202,0.2303,0.2626,0.2991,0.2348,0.1729,0.1956,0.2306,0.2671,0.2824,0.228,1304203,100.0,05/10/2026 12:52:15
2836,False,0.2145,0.2422,0.2755,0.3115,0.3522,0.2883,0.5545,0.567,0.5892,0.6107,0.6225,0.5983,1303809,100.0,05/10/2026 12:52:19
2852,False,0.2318,0.2606,0.2958,0.3338,0.3792,0.2876,0.424,0.4419,0.4741,0.5039,0.5203,0.4804,1304302,100.0,05/10/2026 12:52:18
2879,False,0.2305,0.2563,0.2916,0.329,0.3659,0.2708,0.4564,0.4739,0.5061,0.5359,0.5495,0.5136,1304401,100.0,05/10/2026 12:52:15
2895,False,0.1721,0.195,0.2232,0.2535,0.2918,0.2368,0.3439,0.3667,0.4106,0.4494,0.468,0.4168,1300029,100.0,05/10/2026 12:52:17
2917,False,0.1264,0.1442,0.1669,0.1919,0.2215,0.175,0.5021,0.5182,0.5488,0.5793,0.5964,0.5568,1300060,100.0,05/10/2026 12:52:15
2933,False,0.1871,0.2115,0.2429,0.2762,0.3118,0.2817,0.2508,0.2745,0.3203,0.3644,0.3849,0.3238,1300086,100.0,05/10/2026 12:52:16
2950,False,0.2398,0.2661,0.3019,0.3393,0.3806,0.2671,0.2022,0.2221,0.2574,0.2945,0.315,0.2566,1300631,100.0,05/10/2026 12:52:18
2976,False,0.1937,0.2204,0.2515,0.2847,0.3213,0.2511,0.6788,0.6952,0.7193,0.7419,0.7534,0.7353,1300680,100.0,05/10/2026 12:52:15
2992,False,0.2665,0.2944,0.3301,0.3684,0.4107,0.2863,0.2263,0.252,0.3001,0.3439,0.3682,0.2995,1300839,100.0,05/10/2026 12:52:16
98353,False,0.1797,0.2014,0.2308,0.2616,0.2996,0.2028,0.0163,0.0437,0.0939,0.1406,0.1621,0.0808,1301852,100.0,05/10/2026 12:52:17
98370,False,0.1934,0.2186,0.25,0.2838,0.3184,0.2777,0.1914,0.2223,0.2763,0.323,0.3493,0.2747,1301951,100.0,05/10/2026 12:52:17
98396,False,0.2392,0.2673,0.3025,0.3386,0.3786,0.2629,0.273,0.2979,0.3404,0.3813,0.4017,0.3441,1302553,100.0,05/10/2026 12:52:17
98418,False,0.2564,0.2871,0.3227,0.3618,0.4036,0.3147,0.0015,0.0061,0.0347,0.0823,0.1101,0.0028,1303536,100.0,05/10/2026 12:52:16
98434,False,0.2484,0.2774,0.3139,0.3518,0.391,0.2792,0.0033,0.0113,0.0496,0.1032,0.1279,0.0339,1303569,100.0,05/10/2026 12:52:16
98450,False,0.232,0.259,0.2917,0.3291,0.3695,0.2709,0.0064,0.0218,0.0759,0.1322,0.1624,0.0655,1303957,100.0,05/10/2026 12:52:17
98477,False,0.1726,0.1968,0.2248,0.2554,0.2908,0.2403,0.2596,0.281,0.317,0.3511,0.3681,0.3181,1304062,100.0,05/10/2026 12:52:16
98493,False,0.1801,0.2057,0.2353,0.2667,0.2972,0.2329,0.235,0.256,0.2971,0.3385,0.3584,0.2978,1304260,100.0,05/10/2026 12:52:18
98515,False,0.1521,0.173,0.2002,0.2293,0.2611,0.2168,0.5383,0.5541,0.5804,0.6059,0.619,0.5883,1304237,100.0,05/10/2026 12:52:17
6009,False,0.2711,0.3029,0.34,0.3823,0.4187,0.2818,0.0036,0.013,0.0618,0.1297,0.1619,0.0464,1600550,100.0,05/10/2026 12:52:12
6017,False,0.2232,0.2504,0.2845,0.3195,0.3607,0.2696,0.0935,0.1298,0.2007,0.2672,0.3019,0.1948,1600105,100.0,05/10/2026 12:52:12
6025,False,0.2254,0.2501,0.2843,0.3217,0.3624,0.3219,0.0037,0.0131,0.0623,0.1297,0.1649,0.0425,1600535,100.0,05/10/2026 12:52:13
6033,False,0.2505,0.2773,0.3137,0.3507,0.3885,0.3317,0.014,0.0413,0.1151,0.1883,0.2257,0.1021,1600204,100.0,05/10/2026 12:52:13
6041,False,0.2574,0.2883,0.3254,0.3639,0.4046,0.2757,0.0093,0.0298,0.0922,0.1563,0.1877,0.0798,1600253,100.0,05/10/2026 12:52:12
6050,False,0.1642,0.1858,0.2125,0.2433,0.278,0.2571,0.0016,0.0068,0.0396,0.0965,0.1377,0.0428,1600303,100.0,05/10/2026 12:52:12
6068,False,0.2816,0.3152,0.3555,0.3942,0.4363,0.2814,0.0256,0.0573,0.1192,0.1801,0.2135,0.109,1600212,100.0,05/10/2026 12:52:12
6076,False,0.2076,0.2332,0.2646,0.3001,0.3392,0.2373,0.1825,0.2144,0.2696,0.3192,0.3443,0.2681,1600402,100.0,05/10/2026 12:52:12
6084,False,0.3222,0.3509,0.3916,0.4328,0.4747,0.4181,0.0059,0.0282,0.0828,0.1425,0.1717,0.0715,1600154,100.0,05/10/2026 12:52:13
6092,False,0.2935,0.3245,0.3613,0.4037,0.4501,0.4123,0.1527,0.1825,0.2349,0.2844,0.3074,0.2316,1600501,100.0,05/10/2026 12:52:12
6106,False,0.3031,0.3357,0.3744,0.4149,0.4643,0.3924,0.0744,0.121,0.1953,0.272,0.3104,0.2326,1600055,100.0,05/10/2026 12:52:12
6114,False,0.2738,0.3028,0.3426,0.3804,0.4264,0.3192,0.0016,0.0065,0.0356,0.0868,0.1172,0.0178,1600238,100.0,05/10/2026 12:52:13
6122,False,0.2682,0.3029,0.3408,0.3806,0.4266,0.3465,0.2086,0.2366,0.2863,0.3358,0.3596,0.2878,1600808,100.0,05/10/2026 12:52:13
6130,False,0.2746,0.3032,0.3415,0.3831,0.423,0.3798,0.0465,0.0767,0.133,0.1889,0.2166,0.1234,1600279,100.0,05/10/2026 12:52:13
6157,False,0.1609,0.1836,0.2101,0.2387,0.2751,0.2417,0.0045,0.0166,0.0676,0.1361,0.1814,0.1001,1600600,100.0,05/10/2026 12:52:12
6173,False,0.2586,0.2882,0.3236,0.3618,0.4022,0.2995,0.0307,0.0605,0.1174,0.1658,0.196,0.1053,1600709,100.0,05/10/2026 12:52:12
30007,False,0.1616,0.1836,0.2113,0.2413,0.2728,0.2195,0.2161,0.2389,0.2787,0.3234,0.347,0.3123,2919553,100.0,05/10/2026 12:52:34
30058,False,0.1773,0.1985,0.2272,0.258,0.2944,0.2327,0.0017,0.0074,0.0356,0.0844,0.1139,0.0108,2910727,100.0,05/10/2026 12:52:30
30660,False,0.1501,0.1687,0.1947,0.2225,0.2527,0.1949,0.4468,0.4692,0.5078,0.5437,0.5628,0.5171,2917334,100.0,05/10/2026 12:52:34
30678,False,0.193,0.2195,0.251,0.2832,0.3213,0.2457,0.3141,0.3373,0.3831,0.4269,0.4466,0.3885,2917359,100.0,05/10/2026 12:52:33
30694,False,0.1729,0.1974,0.2251,0.2566,0.2904,0.2235,0.3027,0.3278,0.3743,0.4177,0.4402,0.3764,2918555,100.0,05/10/2026 12:52:28
30716,False,0.1451,0.1661,0.1913,0.2192,0.2488,0.1875,0.5451,0.5638,0.5924,0.6186,0.6303,0.6025,2901155,100.0,05/10/2026 12:52:33
30732,False,0.2232,0.2526,0.2855,0.3242,0.3571,0.256,0.3219,0.3477,0.3893,0.4303,0.4544,0.3934,2902252,100.0,05/10/2026 12:52:33
30759,False,0.1385,0.1569,0.1819,0.2081,0.2373,0.1882,0.4507,0.4776,0.5261,0.567,0.5857,0.5388,2903235,100.0,05/10/2026 12:52:32
30775,False,0.137,0.1565,0.1796,0.2062,0.2347,0.1745,0.5288,0.5531,0.5878,0.6205,0.637,0.6033,2903276,100.0,05/10/2026 12:52:31
30791,False,0.1688,0.19,0.2177,0.2491,0.2828,0.2179,0.4442,0.4615,0.4914,0.5196,0.5333,0.4974,2904753,100.0,05/10/2026 12:52:34
30813,False,0.1449,0.1615,0.1864,0.2141,0.2433,0.1851,0.3798,0.4066,0.452,0.4944,0.513,0.4611,2906857,100.0,05/10/2026 12:52:33
30830,False,0.1444,0.1634,0.1874,0.2157,0.2511,0.1902,0.1613,0.1846,0.2262,0.268,0.2887,0.2243,2906873,100.0,05/10/2026 12:52:33
30856,False,0.1467,0.1651,0.1908,0.2175,0.2522,0.1836,0.5932,0.6079,0.6317,0.6542,0.6667,0.6414,2906824,100.0,05/10/2026 12:52:35
30872,False,0.1818,0.2056,0.2345,0.2662,0.3026,0.2314,0.3671,0.3991,0.4502,0.4976,0.5207,0.4633,2910057,100.0,05/10/2026 12:52:27
30899,False,0.1221,0.1399,0.162,0.1875,0.2103,0.1706,0.603,0.6185,0.6452,0.6714,0.6836,0.6592,2910750,100.0,05/10/2026 12:52:34
30910,False,0.1401,0.1592,0.1845,0.2105,0.2386,0.1848,0.4201,0.4385,0.47,0.4999,0.5158,0.478,2910859,100.0,05/10/2026 12:52:26
30937,False,0.1522,0.1736,0.1996,0.2279,0.2606,0.1908,0.2225,0.2605,0.3238,0.3869,0.4171,0.3288,2911253,100.0,05/10/2026 12:52:33
30953,False,0.1863,0.2103,0.2413,0.2743,0.3156,0.2541,0.6052,0.6237,0.661,0.6948,0.7115,0.6797,2911659,100.0,05/10/2026 12:52:33
30970,False,0.158,0.1802,0.208,0.2387,0.2703,0.2165,0.6064,0.6263,0.6587,0.6888,0.705,0.6766,2911857,100.0,05/10/2026 12:52:33
30996,False,0.1442,0.1634,0.1877,0.2156,0.2481,0.1893,0.2121,0.2326,0.2716,0.3088,0.3278,0.2726,2918357,100.0,05/10/2026 12:52:32
33014,False,0.1629,0.1857,0.2119,0.243,0.2788,0.2116,0.2102,0.2409,0.2971,0.3469,0.3753,0.2956,2900108,100.0,05/10/2026 12:52:30
33030,False,0.1372,0.156,0.1803,0.2069,0.2395,0.1722,0.4426,0.4572,0.4831,0.5081,0.5237,0.4886,2900207,100.0,05/10/2026 12:52:30
33057,False,0.1662,0.1892,0.2172,0.2474,0.2808,0.2071,0.4388,0.4609,0.4992,0.5352,0.5519,0.5086,2900306,100.0,05/10/2026 12:52:30
33065,False,0.1234,0.1429,0.1643,0.1894,0.2166,0.1809,0.5019,0.5236,0.5584,0.5905,0.6101,0.5719,2900355,100.0,05/10/2026 12:52:34
33073,False,0.1773,0.2004,0.2305,0.2608,0.2964,0.2188,0.51,0.5301,0.5661,0.6011,0.6191,0.5799,2900405,100.0,05/10/2026 12:52:31
33090,False,0.1781,0.203,0.2329,0.2652,0.3033,0.2418,0.4927,0.517,0.553,0.5889,0.6079,0.5664,2900504,100.0,05/10/2026 12:52:32
33111,False,0.2006,0.2285,0.2594,0.2933,0.3296,0.2472,0.4342,0.457,0.5027,0.5431,0.5646,0.5091,2900603,100.0,05/10/2026 12:52:33
33138,False,0.1609,0.1836,0.2102,0.2407,0.2757,0.2162,0.3184,0.3479,0.3971,0.4402,0.4644,0.4044,2900702,100.0,05/10/2026 12:52:34
33154,False,0.1863,0.2127,0.2417,0.2743,0.3104,0.2333,0.3312,0.35,0.3826,0.4128,0.4288,0.3856,2900801,100.0,05/10/2026 12:52:29
33170,False,0.1775,0.2008,0.2306,0.2625,0.2951,0.2269,0.5493,0.5688,0.6022,0.6324,0.6493,0.6073,2900900,100.0,05/10/2026 12:52:33
33197,False,0.1446,0.1642,0.188,0.2142,0.2509,0.2028,0.2052,0.227,0.2634,0.2987,0.3181,0.263,2901007,100.0,05/10/2026 12:52:28
33219,False,0.1583,0.179,0.2063,0.237,0.269,0.2007,0.5155,0.5379,0.5761,0.6108,0.6292,0.592,2901106,100.0,05/10/2026 12:52:34
33235,False,0.1578,0.1792,0.2054,0.2356,0.2683,0.2033,0.5058,0.5224,0.5539,0.583,0.597,0.5648,2901205,100.0,05/10/2026 12:52:30
33251,False,0.1662,0.1889,0.2167,0.2473,0.2778,0.2233,0.5983,0.6141,0.643,0.6711,0.6836,0.6539,2901304,100.0,05/10/2026 12:52:34
33260,False,0.1255,0.1421,0.166,0.1898,0.2185,0.1704,0.7045,0.7175,0.7402,0.7616,0.7719,0.7554,2901353,100.0,05/10/2026 12:52:31
33278,False,0.1488,0.1679,0.1927,0.2214,0.2521,0.1947,0.3945,0.4127,0.4492,0.4825,0.5029,0.4564,2901403,100.0,05/10/2026 12:52:31
33294,False,0.1483,0.171,0.1968,0.2254,0.2557,0.1859,0.5374,0.5553,0.5874,0.6185,0.6337,0.5997,2901502,100.0,05/10/2026 12:52:33
33316,False,0.16,0.1816,0.2086,0.2371,0.275,0.1961,0.2721,0.2941,0.3367,0.3765,0.3947,0.3391,2901601,100.0,05/10/2026 12:52:27
33332,False,0.1371,0.1568,0.1805,0.2066,0.2375,0.18,0.6447,0.6585,0.6825,0.7053,0.7182,0.6951,2901700,100.0,05/10/2026 12:52:30
33359,False,0.1464,0.1648,0.1894,0.2171,0.2492,0.1916,0.4613,0.4785,0.5142,0.5467,0.5623,0.5225,2901809,100.0,05/10/2026 12:52:33
33375,False,0.1517,0.1717,0.1969,0.2251,0.256,0.2054,0.4086,0.4262,0.4623,0.4971,0.5153,0.4689,2901908,100.0,05/10/2026 12:52:34
33383,False,0.1852,0.209,0.2396,0.2725,0.3085,0.2428,0.6143,0.6337,0.6608,0.6858,0.6998,0.6738,2902054,100.0,05/10/2026 12:52:31
33391,False,0.1305,0.1495,0.1729,0.1991,0.2262,0.1709,0.4642,0.4835,0.5178,0.5501,0.5667,0.527,2902005,100.0,05/10/2026 12:52:33
33405,False,0.17,0.1936,0.2222,0.2535,0.2908,0.2236,0.2716,0.3024,0.3516,0.3978,0.4228,0.3564,2901957,100.0,05/10/2026 12:52:31
33413,False,0.1632,0.1869,0.2132,0.2437,0.2753,0.2183,0.6137,0.6286,0.6526,0.6754,0.689,0.6674,2902104,100.0,05/10/2026 12:52:30
33430,False,0.1789,0.2009,0.2313,0.2635,0.3009,0.2216,0.654,0.6694,0.6941,0.7181,0.7295,0.7081,2902203,100.0,05/10/2026 12:52:33
33456,False,0.165,0.1871,0.2149,0.2454,0.278,0.2173,0.4938,0.5124,0.5492,0.5851,0.6019,0.561,2902302,100.0,05/10/2026 12:52:32
33472,False,0.204,0.2303,0.2615,0.2971,0.3299,0.2574,0.3316,0.3587,0.4036,0.4461,0.4685,0.4106,2902401,100.0,05/10/2026 12:52:32
33499,False,0.159,0.1807,0.207,0.2371,0.2716,0.1944,0.2153,0.2424,0.2874,0.3295,0.3514,0.2874,2902500,100.0,05/10/2026 12:52:32
33510,False,0.1697,0.192,0.2193,0.2503,0.286,0.2221,0.4006,0.419,0.4517,0.4835,0.5019,0.458,2902609,100.0,05/10/2026 12:52:34
33529,False,0.1546,0.1761,0.2002,0.2288,0.2624,0.2036,0.4813,0.5011,0.5357,0.5702,0.5866,0.5456,2902658,100.0,05/10/2026 12:52:34
33537,False,0.1705,0.1931,0.2226,0.2523,0.2886,0.2201,0.5687,0.5827,0.6039,0.6245,0.6364,0.6144,2902708,100.0,05/10/2026 12:52:31
33553,False,0.1033,0.1198,0.139,0.1596,0.1867,0.1363,0.2393,0.2637,0.305,0.3473,0.3688,0.3072,2902807,100.0,05/10/2026 12:52:34
33570,False,0.1476,0.1683,0.1937,0.2215,0.2581,0.2016,0.421,0.4435,0.4803,0.5173,0.5358,0.492,2902906,100.0,05/10/2026 12:52:32
33596,False,0.1387,0.1568,0.1812,0.2074,0.2389,0.188,0.6881,0.7041,0.7317,0.7576,0.7697,0.7503,2903003,100.0,05/10/2026 12:52:30
33618,False,0.2237,0.2511,0.285,0.321,0.3648,0.2747,0.2466,0.2801,0.3388,0.3907,0.4174,0.3396,2903102,100.0,05/10/2026 12:52:32
33634,False,0.1376,0.1552,0.1805,0.2067,0.2412,0.1934,0.0152,0.0409,0.0863,0.131,0.1542,0.0747,2903201,100.0,05/10/2026 12:52:35
33650,False,0.1786,0.2004,0.23,0.262,0.29,0.2214,0.3749,0.4011,0.4502,0.4948,0.5212,0.4573,2903300,100.0,05/10/2026 12:52:31
33677,False,0.1889,0.2116,0.2422,0.2756,0.3097,0.2345,0.319,0.3392,0.3763,0.413,0.4349,0.3808,2903409,100.0,05/10/2026 12:52:28
33693,False,0.1581,0.1805,0.206,0.2332,0.2694,0.2095,0.3994,0.4192,0.4568,0.4935,0.5129,0.4643,2903508,100.0,05/10/2026 12:52:32
33715,False,0.1673,0.1881,0.2153,0.248,0.2828,0.2094,0.6603,0.6758,0.7004,0.7226,0.7339,0.7138,2903607,100.0,05/10/2026 12:52:30
33731,False,0.2165,0.2428,0.276,0.311,0.3533,0.2795,0.5952,0.6159,0.6486,0.6774,0.6935,0.6647,2903706,100.0,05/10/2026 12:52:26
33758,False,0.1696,0.1913,0.219,0.251,0.2807,0.2191,0.3072,0.3263,0.3635,0.3987,0.4154,0.3667,2903805,100.0,05/10/2026 12:52:29
33774,False,0.1433,0.1639,0.1881,0.2163,0.2506,0.1896,0.4719,0.4891,0.5184,0.546,0.5607,0.5283,2903904,100.0,05/10/2026 12:52:33
33782,False,0.1961,0.2194,0.2494,0.2832,0.318,0.2462,0.6402,0.6599,0.6904,0.72,0.7326,0.708,2903953,100.0,05/10/2026 12:52:34
33790,False,0.1601,0.1851,0.212,0.2436,0.2748,0.2201,0.3251,0.3433,0.3777,0.4117,0.4275,0.3808,2904001,100.0,05/10/2026 12:52:30
33804,False,0.1345,0.155,0.1786,0.2057,0.2365,0.1768,0.4811,0.5043,0.5447,0.5815,0.596,0.5579,2904050,100.0,05/10/2026 12:52:34
33812,False,0.1706,0.1939,0.2225,0.2545,0.2841,0.2367,0.725,0.7357,0.7547,0.7715,0.7794,0.7671,2904100,100.0,05/10/2026 12:52:29
33839,False,0.1623,0.1846,0.2124,0.2426,0.2763,0.2216,0.4779,0.5005,0.5388,0.5741,0.5926,0.5508,2904209,100.0,05/10/2026 12:52:33
33855,False,0.1633,0.186,0.2135,0.2438,0.276,0.2085,0.3966,0.416,0.4518,0.4871,0.5056,0.4586,2904308,100.0,05/10/2026 12:52:30
33871,False,0.1964,0.2212,0.2532,0.288,0.321,0.2428,0.2291,0.2493,0.2921,0.3333,0.3556,0.2934,2904407,100.0,05/10/2026 12:52:29
33898,False,0.1327,0.1512,0.1745,0.2,0.2292,0.1804,0.4234,0.4449,0.4876,0.5252,0.5446,0.4957,2904506,100.0,05/10/2026 12:52:32
33910,False,0.1237,0.1416,0.163,0.1871,0.2171,0.1688,0.2771,0.301,0.3388,0.3761,0.3935,0.3432,2904605,100.0,05/10/2026 12:52:34
33936,False,0.1953,0.2193,0.2484,0.2828,0.322,0.2488,0.007,0.0222,0.0671,0.1179,0.1442,0.0857,2904704,100.0,05/10/2026 12:52:32
33952,False,0.1703,0.1927,0.2209,0.2513,0.2857,0.2127,0.1897,0.2168,0.2743,0.3294,0.3609,0.2768,2904803,100.0,05/10/2026 12:52:31
33960,False,0.1659,0.1876,0.2145,0.2454,0.2781,0.214,0.5711,0.5893,0.6179,0.6458,0.6581,0.6314,2904852,100.0,05/10/2026 12:52:32
33979,False,0.1672,0.1911,0.2193,0.249,0.2863,0.2052,0.5933,0.6113,0.6378,0.6626,0.6751,0.6523,2904902,100.0,05/10/2026 12:52:35
33995,False,0.1213,0.1411,0.1627,0.1872,0.2157,0.1675,0.2702,0.2975,0.3412,0.3831,0.4032,0.3452,2905008,100.0,05/10/2026 12:52:34
34010,False,0.1545,0.1772,0.2037,0.2341,0.2665,0.2103,0.5878,0.6017,0.6301,0.6593,0.6733,0.6421,2905107,100.0,05/10/2026 12:52:29
34029,False,0.1759,0.2006,0.2289,0.2598,0.2942,0.2357,0.6955,0.7051,0.7266,0.7454,0.7564,0.7385,2905156,100.0,05/10/2026 12:52:32
34037,False,0.1283,0.1447,0.1679,0.1932,0.2241,0.1792,0.4396,0.4656,0.503,0.5389,0.5612,0.5161,2905206,100.0,05/10/2026 12:52:32
34053,False,0.1394,0.1581,0.1822,0.208,0.2396,0.1838,0.3332,0.3557,0.3944,0.4307,0.4504,0.3992,2905305,100.0,05/10/2026 12:52:33
34070,False,0.204,0.2304,0.2623,0.2959,0.3367,0.2244,0.2008,0.2283,0.2788,0.3268,0.3532,0.279,2905404,100.0,05/10/2026 12:52:34
34096,False,0.1624,0.1848,0.2119,0.2424,0.2749,0.2191,0.3444,0.3644,0.404,0.4405,0.4587,0.4093,2905503,100.0,05/10/2026 12:52:33
34118,False,0.1741,0.194,0.2229,0.2543,0.2921,0.2199,0.0818,0.1091,0.1549,0.199,0.224,0.1483,2905602,100.0,05/10/2026 12:52:27
34134,False,0.158,0.1787,0.2065,0.2352,0.2729,0.2151,0.2475,0.2795,0.334,0.3861,0.4096,0.3374,2905701,100.0,05/10/2026 12:52:34
34150,False,0.198,0.2229,0.2531,0.2872,0.324,0.2517,0.1847,0.2158,0.2643,0.3111,0.3332,0.2628,2905800,100.0,05/10/2026 12:52:30
34177,False,0.143,0.1616,0.187,0.2137,0.2485,0.193,0.5761,0.5881,0.6108,0.6315,0.6411,0.6201,2905909,100.0,05/10/2026 12:52:30
34193,False,0.1443,0.1655,0.1913,0.2199,0.2498,0.1808,0.3071,0.3259,0.3612,0.3937,0.4103,0.3646,2906006,100.0,05/10/2026 12:52:31
34215,False,0.1387,0.1563,0.1813,0.2079,0.2371,0.1852,0.4687,0.4897,0.5236,0.558,0.5718,0.5337,2906105,100.0,05/10/2026 12:52:29
34231,False,0.1372,0.1558,0.1805,0.2077,0.2412,0.1856,0.4592,0.479,0.5112,0.5405,0.5576,0.5196,2906204,100.0,05/10/2026 12:52:32
34258,False,0.2108,0.2384,0.2701,0.3049,0.344,0.2762,0.1899,0.2154,0.258,0.3005,0.3215,0.257,2906303,100.0,05/10/2026 12:52:30
34274,False,0.1359,0.1546,0.1789,0.2061,0.238,0.1655,0.483,0.5019,0.5353,0.5648,0.5824,0.5414,2906402,100.0,05/10/2026 12:52:35
34290,False,0.1705,0.1946,0.2225,0.2544,0.2853,0.2236,0.5692,0.5889,0.6238,0.6546,0.6714,0.6425,2906501,100.0,05/10/2026 12:52:31
34312,False,0.1358,0.1573,0.182,0.2088,0.2389,0.1956,0.3871,0.4094,0.449,0.4857,0.504,0.4561,2906600,100.0,05/10/2026 12:52:28
34339,False,0.1716,0.1956,0.2243,0.2549,0.2898,0.2267,0.3802,0.3976,0.4291,0.4576,0.4733,0.4336,2906709,100.0,05/10/2026 12:52:31
34355,False,0.1334,0.1517,0.174,0.2003,0.2274,0.1808,0.6091,0.6228,0.6443,0.6645,0.6748,0.6555,2906808,100.0,05/10/2026 12:52:33
34363,False,0.1697,0.19,0.2172,0.2487,0.2838,0.2178,0.389,0.4152,0.4561,0.4973,0.5146,0.4642,2906899,100.0,05/10/2026 12:52:30
34371,False,0.197,0.2245,0.2558,0.2912,0.3276,0.2506,0.2756,0.2974,0.3343,0.3712,0.3883,0.3368,2906907,100.0,05/10/2026 12:52:32
34398,False,0.1962,0.2251,0.2571,0.2926,0.329,0.2558,0.6741,0.6878,0.7134,0.7352,0.7461,0.7243,2907004,100.0,05/10/2026 12:52:34
34410,False,0.139,0.1574,0.1827,0.2092,0.2381,0.1864,0.1885,0.2077,0.243,0.2773,0.2966,0.2424,2907103,100.0,05/10/2026 12:52:30
34436,False,0.1399,0.1611,0.1849,0.2131,0.2452,0.184,0.4588,0.4754,0.5032,0.5277,0.5394,0.511,2907202,100.0,05/10/2026 12:52:34
34452,False,0.1364,0.1553,0.1789,0.2072,0.2378,0.1708,0.4764,0.5013,0.5359,0.571,0.5879,0.5491,2907301,100.0,05/10/2026 12:52:34
34479,False,0.1508,0.1749,0.2016,0.2296,0.2627,0.2062,0.3307,0.3582,0.4154,0.4691,0.4964,0.4234,2907400,100.0,05/10/2026 12:52:30
34495,False,0.1425,0.163,0.1868,0.2151,0.2462,0.193,0.543,0.5637,0.596,0.6269,0.6439,0.6112,2907509,100.0,05/10/2026 12:52:34
34509,False,0.1527,0.1733,0.2008,0.2286,0.2584,0.2063,0.5786,0.5982,0.6325,0.6635,0.6784,0.6464,2907558,100.0,05/10/2026 12:52:33
34517,False,0.1358,0.1547,0.1789,0.205,0.2332,0.1812,0.5142,0.533,0.5628,0.5903,0.6041,0.5726,2907608,100.0,05/10/2026 12:52:28
34533,False,0.1649,0.188,0.216,0.2458,0.2801,0.193,0.6522,0.6661,0.6892,0.7112,0.7219,0.6987,2907707,100.0,05/10/2026 12:52:35
34550,False,0.1531,0.1735,0.2002,0.2285,0.2585,0.2077,0.3571,0.3782,0.4126,0.4475,0.4658,0.419,2907806,100.0,05/10/2026 12:52:32
34576,False,0.1752,0.2001,0.2292,0.2617,0.2965,0.2223,0.2843,0.3046,0.3414,0.3761,0.3954,0.3441,2907905,100.0,05/10/2026 12:52:33
34592,False,0.1692,0.1935,0.2215,0.252,0.2923,0.2237,0.221,0.24,0.2814,0.3237,0.3451,0.2815,2908002,100.0,05/10/2026 12:52:31
34614,False,0.1735,0.1968,0.2269,0.2586,0.2937,0.2308,0.2101,0.2277,0.2632,0.2967,0.3144,0.263,2908101,100.0,05/10/2026 12:52:34
34630,False,0.1416,0.1619,0.1878,0.215,0.2491,0.1846,0.4463,0.4712,0.5123,0.5527,0.5721,0.5264,2908200,100.0,05/10/2026 12:52:26
34657,False,0.1206,0.1385,0.1594,0.1855,0.2126,0.1581,0.5398,0.5554,0.5815,0.6067,0.6195,0.5915,2908309,100.0,05/10/2026 12:52:28
34673,False,0.1199,0.137,0.1589,0.1836,0.2136,0.1566,0.1754,0.1939,0.2285,0.2615,0.2802,0.2263,2908408,100.0,05/10/2026 12:52:30
34690,False,0.1655,0.1895,0.2168,0.2479,0.2835,0.2225,0.2774,0.3106,0.3653,0.4187,0.4435,0.3724,2908507,100.0,05/10/2026 12:52:34
34711,False,0.1826,0.204,0.2346,0.2664,0.3009,0.232,0.4956,0.5119,0.5417,0.5684,0.5822,0.5506,2908606,100.0,05/10/2026 12:52:28
34738,False,0.1838,0.2073,0.2372,0.268,0.3051,0.2525,0.3232,0.3483,0.3912,0.4351,0.4533,0.3973,2908705,100.0,05/10/2026 12:52:27
34754,False,0.1573,0.1774,0.204,0.2326,0.2706,0.19,0.3566,0.3849,0.4335,0.4799,0.5019,0.4405,2908804,100.0,05/10/2026 12:52:26
34770,False,0.1463,0.1673,0.1931,0.2201,0.2516,0.1907,0.5222,0.5403,0.5736,0.6049,0.6214,0.5878,2908903,100.0,05/10/2026 12:52:30
34797,False,0.1831,0.2086,0.2381,0.2693,0.3059,0.2489,0.0968,0.1321,0.1916,0.2474,0.278,0.1881,2909000,100.0,05/10/2026 12:52:33
34819,False,0.2168,0.244,0.2762,0.3106,0.353,0.263,0.3272,0.348,0.385,0.4214,0.4389,0.3892,2909109,100.0,05/10/2026 12:52:34
34835,False,0.1569,0.1762,0.203,0.2317,0.2629,0.1968,0.3796,0.3983,0.4319,0.4664,0.4827,0.4393,2909208,100.0,05/10/2026 12:52:27
34851,False,0.1624,0.1873,0.2148,0.2431,0.277,0.2181,0.2579,0.2862,0.3349,0.3802,0.4067,0.3397,2909307,100.0,05/10/2026 12:52:32
34878,False,0.173,0.1942,0.2216,0.2526,0.2864,0.2178,0.4162,0.4382,0.4736,0.5051,0.5187,0.4804,2909406,100.0,05/10/2026 12:52:32
34894,False,0.1734,0.1965,0.2253,0.2547,0.2928,0.2216,0.5507,0.572,0.6108,0.6438,0.6595,0.6192,2909505,100.0,05/10/2026 12:52:32
34916,False,0.1619,0.1818,0.2099,0.2392,0.2702,0.2221,0.5845,0.5972,0.6214,0.6444,0.6574,0.6327,2909604,100.0,05/10/2026 12:52:27
34932,False,0.1592,0.1785,0.2054,0.2342,0.2699,0.2025,0.2902,0.3098,0.348,0.3828,0.4032,0.3504,2909703,100.0,05/10/2026 12:52:26
34959,False,0.119,0.1365,0.1584,0.183,0.2115,0.1673,0.2871,0.3068,0.3449,0.3814,0.3994,0.3483,2909802,100.0,05/10/2026 12:52:28
34975,False,0.1303,0.1449,0.1672,0.1928,0.2238,0.166,0.4881,0.5045,0.5365,0.565,0.5797,0.5468,2909901,100.0,05/10/2026 12:52:31
34991,False,0.1917,0.2159,0.2456,0.279,0.3168,0.2397,0.4723,0.4912,0.5249,0.5575,0.5757,0.5347,2910008,100.0,05/10/2026 12:52:28
35017,False,0.0994,0.1121,0.1296,0.1498,0.1747,0.145,0.5432,0.5638,0.5939,0.6233,0.6366,0.6051,2910107,100.0,05/10/2026 12:52:28
35033,False,0.1522,0.173,0.1993,0.228,0.2598,0.1898,0.161,0.1939,0.2605,0.3204,0.3527,0.2584,2910206,100.0,05/10/2026 12:52:34
35050,False,0.163,0.1864,0.2125,0.2436,0.2779,0.1988,0.3089,0.3334,0.3746,0.4165,0.4386,0.3782,2910305,100.0,05/10/2026 12:52:34
35076,False,0.1763,0.2007,0.2299,0.2633,0.2963,0.2393,0.4068,0.4249,0.4554,0.485,0.5002,0.4611,2910404,100.0,05/10/2026 12:52:27
35092,False,0.1905,0.2161,0.2454,0.2798,0.316,0.2454,0.4714,0.4919,0.527,0.5587,0.5733,0.5384,2910503,100.0,05/10/2026 12:52:34
35114,False,0.1691,0.1892,0.2182,0.2488,0.2844,0.2152,0.4638,0.4827,0.5096,0.5392,0.5533,0.5196,2910602,100.0,05/10/2026 12:52:34
35130,False,0.1419,0.1626,0.1882,0.2157,0.2473,0.1915,0.5437,0.559,0.5851,0.611,0.6237,0.5977,2910701,100.0,05/10/2026 12:52:34
35149,False,0.1582,0.1813,0.2096,0.2394,0.2751,0.209,0.1605,0.1869,0.239,0.2902,0.3196,0.2363,2910776,100.0,05/10/2026 12:52:33
35157,False,0.131,0.1481,0.1719,0.1974,0.2285,0.1786,0.1513,0.179,0.2331,0.2863,0.311,0.2296,2910800,100.0,05/10/2026 12:52:34
35173,False,0.2262,0.2557,0.2897,0.3279,0.3679,0.2822,0.2068,0.2334,0.2873,0.3378,0.3654,0.2859,2910909,100.0,05/10/2026 12:52:33
35190,False,0.1732,0.1971,0.2262,0.2564,0.292,0.2261,0.3908,0.417,0.4594,0.5014,0.5237,0.4677,2911006,100.0,05/10/2026 12:52:33
35211,False,0.1561,0.1761,0.2025,0.2311,0.2667,0.2013,0.1532,0.1758,0.2137,0.2514,0.2701,0.212,2911105,100.0,05/10/2026 12:52:33
35238,False,0.1581,0.1787,0.2053,0.234,0.2692,0.2037,0.1182,0.1436,0.1859,0.2278,0.2493,0.1815,2911204,100.0,05/10/2026 12:52:35
35254,False,0.1284,0.1456,0.1698,0.1957,0.2246,0.1696,0.5394,0.5578,0.5865,0.6142,0.6281,0.5954,2911303,100.0,05/10/2026 12:52:32
35270,False,0.1554,0.1736,0.2002,0.2287,0.267,0.2082,0.7125,0.7229,0.7425,0.7603,0.77,0.7538,2911402,100.0,05/10/2026 12:52:31
35297,False,0.2518,0.2801,0.3157,0.3528,0.3977,0.314,0.4656,0.4869,0.5322,0.5729,0.5936,0.5434,2911501,100.0,05/10/2026 12:52:33
35319,False,0.1661,0.1882,0.2159,0.2448,0.2781,0.2245,0.4497,0.4751,0.5165,0.5529,0.5723,0.5301,2911600,100.0,05/10/2026 12:52:35
35335,False,0.1345,0.1527,0.1767,0.2027,0.2352,0.1855,0.1742,0.1977,0.2408,0.2818,0.3044,0.2382,2911709,100.0,05/10/2026 12:52:35
35351,False,0.1983,0.2249,0.2553,0.2906,0.3241,0.2507,0.2473,0.2713,0.3089,0.3448,0.3622,0.3095,2911808,100.0,05/10/2026 12:52:27
35378,False,0.1791,0.2026,0.2319,0.2643,0.305,0.2358,0.4952,0.51,0.5372,0.5628,0.5751,0.5454,2911907,100.0,05/10/2026 12:52:29
35394,False,0.1204,0.1388,0.1613,0.1847,0.2121,0.1708,0.2683,0.2948,0.3438,0.3875,0.4145,0.345,2912004,100.0,05/10/2026 12:52:34
35416,False,0.1639,0.1876,0.2155,0.2463,0.2758,0.2178,0.1985,0.222,0.2646,0.3069,0.3258,0.2634,2912103,100.0,05/10/2026 12:52:34
35432,False,0.1283,0.1456,0.1684,0.194,0.2269,0.1713,0.1788,0.2069,0.2503,0.2959,0.3203,0.2499,2912202,100.0,05/10/2026 12:52:35
35459,False,0.1792,0.2019,0.2299,0.2629,0.2938,0.2309,0.2519,0.2766,0.3223,0.3689,0.3909,0.3243,2912301,100.0,05/10/2026 12:52:31
35475,False,0.1238,0.1437,0.1655,0.1903,0.2176,0.1684,0.557,0.5773,0.608,0.6364,0.6519,0.6207,2912400,100.0,05/10/2026 12:52:29
35491,False,0.1853,0.2103,0.2401,0.2721,0.3071,0.2355,0.4514,0.4697,0.4974,0.5244,0.5396,0.5044,2928406,100.0,05/10/2026 12:52:30
35513,False,0.1778,0.1976,0.2276,0.2592,0.2943,0.2246,0.2809,0.3044,0.3531,0.3986,0.4191,0.3563,2912509,100.0,05/10/2026 12:52:35
35530,False,0.2169,0.2452,0.278,0.3147,0.3536,0.2463,0.5432,0.5668,0.6039,0.6407,0.6579,0.6139,2912608,100.0,05/10/2026 12:52:33
35556,False,0.1898,0.215,0.2456,0.2776,0.3152,0.245,0.3524,0.3719,0.4107,0.446,0.465,0.4171,2912707,100.0,05/10/2026 12:52:32
35572,False,0.1424,0.1637,0.189,0.2167,0.2491,0.1911,0.0018,0.0081,0.0389,0.081,0.1044,0.0308,2912806,100.0,05/10/2026 12:52:32
35599,False,0.2041,0.2273,0.2584,0.293,0.3303,0.26,0.1981,0.2246,0.2697,0.3133,0.3377,0.2715,2912905,100.0,05/10/2026 12:52:31
35610,False,0.1679,0.1907,0.219,0.2501,0.2855,0.2215,0.4231,0.4473,0.4866,0.5258,0.5471,0.4982,2913002,100.0,05/10/2026 12:52:32
35637,False,0.1183,0.1351,0.155,0.1804,0.2089,0.1545,0.4887,0.5088,0.5398,0.5679,0.5828,0.5488,2913101,100.0,05/10/2026 12:52:35
35653,False,0.1612,0.18,0.2066,0.2374,0.2717,0.2027,0.263,0.2811,0.3147,0.3465,0.361,0.3156,2913200,100.0,05/10/2026 12:52:35
35670,False,0.1189,0.1373,0.1584,0.1833,0.2088,0.153,0.4716,0.5003,0.5476,0.5925,0.6124,0.5617,2913309,100.0,05/10/2026 12:52:33
35696,False,0.1475,0.1682,0.1935,0.2226,0.2543,0.2015,0.5633,0.5834,0.6144,0.6424,0.6571,0.6271,2913408,100.0,05/10/2026 12:52:34
35700,False,0.1636,0.1884,0.2147,0.2467,0.2812,0.2112,0.3814,0.4078,0.4526,0.4959,0.5158,0.4612,2913457,100.0,05/10/2026 12:52:32
35718,False,0.2049,0.2312,0.2623,0.2969,0.3325,0.27,0.1835,0.2061,0.2485,0.2873,0.3073,0.2469,2913507,100.0,05/10/2026 12:52:31
35734,False,0.1587,0.1812,0.2078,0.2371,0.2732,0.2126,0.1393,0.1684,0.223,0.2732,0.3039,0.2181,2913606,100.0,05/10/2026 12:52:29
35750,False,0.1567,0.177,0.2037,0.2325,0.2667,0.215,0.4616,0.4789,0.5094,0.5394,0.5543,0.5185,2913705,100.0,05/10/2026 12:52:32
35777,False,0.1669,0.1889,0.2178,0.2483,0.2826,0.2095,0.5179,0.5339,0.5633,0.5906,0.6037,0.5732,2913804,100.0,05/10/2026 12:52:27
35793,False,0.1805,0.2042,0.2334,0.2645,0.2986,0.2386,0.2092,0.2317,0.2779,0.3204,0.3461,0.2767,2913903,100.0,05/10/2026 12:52:33
35815,False,0.1763,0.1984,0.2281,0.2601,0.2953,0.234,0.4409,0.4612,0.4936,0.5247,0.54,0.5038,2914000,100.0,05/10/2026 12:52:30
35831,False,0.1239,0.1419,0.1644,0.1886,0.2212,0.1692,0.261,0.2844,0.3327,0.377,0.3986,0.3354,2914109,100.0,05/10/2026 12:52:33
35858,False,0.1818,0.209,0.2387,0.271,0.3083,0.237,0.4462,0.4692,0.5125,0.552,0.5726,0.5211,2914208,100.0,05/10/2026 12:52:31
35874,False,0.152,0.1708,0.1972,0.2264,0.2634,0.1932,0.5127,0.5282,0.5615,0.5897,0.6073,0.569,2914307,100.0,05/10/2026 12:52:33
35890,False,0.1234,0.1423,0.1649,0.19,0.2191,0.1764,0.6612,0.6754,0.7007,0.7234,0.7348,0.7162,2914406,100.0,05/10/2026 12:52:32
35912,False,0.157,0.1813,0.2077,0.2363,0.2692,0.206,0.4873,0.5112,0.5501,0.5828,0.6015,0.5635,2914505,100.0,05/10/2026 12:52:28
35939,False,0.1258,0.1445,0.1672,0.1927,0.2189,0.1713,0.2658,0.2913,0.3342,0.3724,0.3957,0.3364,2914604,100.0,05/10/2026 12:52:31
35947,False,0.2023,0.2264,0.2566,0.2941,0.3333,0.2599,0.0034,0.0121,0.0513,0.0964,0.1254,0.0377,2914653,100.0,05/10/2026 12:52:33
35955,False,0.1374,0.1557,0.1792,0.205,0.24,0.179,0.3651,0.3883,0.4302,0.4688,0.4889,0.439,2914703,100.0,05/10/2026 12:52:32
35971,False,0.1459,0.1656,0.1912,0.2195,0.2528,0.1943,0.0152,0.0375,0.0908,0.1434,0.1728,0.0799,2914802,100.0,05/10/2026 12:52:31
35998,False,0.1974,0.2228,0.255,0.2869,0.3225,0.2562,0.3764,0.3954,0.4269,0.4583,0.4711,0.4327,2914901,100.0,05/10/2026 12:52:33
36013,False,0.1914,0.2148,0.2446,0.2788,0.3119,0.249,0.3335,0.3495,0.3821,0.4128,0.4291,0.3843,2915007,100.0,05/10/2026 12:52:31
36030,False,0.1921,0.2167,0.2471,0.2823,0.3225,0.2517,0.3318,0.3491,0.3879,0.4223,0.443,0.3903,2915106,100.0,05/10/2026 12:52:28
36056,False,0.1787,0.2033,0.2339,0.2654,0.3031,0.2354,0.2055,0.2365,0.2834,0.331,0.3534,0.2845,2915205,100.0,05/10/2026 12:52:31
36072,False,0.2343,0.2609,0.2956,0.3322,0.3742,0.276,0.2048,0.2388,0.2973,0.3508,0.3773,0.298,2915304,100.0,05/10/2026 12:52:31
36080,False,0.1538,0.1729,0.1986,0.2271,0.2607,0.1912,0.7052,0.7152,0.7331,0.7507,0.7589,0.7417,2915353,100.0,05/10/2026 12:52:30
36099,False,0.2197,0.248,0.2809,0.3182,0.3544,0.2552,0.2239,0.2499,0.2936,0.3355,0.3559,0.2944,2915403,100.0,05/10/2026 12:52:34
36110,False,0.1642,0.1858,0.2134,0.2441,0.279,0.2125,0.2991,0.3222,0.3638,0.4043,0.4262,0.3679,2915502,100.0,05/10/2026 12:52:35
36137,False,0.186,0.2097,0.239,0.2715,0.306,0.2358,0.0116,0.028,0.06,0.0908,0.1066,0.0708,2915601,100.0,05/10/2026 12:52:30
36153,False,0.1935,0.2197,0.2502,0.2833,0.3214,0.2382,0.2468,0.2697,0.3205,0.3673,0.3957,0.3231,2915700,100.0,05/10/2026 12:52:31
36170,False,0.1731,0.1946,0.2229,0.2544,0.2884,0.2181,0.3329,0.3532,0.3922,0.4272,0.4476,0.3964,2915809,100.0,05/10/2026 12:52:29
36196,False,0.231,0.2602,0.2948,0.3311,0.3727,0.2733,0.518,0.5392,0.5751,0.6079,0.6255,0.5862,2915908,100.0,05/10/2026 12:52:31
36218,False,0.2107,0.2357,0.2668,0.3008,0.3411,0.2758,0.1401,0.1666,0.2123,0.2555,0.2777,0.208,2916005,100.0,05/10/2026 12:52:32
36234,False,0.1695,0.1917,0.2202,0.2518,0.2887,0.2194,0.5718,0.5895,0.6166,0.6429,0.6581,0.6296,2916104,100.0,05/10/2026 12:52:32
36250,False,0.1769,0.1994,0.2286,0.26,0.2928,0.2304,0.1609,0.183,0.2292,0.2765,0.3016,0.2277,2916203,100.0,05/10/2026 12:52:33
36277,False,0.253,0.2849,0.3212,0.361,0.4039,0.3079,0.4342,0.4541,0.4894,0.5208,0.5395,0.4955,2916302,100.0,05/10/2026 12:52:33
36293,False,0.1588,0.1802,0.2048,0.2355,0.2654,0.2064,0.0514,0.0734,0.1171,0.1559,0.1763,0.1068,2916401,100.0,05/10/2026 12:52:26
36315,False,0.1348,0.1542,0.1791,0.2039,0.2351,0.1886,0.557,0.5744,0.6032,0.6286,0.6421,0.616,2916500,100.0,05/10/2026 12:52:31
36331,False,0.1667,0.1871,0.2151,0.2448,0.2826,0.2144,0.362,0.3896,0.4345,0.4784,0.4995,0.4416,2916609,100.0,05/10/2026 12:52:33
36358,False,0.1871,0.2095,0.2401,0.2724,0.3109,0.2496,0.3463,0.3656,0.4064,0.4467,0.4686,0.4111,2916708,100.0,05/10/2026 12:52:26
36374,False,0.1839,0.2073,0.2364,0.2694,0.3074,0.2279,0.1136,0.1344,0.1729,0.2125,0.2319,0.1688,2916807,100.0,05/10/2026 12:52:32
36382,False,0.1414,0.1618,0.1864,0.2132,0.2493,0.1798,0.2994,0.3231,0.3641,0.4051,0.4256,0.3693,2916856,100.0,05/10/2026 12:52:33
36390,False,0.1635,0.1834,0.2107,0.2413,0.2722,0.2158,0.3987,0.4178,0.4531,0.488,0.5037,0.4591,2916906,100.0,05/10/2026 12:52:33
36412,False,0.1474,0.1681,0.1933,0.2216,0.2534,0.1934,0.4031,0.4193,0.4485,0.4755,0.489,0.4541,2917003,100.0,05/10/2026 12:52:30
36439,False,0.1845,0.2046,0.236,0.2675,0.3068,0.2361,0.2017,0.2274,0.2711,0.3136,0.3344,0.2705,2917102,100.0,05/10/2026 12:52:33
36455,False,0.136,0.1563,0.1802,0.2062,0.2385,0.1896,0.2304,0.2536,0.2959,0.3377,0.3582,0.2966,2917201,100.0,05/10/2026 12:52:33
36471,False,0.1778,0.202,0.2312,0.265,0.2963,0.2285,0.1611,0.1837,0.2307,0.2721,0.2967,0.2265,2917300,100.0,05/10/2026 12:52:32
36498,False,0.1579,0.1806,0.2066,0.2367,0.2681,0.2135,0.4902,0.5152,0.5524,0.5853,0.6031,0.5633,2917409,100.0,05/10/2026 12:52:34
36510,False,0.1564,0.1767,0.2019,0.2332,0.263,0.2059,0.3557,0.3821,0.4223,0.4611,0.4783,0.4301,2917508,100.0,05/10/2026 12:52:34
36536,False,0.1686,0.1907,0.2184,0.2489,0.2809,0.2324,0.2477,0.27,0.3081,0.3458,0.366,0.3094,2917607,100.0,05/10/2026 12:52:29
36552,False,0.127,0.1439,0.1665,0.1911,0.2217,0.1719,0.4559,0.4748,0.5088,0.5402,0.5587,0.5186,2917706,100.0,05/10/2026 12:52:27
36579,False,0.1641,0.1853,0.2141,0.2433,0.2791,0.2086,0.5143,0.5334,0.566,0.5949,0.61,0.5775,2917805,100.0,05/10/2026 12:52:32
36595,False,0.1864,0.2122,0.243,0.2762,0.31,0.2225,0.5931,0.6092,0.6381,0.6653,0.6787,0.6491,2917904,100.0,05/10/2026 12:52:35
36617,False,0.1414,0.1623,0.1867,0.2144,0.2478,0.1892,0.1829,0.2079,0.2595,0.3084,0.3295,0.2583,2918001,100.0,05/10/2026 12:52:32
36633,False,0.1326,0.1504,0.1744,0.2012,0.2303,0.1802,0.5377,0.5499,0.5715,0.5921,0.6022,0.5801,2918100,100.0,05/10/2026 12:52:31
36650,False,0.1522,0.1715,0.1965,0.227,0.2599,0.1974,0.3838,0.4097,0.4588,0.5055,0.5281,0.4717,2918209,100.0,05/10/2026 12:52:30
36676,False,0.1795,0.2029,0.2327,0.2648,0.301,0.2285,0.4289,0.4484,0.483,0.5145,0.5309,0.4901,2918308,100.0,05/10/2026 12:52:35
36692,False,0.1327,0.1512,0.1747,0.2005,0.2311,0.1799,0.2704,0.2906,0.3269,0.3616,0.3785,0.329,2918407,100.0,05/10/2026 12:52:30
36706,False,0.1991,0.2246,0.255,0.2896,0.3262,0.2415,0.242,0.2687,0.3123,0.3534,0.3755,0.3141,2918456,100.0,05/10/2026 12:52:30
36714,False,0.1397,0.1596,0.1839,0.2105,0.241,0.1887,0.6829,0.6952,0.7151,0.7346,0.7446,0.7263,2918506,100.0,05/10/2026 12:52:26
36730,False,0.1297,0.1456,0.1694,0.1943,0.2247,0.1714,0.3818,0.4012,0.444,0.4844,0.5045,0.4509,2918605,100.0,05/10/2026 12:52:33
36757,False,0.1655,0.1883,0.2171,0.247,0.2811,0.1962,0.3955,0.4192,0.4703,0.518,0.541,0.4783,2918704,100.0,05/10/2026 12:52:34
36765,False,0.1095,0.1257,0.1464,0.1695,0.194,0.16,0.5291,0.5511,0.5845,0.6148,0.6314,0.5961,2918753,100.0,05/10/2026 12:52:31
36773,False,0.1544,0.1761,0.2022,0.2322,0.2658,0.2092,0.3542,0.3682,0.4014,0.431,0.4482,0.4052,2918803,100.0,05/10/2026 12:52:30
36790,False,0.2157,0.2407,0.275,0.312,0.3549,0.2567,0.0527,0.08,0.1386,0.1912,0.2221,0.1315,2918902,100.0,05/10/2026 12:52:32
36811,False,0.1816,0.2059,0.2354,0.2681,0.3025,0.2243,0.5134,0.533,0.5767,0.6162,0.6342,0.5847,2919009,100.0,05/10/2026 12:52:28
36820,False,0.1531,0.1761,0.2028,0.2305,0.2599,0.208,0.4987,0.5236,0.5678,0.6096,0.6284,0.5842,2919058,100.0,05/10/2026 12:52:32
36838,False,0.1954,0.2206,0.2518,0.2837,0.3248,0.2383,0.7108,0.7226,0.745,0.765,0.776,0.7565,2919108,100.0,05/10/2026 12:52:34
36854,False,0.1792,0.204,0.2326,0.2651,0.3,0.2371,0.1836,0.2208,0.2811,0.3377,0.3658,0.282,2919207,100.0,05/10/2026 12:52:34
36870,False,0.1762,0.198,0.2257,0.258,0.2933,0.2283,0.5746,0.5927,0.6259,0.6547,0.6682,0.637,2919306,100.0,05/10/2026 12:52:27
36897,False,0.1206,0.137,0.1587,0.1827,0.212,0.1676,0.3508,0.3735,0.4134,0.4521,0.4728,0.419,2919405,100.0,05/10/2026 12:52:33
36919,False,0.1118,0.1285,0.1486,0.1722,0.2006,0.1592,0.3839,0.4015,0.435,0.4665,0.4817,0.4426,2919504,100.0,05/10/2026 12:52:35
36935,False,0.2097,0.2374,0.2689,0.3032,0.34,0.2647,0.4701,0.489,0.522,0.5519,0.5701,0.529,2919603,100.0,05/10/2026 12:52:28
36951,False,0.1967,0.2194,0.2526,0.2842,0.3219,0.2554,0.1164,0.1422,0.1849,0.2263,0.2476,0.1816,2919702,100.0,05/10/2026 12:52:32
36978,False,0.1606,0.1809,0.2073,0.2372,0.2645,0.2121,0.3827,0.4012,0.4359,0.4676,0.4867,0.4419,2919801,100.0,05/10/2026 12:52:35
36994,False,0.1652,0.1869,0.2141,0.2447,0.2794,0.1952,0.6449,0.6626,0.6917,0.7183,0.7329,0.7047,2919900,100.0,05/10/2026 12:52:34
37010,False,0.1729,0.1962,0.225,0.2555,0.2895,0.2246,0.048,0.075,0.125,0.1723,0.1969,0.1189,2920007,100.0,05/10/2026 12:52:32
37036,False,0.1688,0.1905,0.2196,0.2511,0.2856,0.2255,0.4833,0.5015,0.5346,0.5638,0.5791,0.5422,2920106,100.0,05/10/2026 12:52:31
37052,False,0.1468,0.1682,0.1927,0.2211,0.2551,0.1926,0.3179,0.335,0.3692,0.4009,0.4165,0.371,2920205,100.0,05/10/2026 12:52:30
37079,False,0.1399,0.1588,0.1836,0.2105,0.2385,0.1855,0.3345,0.3578,0.398,0.4358,0.4572,0.4018,2920304,100.0,05/10/2026 12:52:32
37095,False,0.1704,0.1918,0.22,0.2504,0.2826,0.2081,0.5166,0.5403,0.5796,0.616,0.6339,0.5955,2920403,100.0,05/10/2026 12:52:33
37117,False,0.1733,0.193,0.2228,0.2537,0.2882,0.2263,0.3474,0.3716,0.4151,0.4554,0.4745,0.422,2920502,100.0,05/10/2026 12:52:33
37133,False,0.1423,0.1615,0.1868,0.2145,0.2439,0.1816,0.5529,0.569,0.5951,0.6189,0.6317,0.607,2920601,100.0,05/10/2026 12:52:31
37150,False,0.196,0.2192,0.2511,0.2857,0.3231,0.251,0.4282,0.4479,0.4848,0.5192,0.5379,0.4949,2920700,100.0,05/10/2026 12:52:32
37176,False,0.1766,0.1997,0.2283,0.2612,0.2984,0.2275,0.4963,0.517,0.5504,0.5817,0.5976,0.5576,2920809,100.0,05/10/2026 12:52:33
37192,False,0.1998,0.2251,0.257,0.2929,0.3301,0.2485,0.352,0.373,0.4101,0.4494,0.4696,0.4167,2920908,100.0,05/10/2026 12:52:31
37214,False,0.1715,0.1961,0.2255,0.2566,0.2893,0.2215,0.4387,0.462,0.5018,0.5398,0.558,0.5151,2921005,100.0,05/10/2026 12:52:26
37222,False,0.153,0.1716,0.1983,0.2271,0.2551,0.2085,0.6174,0.6322,0.6585,0.6832,0.6952,0.6703,2921054,100.0,05/10/2026 12:52:28
37230,False,0.1771,0.1992,0.2281,0.2601,0.2932,0.2242,0.0525,0.0747,0.1141,0.1558,0.1784,0.1078,2921104,100.0,05/10/2026 12:52:29
37257,False,0.1592,0.1816,0.2079,0.2361,0.2704,0.207,0.2949,0.3168,0.3562,0.3923,0.4116,0.3579,2921203,100.0,05/10/2026 12:52:34
37273,False,0.1651,0.1865,0.2136,0.2439,0.2761,0.198,0.3764,0.3963,0.4346,0.4707,0.49,0.4403,2921302,100.0,05/10/2026 12:52:32
37290,False,0.1608,0.1834,0.2115,0.2405,0.2779,0.2032,0.4995,0.5161,0.5502,0.5786,0.5937,0.5589,2921401,100.0,05/10/2026 12:52:27
37303,False,0.1635,0.1839,0.2127,0.2415,0.2745,0.2128,0.491,0.5142,0.5516,0.5886,0.607,0.5642,2921450,100.0,05/10/2026 12:52:34
37311,False,0.1411,0.1607,0.1856,0.2132,0.2455,0.1901,0.6925,0.7035,0.7197,0.7347,0.7429,0.7309,2921500,100.0,05/10/2026 12:52:33
37338,False,0.1729,0.1953,0.2231,0.2537,0.2865,0.2251,0.349,0.366,0.4031,0.4366,0.4536,0.4047,2921609,100.0,05/10/2026 12:52:28
37354,False,0.1659,0.1889,0.2168,0.2477,0.2788,0.2125,0.4034,0.4262,0.4644,0.499,0.5164,0.4737,2921708,100.0,05/10/2026 12:52:32
37370,False,0.1711,0.1947,0.2229,0.2536,0.2921,0.2309,0.1245,0.1486,0.1958,0.2447,0.2674,0.1912,2921807,100.0,05/10/2026 12:52:29
37397,False,0.1174,0.1339,0.1563,0.1802,0.2091,0.1561,0.3171,0.3425,0.3834,0.4229,0.442,0.3861,2921906,100.0,05/10/2026 12:52:34
37419,False,0.1993,0.2266,0.2588,0.2928,0.3276,0.2555,0.015,0.0349,0.0809,0.1239,0.1498,0.0688,2922003,100.0,05/10/2026 12:52:33
37427,False,0.1273,0.1437,0.1655,0.1913,0.2164,0.1679,0.5818,0.6095,0.6524,0.6891,0.7072,0.6754,2922052,100.0,05/10/2026 12:52:34
37435,False,0.171,0.1937,0.222,0.2524,0.2873,0.2257,0.4626,0.4809,0.5111,0.539,0.5553,0.5184,2922102,100.0,05/10/2026 12:52:27
37451,False,0.1208,0.1387,0.1611,0.1848,0.2125,0.1566,0.4237,0.4505,0.4902,0.5298,0.5491,0.4999,2922201,100.0,05/10/2026 12:52:26
37460,False,0.1627,0.1847,0.21,0.2396,0.2741,0.1979,0.3554,0.3752,0.4101,0.4442,0.4599,0.4148,2922250,100.0,05/10/2026 12:52:31
37478,False,0.1874,0.2125,0.2418,0.2746,0.3097,0.246,0.5496,0.5664,0.5959,0.6227,0.6359,0.6095,2922300,100.0,05/10/2026 12:52:34
37494,False,0.1589,0.1795,0.207,0.2369,0.2719,0.2173,0.2619,0.2879,0.3346,0.3763,0.3988,0.3378,2922409,100.0,05/10/2026 12:52:33
37516,False,0.1485,0.1664,0.1924,0.2208,0.2547,0.1922,0.4562,0.4797,0.5174,0.5513,0.5672,0.5299,2922508,100.0,05/10/2026 12:52:33
37532,False,0.1664,0.1863,0.2137,0.2435,0.2743,0.2069,0.4156,0.4348,0.473,0.51,0.531,0.4815,2922607,100.0,05/10/2026 12:52:30
37559,False,0.1753,0.201,0.2294,0.2604,0.295,0.2366,0.4656,0.4835,0.5171,0.5471,0.5648,0.5258,2922706,100.0,05/10/2026 12:52:29
37567,False,0.1438,0.1639,0.189,0.2163,0.2473,0.1774,0.3604,0.3899,0.4378,0.4814,0.5026,0.4452,2922730,100.0,05/10/2026 12:52:31
37575,False,0.1418,0.1593,0.1827,0.2091,0.2426,0.179,0.3685,0.389,0.4292,0.4684,0.4883,0.4349,2922805,100.0,05/10/2026 12:52:34
37583,False,0.1602,0.1833,0.2107,0.2399,0.2701,0.2133,0.6579,0.6724,0.699,0.7239,0.7354,0.7093,2922854,100.0,05/10/2026 12:52:32
37591,False,0.1723,0.1966,0.2245,0.2549,0.2895,0.2298,0.6517,0.6653,0.6872,0.7078,0.719,0.7006,2922904,100.0,05/10/2026 12:52:32
37613,False,0.1828,0.2039,0.2331,0.2645,0.298,0.2301,0.0021,0.0074,0.0326,0.0667,0.0864,0.0213,2923001,100.0,05/10/2026 12:52:32
37621,False,0.1826,0.2046,0.2352,0.2675,0.2997,0.2323,0.4808,0.5011,0.535,0.5665,0.5845,0.5433,2923050,100.0,05/10/2026 12:52:31
37630,False,0.1736,0.1939,0.2225,0.2538,0.286,0.2223,0.5957,0.6106,0.6378,0.6626,0.6735,0.651,2923100,100.0,05/10/2026 12:52:27
37656,False,0.1232,0.1403,0.163,0.1876,0.2179,0.1706,0.4953,0.5094,0.5392,0.5639,0.578,0.5457,2923209,100.0,05/10/2026 12:52:32
37672,False,0.1715,0.1945,0.2225,0.2539,0.2858,0.214,0.5854,0.6082,0.6454,0.6814,0.6997,0.666,2923308,100.0,05/10/2026 12:52:34
37680,False,0.1705,0.1892,0.2168,0.2487,0.2814,0.2177,0.1187,0.1404,0.1803,0.218,0.2399,0.177,2923357,100.0,05/10/2026 12:52:29
37699,False,0.1392,0.1593,0.1836,0.2122,0.2402,0.1912,0.5498,0.5652,0.5903,0.6135,0.6238,0.5987,2923407,100.0,05/10/2026 12:52:30
37710,False,0.14,0.1582,0.1839,0.2117,0.2445,0.188,0.6114,0.6306,0.6607,0.6871,0.7027,0.6727,2923506,100.0,05/10/2026 12:52:31
37737,False,0.1386,0.1572,0.1817,0.2076,0.2406,0.1904,0.4728,0.4929,0.5252,0.5571,0.572,0.5361,2923605,100.0,05/10/2026 12:52:34
37753,False,0.163,0.1837,0.2102,0.2401,0.2717,0.2165,0.5447,0.5572,0.5795,0.6008,0.6114,0.5878,2923704,100.0,05/10/2026 12:52:34
37770,False,0.1263,0.1443,0.1679,0.1932,0.2214,0.189,0.4937,0.5119,0.5421,0.5691,0.585,0.5523,2923803,100.0,05/10/2026 12:52:35
37796,False,0.1535,0.1739,0.199,0.2284,0.2619,0.1979,0.223,0.2451,0.2865,0.3258,0.3445,0.2867,2923902,100.0,05/10/2026 12:52:34
37818,False,0.1683,0.1912,0.2186,0.2516,0.2842,0.2263,0.5065,0.525,0.5538,0.582,0.5952,0.5663,2924009,100.0,05/10/2026 12:52:33
37834,False,0.1767,0.1974,0.2262,0.2595,0.2961,0.204,0.6375,0.6613,0.6988,0.7327,0.7493,0.7207,2924108,100.0,05/10/2026 12:52:32
37850,False,0.1426,0.1619,0.1856,0.2139,0.2472,0.1812,0.5928,0.6112,0.6429,0.6701,0.684,0.6564,2924207,100.0,05/10/2026 12:52:31
37877,False,0.1842,0.2052,0.2357,0.268,0.3049,0.2387,0.3117,0.3408,0.3972,0.4477,0.4731,0.4053,2924306,100.0,05/10/2026 12:52:33
37893,False,0.1517,0.1708,0.197,0.2266,0.2594,0.194,0.5732,0.5862,0.609,0.6306,0.6424,0.6191,2924405,100.0,05/10/2026 12:52:31
37915,False,0.1162,0.1323,0.1547,0.1777,0.2065,0.162,0.4707,0.4897,0.5238,0.5583,0.5746,0.5345,2924504,100.0,05/10/2026 12:52:30
37931,False,0.1391,0.1575,0.181,0.2074,0.2355,0.1769,0.3337,0.3511,0.3824,0.4147,0.4302,0.386,2924603,100.0,05/10/2026 12:52:33
37940,False,0.1506,0.1708,0.1965,0.2254,0.257,0.188,0.3074,0.3395,0.3886,0.4359,0.4619,0.3938,2924678,100.0,05/10/2026 12:52:31
37958,False,0.2062,0.2315,0.266,0.3009,0.3413,0.2693,0.3845,0.4117,0.457,0.5021,0.5283,0.4668,2924702,100.0,05/10/2026 12:52:32
37974,False,0.1633,0.1859,0.2134,0.2437,0.2804,0.2111,0.359,0.3801,0.4204,0.4573,0.4762,0.4266,2924801,100.0,05/10/2026 12:52:33
37990,False,0.1658,0.1892,0.2171,0.2489,0.2832,0.2186,0.4306,0.4495,0.4903,0.5289,0.547,0.4974,2924900,100.0,05/10/2026 12:52:35
38016,False,0.1445,0.1627,0.1882,0.2151,0.2477,0.194,0.3305,0.3534,0.3916,0.4265,0.4441,0.3965,2925006,100.0,05/10/2026 12:52:26
38032,False,0.1637,0.1857,0.2136,0.2437,0.2783,0.2184,0.3858,0.4068,0.4424,0.4759,0.4938,0.4497,2925105,100.0,05/10/2026 12:52:27
38059,False,0.1594,0.1803,0.2066,0.2376,0.27,0.2116,0.4999,0.5219,0.5563,0.5884,0.6041,0.569,2925204,100.0,05/10/2026 12:52:32
38067,False,0.1374,0.1567,0.1801,0.2066,0.2401,0.1863,0.4072,0.4297,0.4629,0.4973,0.5134,0.4709,2925253,100.0,05/10/2026 12:52:32
38075,False,0.1802,0.2065,0.2349,0.2687,0.3065,0.2452,0.0066,0.025,0.0746,0.1232,0.1488,0.0608,2925303,100.0,05/10/2026 12:52:34
38091,False,0.2013,0.2238,0.2547,0.2896,0.3266,0.2455,0.1676,0.1932,0.2351,0.2764,0.298,0.2335,2925402,100.0,05/10/2026 12:52:34
38113,False,0.1903,0.2155,0.2467,0.2793,0.312,0.2377,0.0245,0.0411,0.0738,0.1049,0.1206,0.0671,2925501,100.0,05/10/2026 12:52:33
38130,False,0.1078,0.1253,0.1464,0.1681,0.1944,0.1505,0.6655,0.6769,0.6975,0.7168,0.7272,0.7079,2925600,100.0,05/10/2026 12:52:32
38156,False,0.2152,0.2407,0.2727,0.3065,0.3503,0.2759,0.5175,0.5384,0.576,0.6119,0.6307,0.5899,2925709,100.0,05/10/2026 12:52:34
38164,False,0.1394,0.157,0.1811,0.2081,0.2447,0.1863,0.1875,0.2136,0.2596,0.3026,0.3316,0.2589,2925758,100.0,05/10/2026 12:52:30
38172,False,0.1487,0.1676,0.1952,0.223,0.2522,0.1936,0.3733,0.3942,0.4285,0.4624,0.4785,0.4358,2925808,100.0,05/10/2026 12:52:31
38199,False,0.1338,0.1518,0.1768,0.2035,0.2303,0.1788,0.6348,0.6464,0.6668,0.686,0.6962,0.677,2925907,100.0,05/10/2026 12:52:34
38210,False,0.1485,0.1682,0.1933,0.2222,0.2528,0.206,0.5281,0.5423,0.5646,0.5869,0.599,0.5728,2926004,100.0,05/10/2026 12:52:33
38237,False,0.133,0.1505,0.176,0.2019,0.2305,0.1707,0.4138,0.439,0.4847,0.5251,0.5451,0.496,2926103,100.0,05/10/2026 12:52:33
38253,False,0.1792,0.2029,0.2311,0.263,0.2973,0.224,0.4058,0.4209,0.45,0.4773,0.4926,0.4543,2926202,100.0,05/10/2026 12:52:34
38270,False,0.1143,0.1313,0.1521,0.1759,0.1995,0.1532,0.4953,0.5192,0.5602,0.5973,0.615,0.5758,2926301,100.0,05/10/2026 12:52:30
38296,False,0.1574,0.1765,0.2041,0.2342,0.2601,0.2155,0.5933,0.6087,0.6358,0.6589,0.6711,0.6485,2926400,100.0,05/10/2026 12:52:32
38318,False,0.1593,0.1813,0.2077,0.2384,0.2688,0.2033,0.5734,0.5871,0.6134,0.6376,0.6499,0.6231,2926509,100.0,05/10/2026 12:52:26
38334,False,0.1566,0.1759,0.2031,0.2317,0.2708,0.2046,0.3972,0.417,0.451,0.4842,0.5032,0.4588,2926608,100.0,05/10/2026 12:52:30
38342,False,0.2176,0.2409,0.2739,0.3088,0.344,0.2607,0.3835,0.4057,0.4439,0.4816,0.502,0.4501,2926657,100.0,05/10/2026 12:52:32
38350,False,0.1246,0.1418,0.1652,0.1893,0.2185,0.1666,0.3985,0.4189,0.4568,0.489,0.5045,0.4629,2926707,100.0,05/10/2026 12:52:32
38377,False,0.119,0.1363,0.1579,0.1825,0.2106,0.1678,0.5353,0.5507,0.5808,0.6088,0.6231,0.5906,2926806,100.0,05/10/2026 12:52:31
38393,False,0.2547,0.2849,0.3208,0.359,0.4033,0.3159,0.4515,0.4709,0.5057,0.5412,0.5579,0.5154,2926905,100.0,05/10/2026 12:52:34
38415,False,0.1459,0.1657,0.1912,0.2179,0.2526,0.1928,0.3595,0.3844,0.4258,0.4627,0.4799,0.4334,2927002,100.0,05/10/2026 12:52:33
38431,False,0.1591,0.1807,0.2064,0.2375,0.2724,0.1922,0.5535,0.5699,0.6022,0.6316,0.6469,0.6114,2927101,100.0,05/10/2026 12:52:30
38458,False,0.1775,0.1999,0.2291,0.2604,0.2947,0.229,0.3454,0.3679,0.407,0.4451,0.4628,0.4131,2927200,100.0,05/10/2026 12:52:32
38474,False,0.1977,0.2231,0.2545,0.2887,0.329,0.2371,0.5871,0.6035,0.6314,0.6586,0.6705,0.6457,2927309,100.0,05/10/2026 12:52:33
38490,False,0.1519,0.1705,0.1967,0.225,0.2536,0.2087,0.3123,0.3463,0.4043,0.4561,0.4832,0.4142,2927408,100.0,05/10/2026 12:52:29
38512,False,0.153,0.1741,0.2003,0.2289,0.2644,0.1974,0.4897,0.5107,0.5457,0.5738,0.5889,0.5564,2927507,100.0,05/10/2026 12:52:30
38539,False,0.1788,0.2011,0.2291,0.2612,0.299,0.2306,0.6244,0.6404,0.6673,0.6914,0.7044,0.6801,2927606,100.0,05/10/2026 12:52:32
38555,False,0.226,0.2552,0.2877,0.3247,0.364,0.2871,0.1265,0.1502,0.1932,0.2367,0.2594,0.1886,2927705,100.0,05/10/2026 12:52:32
38571,False,0.2289,0.2568,0.2918,0.3287,0.3615,0.2851,0.116,0.1515,0.2152,0.2763,0.3083,0.2112,2927804,100.0,05/10/2026 12:52:32
38598,False,0.1898,0.2114,0.2422,0.2769,0.3081,0.2413,0.5482,0.5642,0.5947,0.6244,0.641,0.6044,2927903,100.0,05/10/2026 12:52:33
38610,False,0.1381,0.1575,0.1812,0.2071,0.239,0.1786,0.3636,0.3848,0.4241,0.4627,0.4814,0.432,2928000,100.0,05/10/2026 12:52:31
38636,False,0.1427,0.1609,0.1858,0.2138,0.2448,0.1866,0.3407,0.3599,0.3974,0.4306,0.4465,0.4028,2928109,100.0,05/10/2026 12:52:32
38652,False,0.1505,0.1701,0.1961,0.2241,0.2604,0.2057,0.289,0.3079,0.3436,0.3751,0.3945,0.3449,2928208,100.0,05/10/2026 12:52:32
38679,False,0.1777,0.1997,0.2296,0.2611,0.2943,0.2103,0.4878,0.508,0.5461,0.5821,0.6002,0.5578,2928307,100.0,05/10/2026 12:52:35
38695,False,0.1486,0.172,0.1972,0.2262,0.2606,0.1912,0.4905,0.5097,0.5459,0.577,0.5921,0.5544,2928505,100.0,05/10/2026 12:52:33
38717,False,0.1728,0.1985,0.2263,0.2577,0.2917,0.2177,0.6299,0.6498,0.6782,0.7032,0.717,0.6962,2928604,100.0,05/10/2026 12:52:33
38733,False,0.1346,0.1514,0.1748,0.2016,0.2287,0.1853,0.2222,0.254,0.2993,0.3457,0.3693,0.3016,2928703,100.0,05/10/2026 12:52:28
38750,False,0.1445,0.1646,0.1896,0.2168,0.2477,0.1966,0.5363,0.5542,0.5836,0.6129,0.6274,0.5979,2928802,100.0,05/10/2026 12:52:29
38776,False,0.1519,0.1717,0.1993,0.2262,0.2581,0.2072,0.1982,0.2192,0.2554,0.2925,0.3107,0.2545,2928901,100.0,05/10/2026 12:52:30
38792,False,0.1561,0.1787,0.206,0.2341,0.2652,0.1876,0.5753,0.5966,0.6303,0.6611,0.6785,0.6461,2929008,100.0,05/10/2026 12:52:32
38806,False,0.1244,0.1424,0.1641,0.1885,0.2178,0.1524,0.335,0.3653,0.4163,0.46,0.4838,0.4214,2928950,100.0,05/10/2026 12:52:33
38814,False,0.1334,0.1504,0.1735,0.2004,0.2295,0.1766,0.3655,0.3852,0.4213,0.4565,0.4734,0.4291,2929107,100.0,05/10/2026 12:52:35
38822,False,0.1365,0.1539,0.1781,0.2045,0.2349,0.1791,0.1256,0.1536,0.2007,0.2475,0.2747,0.1969,2929057,100.0,05/10/2026 12:52:30
38830,False,0.1918,0.2171,0.2477,0.2807,0.3198,0.2454,0.6506,0.6664,0.6922,0.7146,0.7291,0.7106,2929206,100.0,05/10/2026 12:52:34
38857,False,0.135,0.1554,0.1797,0.2085,0.2347,0.1793,0.5038,0.5284,0.5682,0.6016,0.6184,0.5838,2929305,100.0,05/10/2026 12:52:33
38865,False,0.1574,0.1779,0.2036,0.2313,0.2635,0.2127,0.3659,0.3912,0.4321,0.472,0.4907,0.4391,2929370,100.0,05/10/2026 12:52:35
38873,False,0.121,0.138,0.1593,0.1835,0.2079,0.1562,0.4583,0.483,0.5218,0.5591,0.5782,0.5326,2929404,100.0,05/10/2026 12:52:29
38890,False,0.1652,0.1858,0.2124,0.2431,0.2776,0.2124,0.659,0.6759,0.7025,0.7258,0.738,0.7209,2929503,100.0,05/10/2026 12:52:32
38911,False,0.1395,0.158,0.1831,0.2106,0.2432,0.1885,0.4346,0.4508,0.4872,0.5201,0.5364,0.4956,2929602,100.0,05/10/2026 12:52:33
38938,False,0.1824,0.2047,0.2332,0.2675,0.3035,0.2249,0.4516,0.4724,0.5109,0.5445,0.5632,0.5203,2929701,100.0,05/10/2026 12:52:31
38946,False,0.2067,0.2318,0.2633,0.2977,0.3361,0.2366,0.4673,0.489,0.527,0.5603,0.5758,0.5379,2929750,100.0,05/10/2026 12:52:32
38954,False,0.1915,0.2153,0.2459,0.2793,0.3133,0.2476,0.4233,0.446,0.4852,0.5221,0.5405,0.4926,2929800,100.0,05/10/2026 12:52:26
38970,False,0.1139,0.1292,0.149,0.1732,0.2017,0.1609,0.5365,0.5544,0.5865,0.6155,0.631,0.6017,2929909,100.0,05/10/2026 12:52:30
38997,False,0.132,0.1498,0.1733,0.2006,0.2297,0.1805,0.3683,0.3901,0.4307,0.4718,0.4927,0.4366,2930006,100.0,05/10/2026 12:52:35
39012,False,0.1453,0.1638,0.1891,0.2173,0.2493,0.1924,0.2403,0.263,0.3001,0.3354,0.3552,0.3,2930105,100.0,05/10/2026 12:52:32
39039,False,0.1555,0.1743,0.2013,0.2294,0.265,0.189,0.2959,0.3122,0.346,0.3757,0.3941,0.3482,2930204,100.0,05/10/2026 12:52:28
39047,False,0.1437,0.1613,0.1868,0.2139,0.2462,0.1869,0.4476,0.4637,0.4909,0.5181,0.5316,0.4985,2930154,100.0,05/10/2026 12:52:32
39055,False,0.1784,0.1988,0.2272,0.2591,0.2963,0.2323,0.1947,0.2146,0.2492,0.2832,0.3008,0.2495,2930303,100.0,05/10/2026 12:52:29
39071,False,0.1872,0.2127,0.2419,0.2746,0.3126,0.2244,0.5736,0.588,0.6154,0.6412,0.6533,0.6278,2930402,100.0,05/10/2026 12:52:30
39098,False,0.1413,0.1617,0.187,0.2135,0.248,0.1891,0.4537,0.4767,0.5111,0.5429,0.5617,0.5219,2930501,100.0,05/10/2026 12:52:30
39110,False,0.1504,0.1697,0.1948,0.2239,0.2587,0.2,0.2996,0.3279,0.3702,0.4113,0.4318,0.3742,2930600,100.0,05/10/2026 12:52:33
39136,False,0.1633,0.1842,0.2124,0.2418,0.277,0.2137,0.3417,0.3718,0.4229,0.4715,0.4931,0.4337,2930709,100.0,05/10/2026 12:52:34
39144,False,0.149,0.1696,0.196,0.2238,0.2575,0.187,0.3854,0.4055,0.4412,0.4718,0.4873,0.4455,2930758,100.0,05/10/2026 12:52:31
39152,False,0.1424,0.1601,0.1854,0.2128,0.2411,0.1877,0.6517,0.6699,0.6976,0.7223,0.735,0.7148,2930808,100.0,05/10/2026 12:52:26
39179,False,0.179,0.2008,0.2305,0.2614,0.2962,0.2379,0.3937,0.4147,0.4552,0.4947,0.5128,0.4634,2930907,100.0,05/10/2026 12:52:31
39195,False,0.1259,0.1416,0.1643,0.1898,0.219,0.1731,0.4295,0.4502,0.4869,0.5241,0.541,0.4971,2931004,100.0,05/10/2026 12:52:29
39217,False,0.1371,0.1543,0.1781,0.2053,0.234,0.1712,0.4534,0.4748,0.5141,0.5496,0.569,0.5222,2931103,100.0,05/10/2026 12:52:32
39233,False,0.1744,0.1938,0.2226,0.2554,0.2881,0.2209,0.3672,0.3933,0.4377,0.4754,0.495,0.4446,2931202,100.0,05/10/2026 12:52:33
39250,False,0.1895,0.2163,0.2461,0.2792,0.3176,0.2445,0.3989,0.4175,0.4531,0.4894,0.5058,0.4606,2931301,100.0,05/10/2026 12:52:35
39276,False,0.1604,0.1804,0.2083,0.237,0.2703,0.1868,0.6921,0.7109,0.7393,0.7647,0.7757,0.7565,2931400,100.0,05/10/2026 12:52:31
39292,False,0.1853,0.2086,0.2383,0.2694,0.3066,0.2429,0.6616,0.6751,0.6974,0.7178,0.7278,0.7102,2931509,100.0,05/10/2026 12:52:29
39314,False,0.1633,0.1848,0.2117,0.2428,0.272,0.2098,0.3873,0.4084,0.446,0.4837,0.5035,0.4541,2931608,100.0,05/10/2026 12:52:30
39330,False,0.1825,0.2052,0.2338,0.2679,0.3041,0.2132,0.5697,0.5892,0.6261,0.6598,0.6742,0.643,2931707,100.0,05/10/2026 12:52:34
39357,False,0.2005,0.2254,0.2562,0.2893,0.3316,0.2595,0.3269,0.3486,0.3871,0.4246,0.4426,0.3917,2931806,100.0,05/10/2026 12:52:34
39373,False,0.1551,0.1738,0.1996,0.2285,0.2608,0.207,0.4989,0.5144,0.5432,0.569,0.5825,0.5526,2931905,100.0,05/10/2026 12:52:31
39390,False,0.1408,0.1587,0.1837,0.2113,0.2398,0.1852,0.6342,0.6494,0.6758,0.6998,0.7119,0.6911,2932002,100.0,05/10/2026 12:52:33
39411,False,0.1551,0.1778,0.2044,0.2341,0.265,0.2129,0.2863,0.3092,0.3505,0.3895,0.4087,0.3534,2932101,100.0,05/10/2026 12:52:30
39438,False,0.1999,0.226,0.2579,0.2925,0.3288,0.2603,0.1721,0.1951,0.2394,0.2826,0.3086,0.2371,2932200,100.0,05/10/2026 12:52:33
39454,False,0.179,0.2022,0.2303,0.2636,0.2975,0.2382,0.1787,0.204,0.2571,0.3093,0.3339,0.2561,2932309,100.0,05/10/2026 12:52:32
39470,False,0.1219,0.1406,0.1628,0.1867,0.215,0.1763,0.5134,0.5319,0.5641,0.5945,0.6091,0.5746,2932408,100.0,05/10/2026 12:52:28
39489,False,0.1899,0.2121,0.2435,0.2765,0.3119,0.2148,0.367,0.3874,0.4206,0.4542,0.4712,0.4255,2932457,100.0,05/10/2026 12:52:33
39497,False,0.2094,0.2356,0.2676,0.3019,0.3417,0.2613,0.0867,0.1142,0.1627,0.2143,0.2425,0.1581,2932507,100.0,05/10/2026 12:52:33
39519,False,0.1421,0.1627,0.1881,0.2166,0.2504,0.1984,0.4922,0.509,0.5386,0.5669,0.581,0.5476,2932606,100.0,05/10/2026 12:52:27
39535,False,0.1919,0.2184,0.2484,0.2831,0.3231,0.2443,0.22,0.2391,0.276,0.3116,0.3307,0.2762,2932705,100.0,05/10/2026 12:52:34
39551,False,0.1726,0.1951,0.2238,0.2539,0.2906,0.2273,0.4221,0.4414,0.4776,0.5092,0.5255,0.484,2932804,100.0,05/10/2026 12:52:32
39578,False,0.1594,0.1802,0.2072,0.2368,0.269,0.2139,0.259,0.2846,0.3323,0.3744,0.3967,0.3347,2932903,100.0,05/10/2026 12:52:32
39594,False,0.1103,0.126,0.1455,0.1685,0.1924,0.1414,0.201,0.2276,0.2762,0.326,0.3524,0.2783,2933000,100.0,05/10/2026 12:52:33
39616,False,0.157,0.1766,0.2037,0.2324,0.2628,0.1963,0.3887,0.4168,0.46,0.5013,0.5239,0.4682,2933109,100.0,05/10/2026 12:52:31
39624,False,0.1358,0.1547,0.1778,0.2058,0.2356,0.1754,0.3142,0.34,0.3869,0.4307,0.4504,0.3916,2933174,100.0,05/10/2026 12:52:31
39632,False,0.1682,0.1907,0.2177,0.248,0.2837,0.2113,0.4884,0.5093,0.5422,0.5728,0.5847,0.5538,2933208,100.0,05/10/2026 12:52:34
39640,False,0.1977,0.2242,0.2559,0.2895,0.3278,0.2482,0.2304,0.255,0.3034,0.3524,0.3768,0.305,2933257,100.0,05/10/2026 12:52:31
39659,False,0.1394,0.1575,0.1818,0.2097,0.2382,0.1925,0.0602,0.0874,0.1406,0.1918,0.2194,0.1313,2933307,100.0,05/10/2026 12:52:32
39675,False,0.1701,0.1895,0.2169,0.2482,0.2793,0.2118,0.4308,0.4484,0.4873,0.5229,0.5409,0.4926,2933406,100.0,05/10/2026 12:52:33
39691,False,0.18,0.2038,0.2346,0.266,0.302,0.2235,0.2772,0.2982,0.3344,0.3697,0.3873,0.3362,2933505,100.0,05/10/2026 12:52:30
39713,False,0.1763,0.1991,0.2269,0.259,0.297,0.2331,0.3943,0.4103,0.4418,0.4724,0.4869,0.4495,2933604,100.0,05/10/2026 12:52:34
39730,False,0.1123,0.1301,0.1508,0.1746,0.2003,0.1541,0.4558,0.4716,0.5015,0.5304,0.5456,0.51,2919157,100.0,05/10/2026 12:52:33
39748,False,0.1662,0.1856,0.214,0.2434,0.2795,0.2046,0.535,0.5555,0.5901,0.6242,0.6408,0.6071,2919926,100.0,05/10/2026 12:52:34
39756,False,0.209,0.2314,0.2641,0.298,0.3389,0.2669,0.4151,0.4398,0.4834,0.5264,0.5466,0.4924,2919959,100.0,05/10/2026 12:52:32
39772,False,0.2605,0.2918,0.3269,0.3659,0.4054,0.3149,0.6159,0.6291,0.6532,0.6759,0.6873,0.6621,2920452,100.0,05/10/2026 12:52:31
39799,False,0.1444,0.1662,0.191,0.2192,0.2508,0.1985,0.5345,0.5529,0.5839,0.6131,0.6282,0.5939,2922656,100.0,05/10/2026 12:52:32
39810,False,0.135,0.1553,0.1783,0.2045,0.2359,0.1805,0.1772,0.2036,0.2485,0.2916,0.3113,0.2475,2924058,100.0,05/10/2026 12:52:30
39837,False,0.1913,0.2166,0.2464,0.281,0.3204,0.2671,0.1968,0.2182,0.2591,0.2972,0.3194,0.2585,2924652,100.0,05/10/2026 12:52:34
39845,False,0.1451,0.1644,0.1905,0.2183,0.2497,0.1948,0.0364,0.0632,0.1115,0.1597,0.1833,0.1042,2925931,100.0,05/10/2026 12:52:35
39853,False,0.1822,0.2064,0.2366,0.2685,0.3056,0.2407,0.3893,0.4084,0.4413,0.4704,0.4847,0.4469,2925956,100.0,05/10/2026 12:52:31
39870,False,0.1882,0.2159,0.2463,0.2803,0.3171,0.24,0.2287,0.2525,0.2948,0.3391,0.3596,0.2967,2928059,100.0,05/10/2026 12:52:34
39896,False,0.1184,0.1352,0.1563,0.1804,0.2074,0.1559,0.6233,0.6375,0.6621,0.6853,0.698,0.6745,2929255,100.0,05/10/2026 12:52:30
39900,False,0.1315,0.1487,0.172,0.1969,0.2254,0.1773,0.4457,0.4651,0.5041,0.54,0.5554,0.5112,2930766,100.0,05/10/2026 12:52:31
39918,False,0.1171,0.1345,0.1558,0.1798,0.2071,0.1733,0.5283,0.5507,0.5844,0.616,0.6325,0.5985,2931053,100.0,05/10/2026 12:52:31
39926,False,0.2068,0.2308,0.2634,0.3002,0.3402,0.2564,0.2097,0.2412,0.2918,0.3449,0.3745,0.2954,2929354,100.0,05/10/2026 12:52:33
39934,False,0.1735,0.199,0.2271,0.2572,0.2962,0.2299,0.0011,0.0052,0.0284,0.0706,0.0905,0.0435,2931350,100.0,05/10/2026 12:52:30
39942,False,0.1331,0.1518,0.1754,0.2011,0.2357,0.1705,0.383,0.4062,0.4499,0.4909,0.5104,0.4586,2923035,100.0,05/10/2026 12:52:32
39950,False,0.1453,0.1674,0.1922,0.2209,0.2523,0.1925,0.3526,0.3809,0.4273,0.4707,0.491,0.4355,2933158,100.0,05/10/2026 12:52:33
39969,False,0.162,0.1835,0.2122,0.2416,0.2746,0.1974,0.2125,0.2399,0.292,0.3432,0.3674,0.2928,2922755,100.0,05/10/2026 12:52:34
39977,False,0.1591,0.1794,0.2063,0.2366,0.2681,0.212,0.4236,0.4446,0.4846,0.5196,0.5388,0.493,2933059,100.0,05/10/2026 12:52:32
39985,False,0.1742,0.1953,0.2262,0.2567,0.2901,0.2257,0.4062,0.4287,0.4683,0.5046,0.5248,0.4781,2930774,100.0,05/10/2026 12:52:33
39993,False,0.1725,0.195,0.2235,0.2556,0.2881,0.2137,0.2155,0.2363,0.2721,0.3072,0.3275,0.2722,2933455,100.0,05/10/2026 12:52:27
13005,False,0.1422,0.1632,0.1884,0.2164,0.2489,0.2001,0.1131,0.1442,0.1952,0.2445,0.2726,0.1896,2307254,100.0,05/10/2026 12:52:16
13013,False,0.14,0.1593,0.1839,0.2104,0.2422,0.2106,0.5732,0.5893,0.6213,0.6531,0.6685,0.6346,2300101,100.0,05/10/2026 12:52:19
13021,False,0.1595,0.1792,0.207,0.2363,0.2699,0.188,0.481,0.5028,0.5408,0.576,0.5933,0.553,2307635,100.0,05/10/2026 12:52:23
13030,False,0.149,0.1715,0.1963,0.2238,0.2548,0.203,0.2645,0.2825,0.3192,0.3506,0.3701,0.3201,2300200,100.0,05/10/2026 12:52:23
13048,False,0.1037,0.1196,0.1381,0.1601,0.1837,0.1408,0.4191,0.4442,0.4872,0.53,0.5522,0.5001,2310951,100.0,05/10/2026 12:52:23
13056,False,0.124,0.1411,0.1617,0.1882,0.2179,0.1709,0.5362,0.5497,0.5743,0.5977,0.6095,0.5844,2300309,100.0,05/10/2026 12:52:22
13064,False,0.1373,0.16,0.1842,0.2115,0.2419,0.1948,0.5142,0.5404,0.5792,0.6146,0.6312,0.5949,2304657,100.0,05/10/2026 12:52:22
13072,False,0.1704,0.1928,0.2217,0.2531,0.2863,0.2233,0.6557,0.6703,0.6973,0.7232,0.7332,0.7131,2300408,100.0,05/10/2026 12:52:19
13080,False,0.1242,0.1405,0.163,0.1886,0.2154,0.1502,0.3681,0.3857,0.4214,0.4558,0.4742,0.427,2313559,100.0,05/10/2026 12:52:23
13099,False,0.1585,0.1806,0.208,0.2369,0.2695,0.2155,0.5396,0.5601,0.5959,0.6291,0.6457,0.6104,2300507,100.0,05/10/2026 12:52:20
13102,False,0.1567,0.1777,0.203,0.2326,0.263,0.2006,0.5216,0.5416,0.5737,0.6043,0.619,0.5858,2311264,100.0,05/10/2026 12:52:21
13110,False,0.1431,0.1632,0.1875,0.215,0.246,0.1964,0.6681,0.6873,0.7203,0.7497,0.7626,0.7411,2300606,100.0,05/10/2026 12:52:16
13129,False,0.1129,0.1293,0.15,0.1742,0.2002,0.1461,0.1274,0.1461,0.1803,0.2141,0.2332,0.1775,2301950,100.0,05/10/2026 12:52:22
13137,False,0.1292,0.1461,0.1677,0.1937,0.223,0.1723,0.4688,0.4894,0.5261,0.5623,0.58,0.5382,2300705,100.0,05/10/2026 12:52:17
13145,False,0.1081,0.1223,0.143,0.1657,0.1916,0.1433,0.1575,0.1825,0.2258,0.2673,0.2921,0.2249,2300150,100.0,05/10/2026 12:52:22
13153,False,0.1812,0.2067,0.2371,0.2676,0.3034,0.2431,0.6041,0.6255,0.664,0.6958,0.7126,0.681,2300804,100.0,05/10/2026 12:52:18
13161,False,0.1138,0.1312,0.1523,0.176,0.2031,0.147,0.357,0.3776,0.4096,0.4405,0.4564,0.4151,2303956,100.0,05/10/2026 12:52:22
13170,False,0.1378,0.158,0.1809,0.2075,0.2374,0.1663,0.4229,0.4502,0.4921,0.5312,0.5493,0.5025,2300903,100.0,05/10/2026 12:52:18
13188,False,0.1178,0.1354,0.1561,0.1807,0.2093,0.1567,0.1605,0.1923,0.2453,0.2959,0.3193,0.2424,2305233,100.0,05/10/2026 12:52:17
13196,False,0.1142,0.1304,0.1512,0.1729,0.1976,0.152,0.1699,0.197,0.2413,0.2875,0.3069,0.2386,2301000,100.0,05/10/2026 12:52:21
13200,False,0.1453,0.1643,0.1893,0.2177,0.2521,0.1955,0.5742,0.596,0.6337,0.6667,0.6855,0.6466,2304277,100.0,05/10/2026 12:52:21
13218,False,0.1237,0.1407,0.1636,0.1883,0.2184,0.1618,0.2692,0.2928,0.3346,0.3743,0.3975,0.3377,2301109,100.0,05/10/2026 12:52:20
13226,False,0.1279,0.1453,0.1662,0.193,0.2196,0.168,0.0021,0.0093,0.0444,0.0998,0.132,0.0223,2304285,100.0,05/10/2026 12:52:17
13234,False,0.1217,0.1373,0.1587,0.1831,0.212,0.1366,0.3792,0.3963,0.4288,0.4607,0.4754,0.4354,2301208,100.0,05/10/2026 12:52:20
13242,False,0.1084,0.1266,0.1458,0.1684,0.1959,0.1416,0.3828,0.4034,0.4339,0.4651,0.481,0.4404,2304954,100.0,05/10/2026 12:52:20
13250,False,0.1435,0.1629,0.1865,0.2144,0.2469,0.2019,0.6658,0.6803,0.7025,0.7224,0.7312,0.7149,2301307,100.0,05/10/2026 12:52:20
13269,False,0.1066,0.1214,0.1416,0.1641,0.1895,0.1365,0.4369,0.4615,0.5021,0.5404,0.5587,0.5102,2311231,100.0,05/10/2026 12:52:22
13277,False,0.1466,0.1682,0.1936,0.2216,0.2544,0.1788,0.3847,0.4058,0.4427,0.4776,0.4954,0.4499,2301406,100.0,05/10/2026 12:52:21
13285,False,0.1138,0.1304,0.1513,0.1756,0.2015,0.1592,0.3663,0.3883,0.4244,0.4583,0.4741,0.4301,2310852,100.0,05/10/2026 12:52:16
13293,False,0.1869,0.2128,0.2416,0.2744,0.3122,0.2264,0.4627,0.4885,0.531,0.5674,0.5898,0.5411,2301505,100.0,05/10/2026 12:52:16
13307,False,0.118,0.1347,0.1566,0.1803,0.2081,0.1249,0.3714,0.3904,0.4266,0.4627,0.4789,0.4333,2309458,100.0,05/10/2026 12:52:20
13315,False,0.1565,0.1783,0.205,0.2337,0.2671,0.2197,0.5543,0.5771,0.6125,0.6438,0.6596,0.6293,2301604,100.0,05/10/2026 12:52:20
13323,False,0.1396,0.1581,0.1827,0.2097,0.2414,0.1613,0.4036,0.4253,0.4607,0.4946,0.5123,0.4689,2313351,100.0,05/10/2026 12:52:18
13331,False,0.1607,0.1784,0.2048,0.2342,0.2685,0.2151,0.4767,0.4965,0.5312,0.5643,0.5795,0.5408,2301703,100.0,05/10/2026 12:52:20
13340,False,0.1497,0.1708,0.1958,0.2234,0.2557,0.2113,0.4492,0.4684,0.5009,0.5319,0.5487,0.509,2305654,100.0,05/10/2026 12:52:21
13358,False,0.1322,0.151,0.1737,0.1999,0.2254,0.1726,0.6242,0.641,0.6712,0.7,0.714,0.6821,2301802,100.0,05/10/2026 12:52:18
13366,False,0.1724,0.1949,0.2222,0.2538,0.2897,0.2245,0.6241,0.6406,0.6702,0.6985,0.7151,0.6853,2313252,100.0,05/10/2026 12:52:18
13374,False,0.1183,0.1356,0.1568,0.182,0.2099,0.1757,0.3565,0.3756,0.4139,0.4491,0.464,0.4204,2301901,100.0,05/10/2026 12:52:22
13382,False,0.1524,0.1726,0.197,0.2261,0.2571,0.1697,0.4948,0.5109,0.5401,0.5682,0.5832,0.5491,2301851,100.0,05/10/2026 12:52:18
13390,False,0.173,0.1972,0.2261,0.2575,0.2916,0.2384,0.6177,0.6335,0.6612,0.6856,0.7013,0.6766,2302008,100.0,05/10/2026 12:52:23
13404,False,0.1763,0.1987,0.2285,0.259,0.2929,0.2216,0.3405,0.3622,0.4025,0.4401,0.4587,0.4074,2302057,100.0,05/10/2026 12:52:22
13412,False,0.133,0.1512,0.1737,0.1997,0.2258,0.1723,0.3922,0.4128,0.4447,0.4758,0.4932,0.4523,2302107,100.0,05/10/2026 12:52:21
13420,False,0.1266,0.144,0.1663,0.1918,0.2178,0.1784,0.4202,0.4387,0.474,0.5092,0.5284,0.482,2301257,100.0,05/10/2026 12:52:23
13439,False,0.1172,0.1341,0.155,0.1794,0.2065,0.1477,0.2964,0.3225,0.363,0.4008,0.4196,0.3683,2302206,100.0,05/10/2026 12:52:21
13447,False,0.1498,0.1707,0.1959,0.2261,0.2579,0.1882,0.5685,0.5834,0.6104,0.6368,0.651,0.6195,2303659,100.0,05/10/2026 12:52:17
13455,False,0.1358,0.1562,0.1802,0.2073,0.2368,0.1881,0.2585,0.283,0.3254,0.3643,0.3829,0.3272,2302305,100.0,05/10/2026 12:52:20
13463,False,0.1751,0.1971,0.2257,0.2575,0.2947,0.1963,0.5245,0.5407,0.5723,0.5977,0.6134,0.5803,2303931,100.0,05/10/2026 12:52:17
13471,False,0.1674,0.19,0.218,0.2494,0.2819,0.2028,0.492,0.5167,0.5554,0.5938,0.6164,0.5747,2302404,100.0,05/10/2026 12:52:23
13480,False,0.1007,0.1167,0.1348,0.1569,0.1798,0.1413,0.1225,0.1544,0.2051,0.2549,0.2828,0.2014,2306256,100.0,05/10/2026 12:52:17
13498,False,0.1269,0.1466,0.1687,0.1921,0.2202,0.1835,0.5154,0.5326,0.5585,0.5844,0.5964,0.5692,2302503,100.0,05/10/2026 12:52:22
13501,False,0.1401,0.1615,0.1862,0.2134,0.2451,0.157,0.2154,0.2394,0.2861,0.3353,0.3594,0.2882,2304459,100.0,05/10/2026 12:52:21
13510,False,0.1537,0.176,0.201,0.2289,0.2605,0.2032,0.2702,0.294,0.3393,0.3823,0.4055,0.344,2302602,100.0,05/10/2026 12:52:23
13536,False,0.1526,0.1739,0.1992,0.2287,0.2606,0.2114,0.5916,0.6072,0.6363,0.6623,0.6747,0.6502,2302701,100.0,05/10/2026 12:52:17
13552,False,0.1409,0.1626,0.1868,0.2135,0.242,0.1837,0.448,0.4669,0.4975,0.5259,0.5401,0.507,2302800,100.0,05/10/2026 12:52:23
13579,False,0.1363,0.1519,0.1755,0.2019,0.2354,0.1633,0.4563,0.4724,0.5039,0.5324,0.5461,0.5115,2302909,100.0,05/10/2026 12:52:20
13595,False,0.1576,0.1817,0.2073,0.2383,0.2728,0.1714,0.4274,0.4483,0.4864,0.5222,0.5397,0.4955,2303006,100.0,05/10/2026 12:52:18
13617,False,0.1498,0.1699,0.1943,0.2223,0.253,0.2032,0.3654,0.3854,0.4205,0.4531,0.4713,0.4257,2303105,100.0,05/10/2026 12:52:22
13633,False,0.1322,0.1534,0.1758,0.202,0.2302,0.1845,0.483,0.5054,0.5359,0.5681,0.5839,0.5485,2303204,100.0,05/10/2026 12:52:15
13650,False,0.1434,0.1619,0.1873,0.2156,0.2479,0.1839,0.5518,0.5677,0.5959,0.6224,0.6376,0.6087,2303303,100.0,05/10/2026 12:52:17
13676,False,0.1543,0.1755,0.2019,0.2306,0.2629,0.2217,0.2596,0.2834,0.3313,0.3753,0.3951,0.3338,2303402,100.0,05/10/2026 12:52:23
13692,False,0.1153,0.1317,0.1539,0.1778,0.207,0.1616,0.2191,0.2429,0.2859,0.327,0.3507,0.2856,2303501,100.0,05/10/2026 12:52:20
13714,False,0.2132,0.2392,0.272,0.3087,0.3462,0.2698,0.4922,0.5138,0.5491,0.5828,0.6006,0.5599,2303600,100.0,05/10/2026 12:52:18
13730,False,0.1111,0.1266,0.147,0.1685,0.1921,0.1468,0.1209,0.1532,0.205,0.2534,0.2824,0.1988,2303709,100.0,05/10/2026 12:52:20
13757,False,0.1566,0.177,0.2045,0.2339,0.2685,0.2059,0.5335,0.5522,0.581,0.6093,0.6259,0.5932,2303808,100.0,05/10/2026 12:52:21
13773,False,0.1695,0.1922,0.2212,0.2513,0.2891,0.228,0.5397,0.557,0.591,0.6207,0.6376,0.6027,2303907,100.0,05/10/2026 12:52:21
13811,False,0.1506,0.1732,0.1979,0.2276,0.2604,0.186,0.3829,0.402,0.4356,0.4683,0.4825,0.4414,2304004,100.0,05/10/2026 12:52:15
13838,False,0.1284,0.1488,0.1729,0.2003,0.2286,0.1744,0.424,0.438,0.4614,0.4835,0.4944,0.4669,2304103,100.0,05/10/2026 12:52:20
13854,False,0.1017,0.1175,0.137,0.1563,0.1832,0.1478,0.5507,0.5672,0.5954,0.6212,0.6344,0.6103,2304202,100.0,05/10/2026 12:52:19
13870,False,0.1236,0.1396,0.1619,0.187,0.2112,0.17,0.6169,0.6339,0.6608,0.685,0.6985,0.6753,2304301,100.0,05/10/2026 12:52:22
13897,False,0.1017,0.1156,0.1348,0.1551,0.1799,0.1396,0.072,0.1053,0.1601,0.2178,0.2438,0.1524,2304400,100.0,05/10/2026 12:52:21
13919,False,0.1194,0.1365,0.157,0.1819,0.2099,0.1682,0.2166,0.2377,0.282,0.3237,0.3436,0.282,2304509,100.0,05/10/2026 12:52:21
13935,False,0.1808,0.2057,0.236,0.2666,0.3052,0.2015,0.4566,0.4769,0.514,0.5513,0.5668,0.5236,2304608,100.0,05/10/2026 12:52:21
13951,False,0.1554,0.1772,0.2042,0.2336,0.2627,0.2096,0.5985,0.6118,0.6351,0.6571,0.6688,0.649,2304707,100.0,05/10/2026 12:52:22
13978,False,0.1546,0.1762,0.2008,0.2307,0.2634,0.2006,0.6032,0.6221,0.6556,0.6865,0.7021,0.6683,2304806,100.0,05/10/2026 12:52:22
13994,False,0.1433,0.1632,0.1863,0.2139,0.245,0.1984,0.1321,0.1636,0.2219,0.277,0.3025,0.2195,2304905,100.0,05/10/2026 12:52:21
14010,False,0.1474,0.1681,0.1945,0.222,0.2562,0.2164,0.2919,0.3158,0.3549,0.3921,0.4136,0.3588,2305001,100.0,05/10/2026 12:52:22
14036,False,0.1637,0.1859,0.2145,0.2432,0.2789,0.1926,0.3599,0.3846,0.4334,0.4753,0.498,0.44,2305100,100.0,05/10/2026 12:52:18
14052,False,0.1328,0.1504,0.1731,0.1992,0.2303,0.1748,0.3946,0.4164,0.4529,0.4875,0.5049,0.459,2305209,100.0,05/10/2026 12:52:20
14060,False,0.1603,0.1822,0.209,0.2394,0.2702,0.1633,0.52,0.5381,0.5681,0.5939,0.6082,0.577,2305266,100.0,05/10/2026 12:52:20
14079,False,0.1481,0.1698,0.1945,0.2221,0.2569,0.2129,0.1984,0.2246,0.2789,0.3291,0.3543,0.2786,2305308,100.0,05/10/2026 12:52:21
14095,False,0.1683,0.1899,0.2194,0.251,0.2864,0.2155,0.4806,0.4976,0.5272,0.5539,0.5668,0.5375,2305407,100.0,05/10/2026 12:52:21
14117,False,0.1166,0.1327,0.1541,0.1774,0.2046,0.1586,0.5314,0.551,0.5798,0.6066,0.6196,0.5936,2305506,100.0,05/10/2026 12:52:19
14133,False,0.1408,0.1593,0.1839,0.2101,0.2468,0.18,0.3989,0.415,0.4442,0.4716,0.4857,0.4483,2305605,100.0,05/10/2026 12:52:21
14150,False,0.1198,0.1381,0.1598,0.1842,0.2141,0.1721,0.5663,0.5841,0.6185,0.6477,0.6664,0.6322,2305704,100.0,05/10/2026 12:52:16
14176,False,0.1156,0.1343,0.1555,0.1778,0.2075,0.1645,0.4226,0.4439,0.4768,0.5078,0.525,0.4857,2305803,100.0,05/10/2026 12:52:23
14192,False,0.1733,0.1948,0.2217,0.2541,0.2885,0.232,0.3828,0.4011,0.4338,0.4662,0.484,0.4402,2305902,100.0,05/10/2026 12:52:23
14214,False,0.1648,0.1887,0.2172,0.2492,0.2815,0.2196,0.4758,0.4927,0.5256,0.5563,0.5724,0.534,2306009,100.0,05/10/2026 12:52:17
14230,False,0.1347,0.1528,0.1768,0.2015,0.2328,0.1645,0.4903,0.5094,0.5388,0.5663,0.5801,0.5477,2306108,100.0,05/10/2026 12:52:16
14257,False,0.1168,0.1344,0.155,0.1792,0.2056,0.1502,0.2443,0.2721,0.3253,0.3773,0.405,0.3282,2306207,100.0,05/10/2026 12:52:19
14273,False,0.1222,0.1402,0.1618,0.187,0.2149,0.1634,0.1847,0.2017,0.235,0.269,0.2872,0.2343,2306306,100.0,05/10/2026 12:52:21
14290,False,0.1151,0.1344,0.1548,0.1782,0.2059,0.1451,0.426,0.4436,0.4736,0.5012,0.5154,0.4821,2306405,100.0,05/10/2026 12:52:21
14311,False,0.1581,0.1778,0.2047,0.2339,0.2694,0.1838,0.3559,0.3743,0.4083,0.439,0.4578,0.4117,2306504,100.0,05/10/2026 12:52:19
14338,False,0.2013,0.2263,0.2577,0.2913,0.3238,0.2468,0.4847,0.5028,0.5327,0.5625,0.5805,0.5429,2306603,100.0,05/10/2026 12:52:19
14354,False,0.1416,0.1625,0.1873,0.2144,0.2471,0.1793,0.4872,0.5073,0.5422,0.5762,0.5923,0.5539,2306702,100.0,05/10/2026 12:52:21
14370,False,0.1088,0.1259,0.1462,0.1693,0.1929,0.1447,0.493,0.5118,0.5457,0.578,0.5947,0.5556,2306801,100.0,05/10/2026 12:52:22
14397,False,0.1537,0.1746,0.2014,0.2299,0.2624,0.2044,0.4817,0.5012,0.5366,0.5672,0.5826,0.548,2306900,100.0,05/10/2026 12:52:21
14419,False,0.1244,0.138,0.1614,0.1849,0.2101,0.1634,0.2733,0.2911,0.3261,0.3605,0.3789,0.3276,2307007,100.0,05/10/2026 12:52:18
14435,False,0.1543,0.1749,0.2017,0.2321,0.2642,0.2313,0.5228,0.5424,0.5727,0.6013,0.616,0.5846,2307106,100.0,05/10/2026 12:52:17
14451,False,0.1583,0.1822,0.2081,0.238,0.273,0.2147,0.5905,0.6066,0.637,0.6656,0.6799,0.648,2307205,100.0,05/10/2026 12:52:19
14478,False,0.1171,0.1346,0.1565,0.1805,0.2048,0.1677,0.3513,0.3793,0.4293,0.4724,0.4948,0.4378,2307304,100.0,05/10/2026 12:52:15
14494,False,0.1588,0.1809,0.2074,0.2376,0.2661,0.2227,0.4292,0.4523,0.4896,0.5244,0.543,0.4994,2307403,100.0,05/10/2026 12:52:19
14516,False,0.1528,0.1731,0.1993,0.2272,0.2611,0.208,0.5479,0.5653,0.5911,0.6154,0.6282,0.6019,2307502,100.0,05/10/2026 12:52:20
14532,False,0.1147,0.1305,0.1513,0.1752,0.2042,0.1581,0.3947,0.4215,0.4631,0.5007,0.5206,0.473,2307601,100.0,05/10/2026 12:52:21
14559,False,0.1053,0.1209,0.1402,0.1628,0.1862,0.1374,0.2059,0.2272,0.2663,0.3051,0.3269,0.2653,2307700,100.0,05/10/2026 12:52:19
14575,False,0.1238,0.141,0.1628,0.1871,0.2136,0.162,0.0238,0.0437,0.0784,0.1123,0.1318,0.07,2307809,100.0,05/10/2026 12:52:15
14591,False,0.1441,0.1649,0.1889,0.217,0.2518,0.1616,0.5076,0.5283,0.5624,0.5926,0.6119,0.5738,2307908,100.0,05/10/2026 12:52:21
14613,False,0.1054,0.1201,0.1392,0.1619,0.1862,0.1439,0.3087,0.3295,0.3655,0.4018,0.4204,0.3698,2308005,100.0,05/10/2026 12:52:20
14630,False,0.1239,0.1417,0.1641,0.1877,0.218,0.1805,0.4498,0.4647,0.4888,0.5117,0.523,0.4953,2308104,100.0,05/10/2026 12:52:22
14656,False,0.117,0.1317,0.1524,0.1757,0.2002,0.1603,0.3541,0.3832,0.4317,0.4757,0.4991,0.4405,2308203,100.0,05/10/2026 12:52:17
14672,False,0.1428,0.1598,0.1858,0.2128,0.2433,0.1993,0.6514,0.6665,0.6934,0.7191,0.7316,0.7106,2308302,100.0,05/10/2026 12:52:20
14680,False,0.1531,0.1743,0.2006,0.2283,0.2616,0.1801,0.5608,0.576,0.6062,0.633,0.6478,0.6175,2308377,100.0,05/10/2026 12:52:21
14699,False,0.1315,0.149,0.1727,0.1988,0.2294,0.2124,0.5681,0.5801,0.6051,0.6283,0.6407,0.6165,2308401,100.0,05/10/2026 12:52:20
14710,False,0.1675,0.1907,0.2178,0.2498,0.2838,0.2266,0.5143,0.5314,0.5574,0.581,0.5921,0.5671,2308500,100.0,05/10/2026 12:52:20
14737,False,0.1583,0.1784,0.2042,0.2338,0.2699,0.2121,0.4313,0.4477,0.4792,0.5071,0.5214,0.4856,2308609,100.0,05/10/2026 12:52:18
14753,False,0.1417,0.1608,0.1858,0.2128,0.2438,0.1749,0.2452,0.2722,0.317,0.3588,0.3792,0.3186,2308708,100.0,05/10/2026 12:52:21
14770,False,0.1731,0.1903,0.2193,0.2481,0.2853,0.1985,0.3769,0.3995,0.4415,0.4789,0.498,0.4479,2308807,100.0,05/10/2026 12:52:19
14796,False,0.1355,0.1554,0.1799,0.206,0.2368,0.1691,0.0006,0.0037,0.0195,0.0501,0.0678,0.0076,2308906,100.0,05/10/2026 12:52:22
14818,False,0.1609,0.184,0.2123,0.2426,0.2733,0.2249,0.3983,0.4238,0.4686,0.5108,0.5332,0.4805,2309003,100.0,05/10/2026 12:52:21
14834,False,0.1426,0.1637,0.189,0.2167,0.2453,0.1819,0.3741,0.3935,0.4302,0.463,0.4787,0.4345,2309102,100.0,05/10/2026 12:52:22
14850,False,0.1257,0.1422,0.1643,0.1886,0.2175,0.1789,0.4957,0.515,0.5473,0.5779,0.5929,0.5573,2309201,100.0,05/10/2026 12:52:16
14877,False,0.1501,0.1713,0.196,0.2235,0.2546,0.2004,0.3333,0.3518,0.3885,0.4229,0.4372,0.3925,2309300,100.0,05/10/2026 12:52:19
14893,False,0.1793,0.2023,0.2315,0.2634,0.2985,0.2416,0.4896,0.5052,0.5311,0.5552,0.5688,0.538,2309409,100.0,05/10/2026 12:52:17
14915,False,0.1615,0.1788,0.2061,0.2345,0.2655,0.2115,0.4732,0.4918,0.5242,0.5553,0.5719,0.5348,2309508,100.0,05/10/2026 12:52:23
14931,False,0.1008,0.1149,0.1338,0.1554,0.1809,0.1348,0.1358,0.1632,0.2145,0.2648,0.2892,0.2083,2309607,100.0,05/10/2026 12:52:22
14958,False,0.1162,0.1319,0.1531,0.1765,0.2052,0.1524,0.1107,0.1388,0.1884,0.2348,0.2552,0.1829,2309706,100.0,05/10/2026 12:52:17
14974,False,0.1462,0.1651,0.189,0.2188,0.2474,0.1747,0.4389,0.4553,0.4945,0.5278,0.5473,0.5023,2309805,100.0,05/10/2026 12:52:16
14990,False,0.1677,0.1915,0.2198,0.2501,0.2855,0.207,0.4823,0.5101,0.5604,0.6051,0.6282,0.5767,2309904,100.0,05/10/2026 12:52:19
15016,False,0.1314,0.1508,0.1744,0.2002,0.2287,0.1606,0.1579,0.1849,0.2334,0.2813,0.3059,0.2319,2310001,100.0,05/10/2026 12:52:20
15032,False,0.1405,0.1596,0.1826,0.2095,0.2392,0.1687,0.3344,0.3574,0.3984,0.4366,0.4559,0.4032,2310100,100.0,05/10/2026 12:52:16
15059,False,0.1376,0.1572,0.1806,0.2084,0.2405,0.1773,0.2492,0.2714,0.3126,0.3509,0.369,0.3134,2310209,100.0,05/10/2026 12:52:18
15075,False,0.2086,0.2347,0.2691,0.3051,0.3442,0.2568,0.272,0.2916,0.3245,0.3546,0.3719,0.326,2310308,100.0,05/10/2026 12:52:22
15091,False,0.1445,0.1628,0.188,0.2162,0.2466,0.166,0.4514,0.4719,0.5061,0.54,0.5571,0.5142,2310407,100.0,05/10/2026 12:52:19
15113,False,0.1791,0.2008,0.2291,0.2611,0.2965,0.2354,0.6,0.615,0.6394,0.6627,0.6736,0.6532,2310506,100.0,05/10/2026 12:52:20
15130,False,0.1254,0.143,0.1657,0.1908,0.2219,0.1715,0.5314,0.5505,0.5842,0.6187,0.6353,0.598,2310605,100.0,05/10/2026 12:52:17
15156,False,0.1424,0.1611,0.1849,0.2123,0.2425,0.1716,0.3888,0.4061,0.4391,0.469,0.487,0.4456,2310704,100.0,05/10/2026 12:52:23
15172,False,0.1494,0.172,0.1969,0.2257,0.2565,0.209,0.5507,0.5708,0.6038,0.6344,0.6509,0.6187,2310803,100.0,05/10/2026 12:52:20
15199,False,0.1384,0.1568,0.1794,0.2071,0.2371,0.1962,0.4771,0.4934,0.5228,0.55,0.5662,0.5298,2310902,100.0,05/10/2026 12:52:21
15210,False,0.1494,0.17,0.1952,0.2235,0.2541,0.2071,0.583,0.5966,0.6245,0.6509,0.6649,0.6342,2311009,100.0,05/10/2026 12:52:16
15237,False,0.1405,0.16,0.185,0.2135,0.2437,0.2051,0.6501,0.6624,0.6834,0.7039,0.7139,0.6934,2311108,100.0,05/10/2026 12:52:18
15253,False,0.1244,0.1418,0.1641,0.1898,0.2175,0.1697,0.6832,0.6963,0.7203,0.7424,0.7536,0.7328,2311207,100.0,05/10/2026 12:52:23
15270,False,0.1291,0.1482,0.1718,0.1981,0.2258,0.1651,0.2008,0.221,0.255,0.2873,0.3043,0.2548,2311306,100.0,05/10/2026 12:52:22
15296,False,0.1374,0.1571,0.1805,0.2086,0.2381,0.1756,0.474,0.4934,0.5229,0.5493,0.5622,0.5327,2311405,100.0,05/10/2026 12:52:23
15318,False,0.1231,0.1396,0.1617,0.1862,0.2156,0.1675,0.3507,0.3827,0.4356,0.4858,0.5124,0.4488,2311504,100.0,05/10/2026 12:52:23
15334,False,0.1349,0.1559,0.1807,0.2053,0.2424,0.1772,0.3361,0.3555,0.39,0.4236,0.4405,0.395,2311603,100.0,05/10/2026 12:52:21
15350,False,0.127,0.1449,0.1678,0.193,0.2211,0.1714,0.499,0.5227,0.5609,0.5956,0.6133,0.5765,2311702,100.0,05/10/2026 12:52:22
15377,False,0.1243,0.1382,0.1596,0.1831,0.2114,0.1621,0.2743,0.3021,0.3463,0.392,0.4128,0.351,2311801,100.0,05/10/2026 12:52:22
15393,False,0.1566,0.1775,0.2036,0.232,0.2672,0.2057,0.5448,0.561,0.5892,0.6158,0.6307,0.5998,2311900,100.0,05/10/2026 12:52:16
15415,False,0.133,0.1508,0.1736,0.1996,0.2326,0.1601,0.4694,0.4882,0.5196,0.5485,0.5633,0.5292,2312007,100.0,05/10/2026 12:52:23
15431,False,0.1291,0.1463,0.1698,0.1958,0.2274,0.1859,0.6698,0.6821,0.7058,0.7273,0.7387,0.7196,2312106,100.0,05/10/2026 12:52:19
15440,False,0.1306,0.1491,0.1722,0.1992,0.2292,0.1853,0.4221,0.4369,0.4645,0.4912,0.5034,0.4694,2311959,100.0,05/10/2026 12:52:23
15458,False,0.1375,0.1567,0.1813,0.2076,0.2425,0.1786,0.4912,0.5114,0.5494,0.5841,0.6016,0.5637,2312205,100.0,05/10/2026 12:52:20
15474,False,0.1423,0.1605,0.1868,0.2135,0.246,0.2053,0.2658,0.2894,0.3285,0.3679,0.387,0.3318,2312304,100.0,05/10/2026 12:52:16
15490,False,0.1359,0.155,0.1799,0.2057,0.2338,0.1738,0.1356,0.163,0.2113,0.2578,0.2856,0.2075,2312403,100.0,05/10/2026 12:52:20
15512,False,0.1577,0.1781,0.2054,0.2345,0.2726,0.2087,0.5809,0.6011,0.6399,0.673,0.6883,0.6548,2312502,100.0,05/10/2026 12:52:20
15539,False,0.1614,0.1849,0.2123,0.24,0.2726,0.1862,0.3433,0.3636,0.401,0.4389,0.4549,0.4047,2312601,100.0,05/10/2026 12:52:19
15555,False,0.1308,0.1483,0.1698,0.1971,0.2261,0.1731,0.3254,0.3433,0.3767,0.4083,0.4236,0.3791,2312700,100.0,05/10/2026 12:52:23
15571,False,0.133,0.1528,0.1769,0.203,0.2318,0.1458,0.3711,0.4006,0.4526,0.4986,0.5263,0.4626,2312809,100.0,05/10/2026 12:52:21
15598,False,0.1259,0.1427,0.1648,0.1893,0.217,0.1634,0.1926,0.2249,0.2774,0.3252,0.3517,0.2775,2312908,100.0,05/10/2026 12:52:23
15610,False,0.1489,0.1693,0.1947,0.2245,0.2573,0.1906,0.4682,0.4934,0.5336,0.5723,0.5897,0.548,2313005,100.0,05/10/2026 12:52:21
15636,False,0.1401,0.1597,0.1842,0.2106,0.2417,0.1961,0.5225,0.5393,0.572,0.6002,0.6166,0.5846,2313104,100.0,05/10/2026 12:52:22
15652,False,0.153,0.1764,0.2022,0.2333,0.2657,0.204,0.4904,0.5065,0.5317,0.5562,0.5704,0.5397,2313203,100.0,05/10/2026 12:52:22
15679,False,0.1696,0.1909,0.2188,0.2491,0.2845,0.209,0.2992,0.3194,0.3507,0.3808,0.3974,0.3545,2313302,100.0,05/10/2026 12:52:20
15695,False,0.1057,0.1204,0.1403,0.1617,0.1866,0.1533,0.0732,0.1019,0.1459,0.1899,0.2178,0.1391,2313401,100.0,05/10/2026 12:52:22
15717,False,0.1346,0.1536,0.1774,0.2041,0.2342,0.162,0.3324,0.3524,0.3864,0.418,0.4355,0.3913,2313500,100.0,05/10/2026 12:52:23
15733,False,0.121,0.1386,0.1612,0.1843,0.2116,0.1772,0.2463,0.2686,0.3074,0.3452,0.3624,0.3097,2313609,100.0,05/10/2026 12:52:22
15750,False,0.1366,0.157,0.1802,0.2057,0.2368,0.1883,0.4893,0.5104,0.5467,0.5817,0.5975,0.5548,2313708,100.0,05/10/2026 12:52:18
15776,False,0.1384,0.1568,0.1811,0.207,0.2386,0.1779,0.3783,0.3948,0.4275,0.4588,0.4751,0.4336,2313807,100.0,05/10/2026 12:52:21
15792,False,0.147,0.1683,0.1937,0.2222,0.255,0.1795,0.4217,0.4426,0.4738,0.5054,0.5196,0.4812,2313906,100.0,05/10/2026 12:52:20
15814,False,0.1322,0.1518,0.1758,0.2007,0.2321,0.193,0.4995,0.5189,0.5491,0.5765,0.5915,0.5599,2314003,100.0,05/10/2026 12:52:16
15830,False,0.1319,0.1486,0.1717,0.1986,0.2273,0.1905,0.3894,0.4062,0.4356,0.4631,0.4765,0.4417,2314102,100.0,05/10/2026 12:52:21
15857,False,0.0966,0.1102,0.1285,0.1497,0.1706,0.1329,0.0913,0.1179,0.1711,0.2206,0.2469,0.1626,2307650,100.0,05/10/2026 12:52:16
15873,False,0.1645,0.1867,0.2138,0.2455,0.2805,0.1971,0.401,0.4203,0.4504,0.4782,0.4936,0.4569,2300754,100.0,05/10/2026 12:52:20
15881,False,0.147,0.1672,0.1928,0.2218,0.253,0.2309,0.4218,0.4439,0.4882,0.5296,0.5488,0.5002,2304236,100.0,05/10/2026 12:52:23
15890,False,0.131,0.1465,0.1707,0.1959,0.2247,0.1891,0.1384,0.1616,0.2084,0.2525,0.2763,0.2045,2304251,100.0,05/10/2026 12:52:21
15911,False,0.1148,0.1305,0.1514,0.1746,0.2005,0.1477,0.192,0.2217,0.2761,0.3275,0.3509,0.2761,2304350,100.0,05/10/2026 12:52:20
15920,False,0.1333,0.1536,0.1767,0.2025,0.2329,0.1508,0.3335,0.355,0.3929,0.4277,0.4469,0.3966,2305332,100.0,05/10/2026 12:52:21
15938,False,0.1244,0.1404,0.1626,0.1866,0.2154,0.1588,0.2327,0.2543,0.2952,0.3334,0.3538,0.2962,2305357,100.0,05/10/2026 12:52:22
15954,False,0.1565,0.1794,0.2055,0.2351,0.2658,0.1993,0.178,0.1985,0.2307,0.2619,0.2788,0.2287,2306553,100.0,05/10/2026 12:52:21
15970,False,0.1313,0.1499,0.1737,0.1996,0.2279,0.1736,0.5183,0.5386,0.5733,0.6057,0.622,0.5852,2308351,100.0,05/10/2026 12:52:16
15989,False,0.1298,0.1463,0.1693,0.1949,0.2261,0.1729,0.5309,0.5533,0.5963,0.6342,0.6545,0.6135,2304269,100.0,05/10/2026 12:52:17
15997,False,0.1238,0.1424,0.1636,0.1889,0.2155,0.1558,0.1321,0.1572,0.1996,0.24,0.2608,0.1955,2310258,100.0,05/10/2026 12:52:21
98531,False,0.1075,0.1221,0.1434,0.1647,0.1942,0.1487,0.5964,0.609,0.6333,0.6565,0.6682,0.6439,2311355,100.0,05/10/2026 12:52:22
98558,False,0.1671,0.1864,0.2138,0.2446,0.2817,0.1909,0.3901,0.4097,0.4459,0.4763,0.4913,0.4514,2313757,100.0,05/10/2026 12:52:21
98574,False,0.1242,0.1414,0.1639,0.1884,0.2196,0.1698,0.1904,0.221,0.2715,0.3211,0.3477,0.2712,2313955,100.0,05/10/2026 12:52:22
97012,False,0.1456,0.1667,0.1918,0.2202,0.2508,0.1915,0.009,0.0289,0.1037,0.1864,0.2347,0.1476,5300108,100.0,05/10/2026 12:52:12
56006,False,0.1655,0.1865,0.2144,0.2447,0.2783,0.2155,0.0026,0.0105,0.0513,0.1068,0.1366,0.067,3204658,100.0,05/10/2026 12:52:16
56014,False,0.2181,0.2459,0.2791,0.3157,0.357,0.2789,0.1529,0.1851,0.2427,0.2964,0.3232,0.2796,3200102,100.0,05/10/2026 12:52:15
56022,False,0.1883,0.2151,0.2449,0.2791,0.3148,0.243,0.0014,0.0061,0.0316,0.0751,0.1028,0.0124,3200169,100.0,05/10/2026 12:52:14
56030,False,0.206,0.2335,0.2648,0.3001,0.3424,0.2536,0.0045,0.0147,0.0582,0.112,0.1399,0.0779,3200201,100.0,05/10/2026 12:52:15
56049,False,0.1933,0.2192,0.249,0.284,0.3223,0.2552,0.3593,0.3835,0.4235,0.4642,0.4829,0.4576,3202652,100.0,05/10/2026 12:52:14
56057,False,0.182,0.2082,0.2387,0.2698,0.3066,0.2407,0.3176,0.3479,0.4029,0.4566,0.4826,0.4567,3200300,100.0,05/10/2026 12:52:13
56065,False,0.1864,0.2098,0.2396,0.2709,0.3094,0.2424,0.016,0.0468,0.1122,0.1704,0.2036,0.0994,3200359,100.0,05/10/2026 12:52:14
56073,False,0.1521,0.1704,0.1962,0.2249,0.258,0.193,0.1072,0.1343,0.1863,0.2405,0.2735,0.2211,3200409,100.0,05/10/2026 12:52:16
56081,False,0.1224,0.1387,0.1607,0.1845,0.2117,0.1639,0.0014,0.007,0.0343,0.0832,0.1149,0.0002,3205150,100.0,05/10/2026 12:52:16
56090,False,0.1933,0.2194,0.2497,0.2831,0.318,0.2383,0.0014,0.006,0.038,0.0855,0.1144,0.0435,3200508,100.0,05/10/2026 12:52:15
56103,False,0.171,0.1922,0.2204,0.2518,0.2901,0.2219,0.1998,0.2369,0.2993,0.3658,0.4061,0.3539,3203346,100.0,05/10/2026 12:52:13
56111,False,0.188,0.212,0.2435,0.277,0.3127,0.244,0.0617,0.0903,0.1493,0.2072,0.2421,0.182,3200607,100.0,05/10/2026 12:52:16
56120,False,0.1473,0.1661,0.1919,0.2215,0.2523,0.1937,0.2728,0.293,0.3354,0.3775,0.4005,0.3693,3203320,100.0,05/10/2026 12:52:16
56138,False,0.1502,0.1687,0.194,0.2223,0.252,0.1959,0.0796,0.1081,0.1578,0.2062,0.2326,0.1796,3200706,100.0,05/10/2026 12:52:15
56146,False,0.2283,0.2538,0.2878,0.3264,0.3679,0.2831,0.0887,0.1162,0.1701,0.226,0.2527,0.1962,3201159,100.0,05/10/2026 12:52:16
56154,False,0.1945,0.2186,0.2499,0.2818,0.3182,0.2417,0.1059,0.1337,0.1803,0.2301,0.2578,0.2099,3200805,100.0,05/10/2026 12:52:16
56162,False,0.1689,0.1901,0.2178,0.2477,0.2805,0.2244,0.1511,0.1817,0.2382,0.2943,0.3203,0.2705,3204955,100.0,05/10/2026 12:52:16
56170,False,0.2133,0.2373,0.2715,0.3064,0.3498,0.2749,0.0416,0.0636,0.1116,0.1605,0.187,0.135,3200904,100.0,05/10/2026 12:52:15
56189,False,0.2174,0.2445,0.278,0.3127,0.3563,0.2843,0.0046,0.0169,0.0655,0.122,0.1517,0.087,3205010,100.0,05/10/2026 12:52:16
56197,False,0.1617,0.1828,0.2097,0.2385,0.27,0.2152,0.0016,0.0057,0.0315,0.0732,0.1019,0.0093,3201001,100.0,05/10/2026 12:52:14
56200,False,0.2002,0.2258,0.2574,0.291,0.3298,0.2468,0.1395,0.1656,0.2175,0.2692,0.2936,0.2158,3204252,100.0,05/10/2026 12:52:16
56219,False,0.1727,0.1962,0.2248,0.2557,0.2936,0.2207,0.004,0.0179,0.0747,0.1343,0.1695,0.0973,3201100,100.0,05/10/2026 12:52:15
56227,False,0.153,0.1712,0.1972,0.2258,0.2552,0.1971,0.0013,0.0052,0.031,0.0751,0.0969,0.0127,3205176,100.0,05/10/2026 12:52:16
56235,False,0.1451,0.1662,0.1915,0.2205,0.2503,0.1929,0.2881,0.3149,0.3655,0.4165,0.445,0.4124,3201209,100.0,05/10/2026 12:52:15
56251,False,0.1881,0.2084,0.2398,0.2711,0.3098,0.2351,0.008,0.0322,0.0963,0.1639,0.2033,0.1313,3201308,100.0,05/10/2026 12:52:14
56278,False,0.1658,0.1884,0.217,0.2481,0.2807,0.2192,0.4071,0.4323,0.479,0.5234,0.5508,0.5305,3201407,100.0,05/10/2026 12:52:14
56294,False,0.1459,0.1673,0.1927,0.221,0.2559,0.1972,0.1896,0.2229,0.2825,0.3428,0.3765,0.3335,3201506,100.0,05/10/2026 12:52:15
56308,False,0.1875,0.2108,0.239,0.2716,0.3065,0.2457,0.0043,0.0214,0.0785,0.146,0.1835,0.1089,3202256,100.0,05/10/2026 12:52:15
56316,False,0.2449,0.2704,0.3074,0.3453,0.3836,0.3057,0.1996,0.2209,0.2638,0.3016,0.3238,0.2619,3201605,100.0,05/10/2026 12:52:14
56332,False,0.1851,0.2094,0.24,0.2727,0.3049,0.2392,0.3129,0.342,0.399,0.457,0.4857,0.4503,3201704,100.0,05/10/2026 12:52:15
56359,False,0.1644,0.186,0.214,0.2428,0.2779,0.203,0.1347,0.1663,0.2217,0.2776,0.3063,0.2464,3201803,100.0,05/10/2026 12:52:16
56375,False,0.1489,0.168,0.1935,0.2214,0.2511,0.2007,0.3329,0.362,0.4179,0.4751,0.5053,0.4775,3201902,100.0,05/10/2026 12:52:15
56391,False,0.1668,0.1903,0.2176,0.2474,0.2822,0.226,0.0763,0.106,0.1656,0.2272,0.2594,0.1952,3202009,100.0,05/10/2026 12:52:13
56413,False,0.2082,0.2371,0.2698,0.3035,0.3407,0.2684,0.0214,0.0484,0.0988,0.1456,0.168,0.0875,3202108,100.0,05/10/2026 12:52:15
56430,False,0.1815,0.203,0.2325,0.2653,0.3015,0.231,0.0022,0.0069,0.036,0.0833,0.1132,0.0463,3202207,100.0,05/10/2026 12:52:14
56456,False,0.2023,0.2277,0.2591,0.2931,0.3285,0.2618,0.0746,0.1043,0.1557,0.2143,0.2447,0.1883,3202306,100.0,05/10/2026 12:52:15
56472,False,0.1995,0.2257,0.2575,0.2923,0.3288,0.2551,0.184,0.2142,0.2704,0.3295,0.3643,0.316,3202405,100.0,05/10/2026 12:52:15
56499,False,0.1979,0.2237,0.2556,0.2895,0.3218,0.2471,0.0696,0.103,0.1668,0.2287,0.262,0.2001,3202504,100.0,05/10/2026 12:52:13
56502,False,0.1485,0.1694,0.1955,0.2238,0.2583,0.1898,0.2294,0.258,0.3101,0.361,0.3868,0.3423,3202553,100.0,05/10/2026 12:52:14
56510,False,0.1535,0.1762,0.2013,0.2296,0.2646,0.2084,0.2149,0.2466,0.3074,0.3654,0.3983,0.3505,3202603,100.0,05/10/2026 12:52:14
56537,False,0.206,0.2335,0.2648,0.2978,0.3376,0.2686,0.0584,0.0904,0.1452,0.2057,0.2316,0.1761,3202702,100.0,05/10/2026 12:52:16
56553,False,0.1686,0.1906,0.2177,0.2489,0.2838,0.2144,0.2889,0.3079,0.3473,0.3873,0.4098,0.3806,3202801,100.0,05/10/2026 12:52:15
56570,False,0.1867,0.2089,0.2399,0.2723,0.3107,0.2468,0.2422,0.2773,0.3374,0.3972,0.4315,0.385,3202900,100.0,05/10/2026 12:52:14
56596,False,0.1952,0.2197,0.2506,0.2836,0.3208,0.2539,0.2927,0.3161,0.362,0.4075,0.4332,0.4024,3203007,100.0,05/10/2026 12:52:13
56618,False,0.189,0.2141,0.2453,0.2768,0.315,0.2322,0.0057,0.0231,0.0864,0.1546,0.1983,0.117,3203106,100.0,05/10/2026 12:52:13
56626,False,0.1706,0.192,0.2206,0.2525,0.2864,0.2281,0.1011,0.1312,0.1911,0.252,0.2828,0.2263,3203130,100.0,05/10/2026 12:52:15
56634,False,0.1979,0.2235,0.2542,0.2896,0.3263,0.2558,0.1537,0.1817,0.2306,0.2846,0.3138,0.2683,3203205,100.0,05/10/2026 12:52:16
56650,False,0.1994,0.2272,0.2593,0.2924,0.3286,0.2726,0.0568,0.0831,0.1322,0.1814,0.208,0.1526,3203304,100.0,05/10/2026 12:52:15
56677,False,0.1732,0.1954,0.2251,0.2564,0.2914,0.2186,0.0016,0.0052,0.0285,0.0713,0.0986,0.0276,3203403,100.0,05/10/2026 12:52:13
56693,False,0.2025,0.2248,0.2579,0.2935,0.332,0.2613,0.0081,0.0307,0.0754,0.1194,0.1412,0.0645,3203502,100.0,05/10/2026 12:52:14
56715,False,0.1927,0.2209,0.2519,0.285,0.3213,0.2297,0.1274,0.158,0.2149,0.2709,0.2993,0.2135,3203601,100.0,05/10/2026 12:52:14
56731,False,0.1879,0.2119,0.2419,0.2745,0.3148,0.2421,0.0568,0.09,0.1458,0.2033,0.2354,0.1736,3203700,100.0,05/10/2026 12:52:15
56758,False,0.1654,0.1876,0.2154,0.2451,0.2777,0.2088,0.0056,0.0206,0.0785,0.1421,0.1744,0.104,3203809,100.0,05/10/2026 12:52:14
56774,False,0.1919,0.2198,0.2497,0.2824,0.3175,0.2487,0.0051,0.018,0.0665,0.1218,0.148,0.0907,3203908,100.0,05/10/2026 12:52:15
56790,False,0.2272,0.2578,0.2911,0.3269,0.3632,0.2882,0.035,0.0606,0.107,0.1532,0.1799,0.1264,3204005,100.0,05/10/2026 12:52:13
56812,False,0.1801,0.2046,0.2333,0.2634,0.3014,0.2366,0.1165,0.1418,0.1951,0.2419,0.2622,0.1886,3204104,100.0,05/10/2026 12:52:14
56839,False,0.1575,0.1768,0.2033,0.2329,0.2682,0.2013,0.1182,0.1484,0.2011,0.256,0.2879,0.2343,3204203,100.0,05/10/2026 12:52:14
56855,False,0.1833,0.2102,0.2395,0.2702,0.3082,0.2258,0.2501,0.2711,0.312,0.3552,0.3761,0.3394,3204302,100.0,05/10/2026 12:52:16
56871,False,0.1415,0.1615,0.1863,0.2126,0.2443,0.1863,0.36,0.386,0.4352,0.4806,0.5055,0.476,3204401,100.0,05/10/2026 12:52:14
56898,False,0.1746,0.1955,0.2245,0.2552,0.2925,0.2233,0.0044,0.0159,0.0742,0.1383,0.1767,0.1018,3204500,100.0,05/10/2026 12:52:16
56910,False,0.2108,0.2373,0.2683,0.305,0.3454,0.2739,0.2166,0.2511,0.3158,0.3752,0.4085,0.3674,3204609,100.0,05/10/2026 12:52:16
56936,False,0.175,0.2006,0.2295,0.2613,0.2966,0.2267,0.1029,0.1274,0.181,0.2325,0.26,0.2101,3204708,100.0,05/10/2026 12:52:14
56952,False,0.1849,0.2092,0.2396,0.2714,0.3048,0.2305,0.0027,0.0103,0.0518,0.1036,0.1256,0.0402,3204807,100.0,05/10/2026 12:52:15
56979,False,0.1991,0.2239,0.2544,0.2883,0.3293,0.256,0.0022,0.0083,0.0441,0.0913,0.1162,0.0268,3204906,100.0,05/10/2026 12:52:15
56995,False,0.1858,0.2102,0.2399,0.2734,0.3087,0.2354,0.0022,0.0096,0.0495,0.117,0.1535,0.0774,3205002,100.0,05/10/2026 12:52:16
57010,False,0.1581,0.1813,0.2091,0.239,0.2714,0.2055,0.0108,0.035,0.0984,0.1642,0.2029,0.1316,3205101,100.0,05/10/2026 12:52:14
57037,False,0.161,0.1822,0.209,0.2391,0.2697,0.2052,0.0644,0.1043,0.176,0.2465,0.2834,0.2189,3205200,100.0,05/10/2026 12:52:16
57053,False,0.1546,0.1756,0.202,0.2303,0.2633,0.2015,0.0031,0.0117,0.058,0.1283,0.1704,0.0863,3205309,100.0,05/10/2026 12:52:15
57070,False,0.1402,0.1608,0.1862,0.2153,0.2445,0.1927,0.214,0.243,0.2941,0.3511,0.3738,0.3314,3203353,100.0,05/10/2026 12:52:16
57096,False,0.1531,0.1763,0.2015,0.2313,0.2598,0.2088,0.3063,0.3263,0.3724,0.4181,0.4427,0.4116,3202454,100.0,05/10/2026 12:52:15
57118,False,0.179,0.2033,0.2323,0.2649,0.3016,0.2427,0.0853,0.1148,0.1684,0.2197,0.2489,0.1955,3204351,100.0,05/10/2026 12:52:13
57134,False,0.178,0.2013,0.2302,0.263,0.2995,0.2307,0.0655,0.088,0.1339,0.1762,0.1971,0.1256,3203056,100.0,05/10/2026 12:52:15
57150,False,0.2393,0.2671,0.3029,0.3401,0.3853,0.3038,0.0812,0.1112,0.1577,0.2024,0.2283,0.1511,3204054,100.0,05/10/2026 12:52:15
57916,False,0.1313,0.1487,0.1721,0.1975,0.224,0.1793,0.2145,0.2431,0.2976,0.3518,0.384,0.3337,3203163,100.0,05/10/2026 12:52:15
57932,False,0.1518,0.1699,0.1956,0.2236,0.2541,0.1976,0.3753,0.4036,0.454,0.5088,0.5348,0.5141,3204559,100.0,05/10/2026 12:52:15
57959,False,0.1606,0.1817,0.209,0.2385,0.2694,0.2122,0.3376,0.3637,0.4058,0.4481,0.4704,0.4439,3205036,100.0,05/10/2026 12:52:16
57975,False,0.1869,0.2083,0.2396,0.2717,0.3053,0.2483,0.4183,0.4436,0.4944,0.543,0.5711,0.5496,3205069,100.0,05/10/2026 12:52:15
57991,False,0.1645,0.185,0.2127,0.2425,0.2792,0.209,0.0057,0.0193,0.0708,0.1258,0.1553,0.0584,3200136,100.0,05/10/2026 12:52:16
92010,False,0.179,0.2023,0.2303,0.2626,0.2974,0.2413,0.1373,0.201,0.3137,0.4242,0.4782,0.4223,5200100,100.0,05/10/2026 12:52:20
92029,False,0.1681,0.1886,0.2173,0.2488,0.2832,0.2148,0.0052,0.0216,0.1138,0.246,0.3237,0.1872,5203559,100.0,05/10/2026 12:52:20
92037,False,0.2307,0.2574,0.2917,0.3282,0.3709,0.2571,0.0259,0.0808,0.2025,0.3292,0.383,0.2812,5200209,100.0,05/10/2026 12:52:19
92053,False,0.1688,0.1919,0.2213,0.252,0.2822,0.2338,0.1099,0.1821,0.3039,0.4192,0.4797,0.4146,5200308,100.0,05/10/2026 12:52:22
92061,False,0.262,0.2935,0.3305,0.369,0.4099,0.3144,0.0793,0.1368,0.2413,0.3385,0.38,0.2334,5204953,100.0,05/10/2026 12:52:22
92096,False,0.1718,0.1999,0.2289,0.2607,0.2947,0.2226,0.0091,0.031,0.1291,0.238,0.3028,0.1787,5200506,100.0,05/10/2026 12:52:23
92100,False,0.1624,0.1852,0.2121,0.2404,0.2735,0.2107,0.0132,0.051,0.1664,0.2866,0.3491,0.2461,5205455,100.0,05/10/2026 12:52:18
92118,False,0.2346,0.2599,0.2943,0.3309,0.3708,0.2961,0.0452,0.1093,0.2271,0.3319,0.3858,0.216,5200605,100.0,05/10/2026 12:52:20
92126,False,0.2605,0.2902,0.3271,0.3654,0.4074,0.2964,0.0721,0.1537,0.298,0.432,0.4959,0.2985,5205521,100.0,05/10/2026 12:52:22
92150,False,0.2257,0.2533,0.2872,0.3239,0.3663,0.2609,0.0039,0.0137,0.0651,0.1595,0.2187,0.0176,5200803,100.0,05/10/2026 12:52:20
92169,False,0.1589,0.1818,0.2094,0.2382,0.2709,0.1955,0.0158,0.0588,0.208,0.3464,0.414,0.3083,5213855,100.0,05/10/2026 12:52:23
92177,False,0.1717,0.1955,0.2233,0.2557,0.2923,0.2261,0.015,0.0609,0.17,0.2864,0.3497,0.2379,5200902,100.0,05/10/2026 12:52:18
92207,False,0.1883,0.2135,0.2434,0.2771,0.3124,0.2573,0.1566,0.2156,0.3203,0.4193,0.4711,0.4053,5207352,100.0,05/10/2026 12:52:20
92215,False,0.1793,0.2017,0.2305,0.2624,0.2989,0.2454,0.1932,0.2571,0.37,0.4777,0.5301,0.4857,5201108,100.0,05/10/2026 12:52:19
92223,False,0.2382,0.266,0.301,0.3374,0.3807,0.2789,0.004,0.0142,0.0712,0.1714,0.2321,0.0116,5207535,100.0,05/10/2026 12:52:19
92231,False,0.3391,0.3731,0.4128,0.4544,0.4978,0.401,0.0039,0.0151,0.0721,0.1754,0.2282,0.0497,5201207,100.0,05/10/2026 12:52:16
92258,False,0.1689,0.1914,0.2191,0.2504,0.2857,0.2187,0.018,0.0595,0.1888,0.3206,0.386,0.2857,5201306,100.0,05/10/2026 12:52:22
92266,False,0.1937,0.221,0.2519,0.2841,0.3192,0.2572,0.0019,0.0093,0.0495,0.1244,0.1676,0.0083,5209150,100.0,05/10/2026 12:52:22
92274,False,0.1727,0.1957,0.2231,0.2555,0.288,0.2347,0.0108,0.034,0.1416,0.2862,0.3547,0.2309,5201405,100.0,05/10/2026 12:52:22
92282,False,0.1558,0.177,0.2024,0.2318,0.2661,0.2032,0.0046,0.0161,0.0828,0.205,0.2857,0.1112,5210562,100.0,05/10/2026 12:52:22
92290,False,0.2298,0.2533,0.2872,0.3252,0.3629,0.2846,0.0165,0.0605,0.2031,0.339,0.427,0.3074,5201504,100.0,05/10/2026 12:52:18
92312,False,0.1435,0.1631,0.1877,0.2155,0.2479,0.1799,0.0026,0.014,0.0805,0.1875,0.2476,0.0652,5201603,100.0,05/10/2026 12:52:17
92320,False,0.215,0.2396,0.2733,0.3076,0.3511,0.2583,0.003,0.0149,0.0884,0.2236,0.3192,0.1299,5212956,100.0,05/10/2026 12:52:21
92339,False,0.1922,0.2164,0.2477,0.2804,0.3174,0.2562,0.054,0.0979,0.1716,0.2486,0.2978,0.2215,5201702,100.0,05/10/2026 12:52:19
92347,False,0.1997,0.2249,0.2545,0.2897,0.3293,0.2177,0.0048,0.0162,0.0819,0.2142,0.2939,0.1062,5213053,100.0,05/10/2026 12:52:20
92355,False,0.1813,0.2037,0.234,0.2658,0.3033,0.2311,0.0065,0.021,0.1129,0.2445,0.3081,0.1846,5201801,100.0,05/10/2026 12:52:16
92363,False,0.1605,0.1802,0.2075,0.2375,0.2719,0.2265,0.3724,0.399,0.4492,0.4981,0.525,0.4959,5213756,100.0,05/10/2026 12:52:22
92444,False,0.209,0.2366,0.2686,0.303,0.3442,0.2618,0.0056,0.0203,0.1029,0.2138,0.2717,0.1579,5215256,100.0,05/10/2026 12:52:19
92460,False,0.2153,0.2399,0.274,0.3101,0.3425,0.2565,0.0865,0.1432,0.2493,0.355,0.4102,0.3222,5215652,100.0,05/10/2026 12:52:21
92495,False,0.2722,0.3013,0.3386,0.3775,0.4254,0.3228,0.0062,0.0197,0.0941,0.2162,0.2896,0.1471,5202502,100.0,05/10/2026 12:52:18
92517,False,0.1838,0.2085,0.2379,0.2717,0.3081,0.2437,0.0034,0.0123,0.0589,0.1363,0.1893,0.0118,5202601,100.0,05/10/2026 12:52:21
92550,False,0.2238,0.2525,0.2859,0.3205,0.3566,0.2486,0.0794,0.1441,0.2706,0.3888,0.4445,0.3673,5202809,100.0,05/10/2026 12:52:21
92568,False,0.2201,0.2524,0.2861,0.3208,0.3675,0.2759,0.0083,0.0306,0.1289,0.2672,0.3457,0.2111,5219258,100.0,05/10/2026 12:52:21
92614,False,0.2303,0.2585,0.2939,0.3313,0.3732,0.2746,0.003,0.0122,0.0619,0.151,0.1992,0.0231,5203104,100.0,05/10/2026 12:52:16
92622,False,0.2246,0.2527,0.2875,0.3234,0.3624,0.2737,0.063,0.135,0.2796,0.4213,0.4934,0.3918,5220058,100.0,05/10/2026 12:52:21
92630,False,0.2117,0.2372,0.2706,0.305,0.3453,0.2668,0.0078,0.034,0.1624,0.3128,0.3988,0.2629,5203203,100.0,05/10/2026 12:52:23
92649,False,0.2286,0.253,0.2862,0.3223,0.3635,0.2663,0.004,0.0191,0.1034,0.2302,0.3053,0.0552,5220157,100.0,05/10/2026 12:52:21
92657,False,0.1854,0.2104,0.2391,0.2707,0.3084,0.2558,0.0107,0.042,0.177,0.3294,0.4125,0.2925,5203302,100.0,05/10/2026 12:52:22
92665,False,0.141,0.1608,0.1851,0.2138,0.2436,0.1829,0.0116,0.0443,0.176,0.3323,0.412,0.2827,5220264,100.0,05/10/2026 12:52:19
92673,False,0.1919,0.217,0.2475,0.28,0.3168,0.2492,0.0053,0.0191,0.0889,0.1734,0.2172,0.1249,5203401,100.0,05/10/2026 12:52:18
92690,False,0.2007,0.2281,0.2579,0.2934,0.3338,0.2708,0.0788,0.1252,0.2098,0.2879,0.3282,0.2632,5203500,100.0,05/10/2026 12:52:16
92703,False,0.1777,0.2015,0.2289,0.262,0.2959,0.2356,0.0042,0.0183,0.1018,0.2318,0.3043,0.1726,5220454,100.0,05/10/2026 12:52:22
92711,False,0.2038,0.2273,0.2588,0.2937,0.3337,0.2517,0.0043,0.0179,0.091,0.2157,0.2927,0.1488,5203609,100.0,05/10/2026 12:52:20
92720,False,0.2098,0.2358,0.2696,0.3034,0.3443,0.2599,0.0036,0.0148,0.0735,0.1798,0.2325,0.0232,5220686,100.0,05/10/2026 12:52:19
92754,False,0.2123,0.2413,0.2758,0.3106,0.3469,0.2629,0.0679,0.1296,0.2429,0.3528,0.4101,0.3234,5203807,100.0,05/10/2026 12:52:21
92762,False,0.2646,0.2973,0.3335,0.3714,0.4094,0.3189,0.1015,0.1793,0.3089,0.428,0.4911,0.3129,5221080,100.0,05/10/2026 12:52:22
92770,False,0.2367,0.2637,0.3011,0.3377,0.3791,0.312,0.0275,0.0781,0.1833,0.2858,0.3343,0.2465,5203906,100.0,05/10/2026 12:52:18
92789,False,0.2248,0.2515,0.2864,0.3212,0.3604,0.279,0.0028,0.012,0.0693,0.1714,0.232,0.08,5221452,100.0,05/10/2026 12:52:23
92797,False,0.1959,0.221,0.2525,0.2857,0.3245,0.2411,0.0036,0.0142,0.0727,0.1662,0.2191,0.1098,5204003,100.0,05/10/2026 12:52:18
92800,False,0.1488,0.1663,0.1914,0.22,0.2473,0.2289,0.0022,0.0099,0.0527,0.1223,0.1639,0.0655,5221551,100.0,05/10/2026 12:52:17
92819,False,0.2149,0.2419,0.2759,0.3118,0.3499,0.282,0.0249,0.0738,0.1802,0.2849,0.3372,0.2461,5204102,100.0,05/10/2026 12:52:17
92827,False,0.2058,0.2327,0.264,0.2988,0.3379,0.249,0.018,0.0701,0.2188,0.3584,0.4511,0.3271,5218789,100.0,05/10/2026 12:52:23
92835,False,0.2323,0.2608,0.2947,0.3317,0.3721,0.2578,0.0058,0.0292,0.1271,0.2543,0.3333,0.1942,5204201,100.0,05/10/2026 12:52:22
92851,False,0.1854,0.2099,0.2388,0.2721,0.3069,0.258,0.2552,0.2994,0.3769,0.4487,0.4834,0.4437,5204300,100.0,05/10/2026 12:52:18
92860,False,0.2993,0.3321,0.3692,0.4111,0.4492,0.3262,0.0084,0.0291,0.1247,0.2492,0.305,0.0944,5209457,100.0,05/10/2026 12:52:21
92878,False,0.196,0.2196,0.2492,0.2825,0.3222,0.2567,0.0915,0.1373,0.2242,0.3116,0.3595,0.2874,5204409,100.0,05/10/2026 12:52:17
92886,False,0.1975,0.2234,0.2539,0.2881,0.3266,0.2586,0.0097,0.0433,0.1593,0.2833,0.3402,0.2408,5205513,100.0,05/10/2026 12:52:21
92894,False,0.1984,0.2208,0.2517,0.2837,0.3217,0.2652,0.096,0.1617,0.2768,0.3837,0.43,0.3639,5204508,100.0,05/10/2026 12:52:20
92908,False,0.1874,0.2123,0.2419,0.2743,0.3112,0.2372,0.0099,0.0402,0.1423,0.2649,0.3233,0.2176,5219738,100.0,05/10/2026 12:52:19
92916,False,0.2143,0.2403,0.2733,0.3092,0.346,0.2659,0.0038,0.0168,0.0846,0.2029,0.2665,0.1319,5204607,100.0,05/10/2026 12:52:17
92924,False,0.1791,0.2044,0.2335,0.2648,0.3015,0.2515,0.3363,0.3711,0.429,0.4843,0.514,0.4821,5205471,100.0,05/10/2026 12:52:19
92932,False,0.1927,0.2176,0.2476,0.2792,0.3165,0.2459,0.1115,0.1765,0.2847,0.3981,0.4493,0.3826,5204706,100.0,05/10/2026 12:52:20
92940,False,0.2467,0.2752,0.3112,0.3491,0.3916,0.2916,0.0579,0.1124,0.213,0.3137,0.3706,0.2856,5200555,100.0,05/10/2026 12:52:22
92959,False,0.1604,0.1832,0.2109,0.2396,0.2754,0.2205,0.0124,0.0388,0.1339,0.2313,0.2807,0.1862,5204805,100.0,05/10/2026 12:52:18
92967,False,0.2274,0.2548,0.2909,0.3287,0.3671,0.2977,0.041,0.0707,0.1353,0.2,0.2355,0.1576,5205059,100.0,05/10/2026 12:52:18
92975,False,0.2181,0.2467,0.278,0.3135,0.3563,0.2824,0.0128,0.0435,0.1592,0.2801,0.34,0.1387,5204904,100.0,05/10/2026 12:52:20
92983,False,0.2156,0.2436,0.2773,0.3148,0.3503,0.2789,0.021,0.0674,0.2153,0.3644,0.4434,0.3288,5212055,100.0,05/10/2026 12:52:21
92991,False,0.1725,0.1951,0.2233,0.2534,0.2898,0.2366,0.071,0.1169,0.2047,0.289,0.3454,0.2638,5205000,100.0,05/10/2026 12:52:21
93009,False,0.231,0.2576,0.2917,0.3298,0.3724,0.2939,0.0433,0.0915,0.1815,0.2728,0.3186,0.2278,5201454,100.0,05/10/2026 12:52:17
93017,False,0.1717,0.1942,0.2227,0.2558,0.2904,0.2441,0.0048,0.0204,0.0975,0.2057,0.2633,0.1557,5205109,100.0,05/10/2026 12:52:22
93025,False,0.1681,0.1893,0.2178,0.2492,0.283,0.2364,0.0043,0.0135,0.0693,0.1646,0.2257,0.1011,5205497,100.0,05/10/2026 12:52:20
93033,False,0.1833,0.209,0.2387,0.2712,0.3059,0.2469,0.0029,0.0122,0.0647,0.1614,0.2213,0.0545,5205208,100.0,05/10/2026 12:52:21
93041,False,0.1835,0.2073,0.2377,0.2716,0.3097,0.2366,0.0035,0.0144,0.0781,0.1869,0.2575,0.0545,5218391,100.0,05/10/2026 12:52:17
93050,False,0.247,0.2794,0.3147,0.3527,0.3918,0.3133,0.4469,0.5062,0.5916,0.6688,0.7036,0.6377,5205307,100.0,05/10/2026 12:52:21
93068,False,0.2076,0.237,0.2688,0.3035,0.3445,0.2784,0.0294,0.0905,0.2106,0.336,0.4021,0.2942,5216452,100.0,05/10/2026 12:52:22
93076,False,0.1623,0.184,0.211,0.2396,0.2786,0.2191,0.1265,0.1827,0.2873,0.3883,0.444,0.3751,5205406,100.0,05/10/2026 12:52:21
93084,False,0.1974,0.2239,0.2552,0.2893,0.3278,0.2386,0.0053,0.0276,0.1187,0.2401,0.3089,0.1773,5214879,100.0,05/10/2026 12:52:22
93092,False,0.1986,0.2266,0.2577,0.2913,0.3317,0.2919,0.0245,0.0813,0.2123,0.3232,0.3811,0.1988,5208301,100.0,05/10/2026 12:52:21
93106,False,0.2096,0.2402,0.2734,0.3085,0.3487,0.2382,0.0452,0.1121,0.26,0.4208,0.4837,0.3947,5203939,100.0,05/10/2026 12:52:20
93122,False,0.1872,0.2156,0.246,0.2805,0.3175,0.2535,0.0058,0.0235,0.126,0.293,0.3861,0.2191,5204557,100.0,05/10/2026 12:52:22
93149,False,0.1602,0.1799,0.2075,0.237,0.273,0.1933,0.0043,0.0187,0.0915,0.2068,0.2676,0.1376,5209291,100.0,05/10/2026 12:52:19
93157,False,0.1809,0.2031,0.2337,0.2652,0.2976,0.2132,0.2107,0.2736,0.4007,0.5143,0.5798,0.5175,5205703,100.0,05/10/2026 12:52:22
93165,False,0.1754,0.1988,0.2269,0.2589,0.2955,0.2388,0.0028,0.0113,0.0655,0.1538,0.206,0.0032,5209937,100.0,05/10/2026 12:52:20
93173,False,0.2001,0.2247,0.2554,0.2901,0.3239,0.2544,0.008,0.0317,0.148,0.2807,0.3442,0.2289,5205802,100.0,05/10/2026 12:52:19
93181,False,0.2296,0.2585,0.2929,0.3302,0.3698,0.2747,0.0044,0.0164,0.0781,0.1771,0.2315,0.1168,5213772,100.0,05/10/2026 12:52:22
93190,False,0.1916,0.2155,0.2455,0.2795,0.3133,0.2589,0.06,0.1066,0.2134,0.3236,0.3739,0.2911,5205901,100.0,05/10/2026 12:52:23
93203,False,0.1716,0.198,0.2264,0.2594,0.2938,0.239,0.0069,0.0237,0.0959,0.1923,0.2435,0.1369,5219712,100.0,05/10/2026 12:52:16
93220,False,0.1658,0.1864,0.2136,0.2441,0.2742,0.215,0.0064,0.023,0.1066,0.2379,0.3189,0.1784,5221197,100.0,05/10/2026 12:52:20
93246,False,0.2525,0.2806,0.3179,0.356,0.3968,0.2947,0.0041,0.019,0.1007,0.2279,0.3131,0.0426,5221577,100.0,05/10/2026 12:52:23
93254,False,0.1758,0.204,0.2335,0.2634,0.2995,0.2516,0.2482,0.2861,0.3602,0.4356,0.4777,0.433,5206206,100.0,05/10/2026 12:52:21
93262,False,0.2302,0.2587,0.2924,0.3293,0.3681,0.2823,0.0043,0.0152,0.0748,0.1702,0.2261,0.0253,5203962,100.0,05/10/2026 12:52:21
93270,False,0.2078,0.2346,0.2673,0.3019,0.3459,0.262,0.0774,0.1674,0.3108,0.4544,0.5259,0.4523,5206305,100.0,05/10/2026 12:52:18
93289,False,0.2474,0.2776,0.3127,0.3493,0.3932,0.304,0.0171,0.0629,0.2051,0.3424,0.3999,0.1889,5222203,100.0,05/10/2026 12:52:19
93297,False,0.2444,0.2746,0.3117,0.3503,0.3912,0.3096,0.0032,0.0149,0.0769,0.1776,0.2304,0.0033,5206404,100.0,05/10/2026 12:52:23
93300,False,0.1556,0.1782,0.2052,0.2327,0.2669,0.2219,0.0037,0.015,0.0898,0.1983,0.2663,0.147,5221858,100.0,05/10/2026 12:52:20
93319,False,0.1503,0.1691,0.1959,0.2239,0.2533,0.1897,0.015,0.0571,0.1789,0.3083,0.3784,0.2643,5206503,100.0,05/10/2026 12:52:21
93327,False,0.1626,0.1836,0.2101,0.2407,0.2715,0.2268,0.003,0.0156,0.0746,0.1732,0.2294,0.1217,5215231,100.0,05/10/2026 12:52:20
93335,False,0.1867,0.2111,0.2409,0.2737,0.305,0.258,0.0094,0.0363,0.1257,0.228,0.2767,0.1088,5206602,100.0,05/10/2026 12:52:17
93343,False,0.1669,0.1898,0.2181,0.2477,0.2894,0.2353,0.0026,0.0127,0.0658,0.1605,0.2219,0.0883,5200258,100.0,05/10/2026 12:52:22
93351,False,0.2174,0.2431,0.2767,0.3132,0.3527,0.2686,0.0052,0.025,0.1118,0.2264,0.2927,0.1748,5206701,100.0,05/10/2026 12:52:18
93360,False,0.2114,0.2384,0.272,0.3076,0.3486,0.2724,0.0083,0.0315,0.1497,0.2937,0.3753,0.2459,5200050,100.0,05/10/2026 12:52:20
93378,False,0.1651,0.1864,0.2138,0.2439,0.276,0.2085,0.0049,0.0235,0.1241,0.2913,0.3958,0.221,5206800,100.0,05/10/2026 12:52:20
93386,False,0.2288,0.2603,0.2942,0.3329,0.3713,0.2793,0.0041,0.0159,0.0894,0.2106,0.2796,0.0303,5200829,100.0,05/10/2026 12:52:18
93394,False,0.1926,0.2169,0.2466,0.2813,0.3146,0.3151,0.0023,0.0112,0.0641,0.1529,0.2032,0.008,5206909,100.0,05/10/2026 12:52:17
93408,False,0.2585,0.2884,0.3241,0.3634,0.4007,0.3003,0.0036,0.0144,0.0728,0.1758,0.2366,0.0049,5203575,100.0,05/10/2026 12:52:21
93424,False,0.2513,0.2806,0.3148,0.3519,0.3971,0.3083,0.013,0.0461,0.1406,0.2403,0.2924,0.1955,5218052,100.0,05/10/2026 12:52:18
93432,False,0.1826,0.2058,0.2359,0.2698,0.3037,0.234,0.0337,0.1049,0.2329,0.354,0.418,0.3183,5207105,100.0,05/10/2026 12:52:21
93440,False,0.1926,0.2149,0.2455,0.2778,0.3152,0.2404,0.0038,0.0157,0.0817,0.1975,0.2654,0.1009,5219456,100.0,05/10/2026 12:52:17
93483,False,0.1669,0.1889,0.215,0.2465,0.2796,0.2111,0.0862,0.1556,0.2935,0.4263,0.4952,0.4024,5220280,100.0,05/10/2026 12:52:22
93491,False,0.1868,0.2122,0.2418,0.2745,0.3089,0.2444,0.1364,0.1852,0.2821,0.3761,0.4289,0.3599,5207402,100.0,05/10/2026 12:52:22
93505,False,0.1979,0.2236,0.2544,0.2881,0.3263,0.2432,0.0058,0.0229,0.1123,0.2713,0.3613,0.1199,5222302,100.0,05/10/2026 12:52:23
93513,False,0.198,0.2204,0.2505,0.2851,0.3199,0.2497,0.0055,0.0172,0.0873,0.2146,0.2871,0.1231,5207501,100.0,05/10/2026 12:52:21
93530,False,0.1779,0.1996,0.2299,0.2622,0.2956,0.2168,0.0094,0.0447,0.1578,0.2791,0.3436,0.2304,5207600,100.0,05/10/2026 12:52:16
93548,False,0.1872,0.2078,0.2376,0.2695,0.3057,0.2269,0.0771,0.1204,0.2177,0.3181,0.365,0.2749,5210158,100.0,05/10/2026 12:52:23
93564,False,0.1641,0.1842,0.2112,0.2427,0.2793,0.2103,0.0112,0.0365,0.1651,0.3036,0.3727,0.2561,5208152,100.0,05/10/2026 12:52:18
93572,False,0.1605,0.1832,0.2105,0.2406,0.2716,0.2107,0.1697,0.2278,0.3337,0.4405,0.499,0.4407,5207808,100.0,05/10/2026 12:52:17
93580,False,0.1812,0.2017,0.2318,0.2637,0.2966,0.2323,0.0527,0.12,0.266,0.4066,0.4706,0.3837,5204854,100.0,05/10/2026 12:52:16
93599,False,0.2359,0.2624,0.2986,0.335,0.3741,0.2913,0.0046,0.021,0.1101,0.2349,0.2956,0.0666,5207907,100.0,05/10/2026 12:52:21
93602,False,0.252,0.2815,0.317,0.3554,0.3996,0.3036,0.0126,0.0525,0.1749,0.303,0.3695,0.2451,5212253,100.0,05/10/2026 12:52:17
93610,False,0.1716,0.1925,0.2227,0.2527,0.2869,0.2382,0.0094,0.0451,0.155,0.2831,0.343,0.2411,5208004,100.0,05/10/2026 12:52:22
93637,False,0.2355,0.2686,0.303,0.3387,0.3772,0.2853,0.0025,0.0103,0.0535,0.1289,0.171,0.0485,5208103,100.0,05/10/2026 12:52:22
93670,False,0.166,0.1859,0.213,0.2444,0.2769,0.2181,0.2618,0.3102,0.4077,0.5,0.5493,0.5083,5208400,100.0,05/10/2026 12:52:18
93696,False,0.1357,0.1545,0.1791,0.2048,0.2361,0.197,0.0034,0.0128,0.071,0.1694,0.2269,0.0118,5208509,100.0,05/10/2026 12:52:16
93718,False,0.184,0.206,0.2354,0.2667,0.3035,0.2515,0.0308,0.0914,0.216,0.3327,0.3956,0.3043,5208608,100.0,05/10/2026 12:52:23
93734,False,0.163,0.1839,0.2122,0.2432,0.2782,0.2198,0.0224,0.0864,0.2182,0.3525,0.4189,0.3193,5208707,100.0,05/10/2026 12:52:21
93750,False,0.2064,0.2345,0.2649,0.2984,0.3377,0.2711,0.0052,0.0199,0.103,0.2374,0.3111,0.1841,5208806,100.0,05/10/2026 12:52:20
93777,False,0.2148,0.2416,0.2761,0.3108,0.3532,0.2761,0.0037,0.0186,0.098,0.201,0.2516,0.0622,5208905,100.0,05/10/2026 12:52:17
93793,False,0.1607,0.1814,0.2079,0.2371,0.2724,0.2243,0.1871,0.2376,0.3461,0.4469,0.4958,0.4434,5209101,100.0,05/10/2026 12:52:19
93815,False,0.1922,0.2172,0.2472,0.2809,0.325,0.2563,0.004,0.0173,0.09,0.2149,0.2874,0.1267,5209200,100.0,05/10/2026 12:52:18
93831,False,0.1592,0.1807,0.208,0.2389,0.2709,0.1898,0.0157,0.0523,0.2357,0.4541,0.5631,0.2028,5209408,100.0,05/10/2026 12:52:20
93874,False,0.1905,0.2142,0.2434,0.2774,0.316,0.2383,0.0076,0.0312,0.1199,0.2225,0.2824,0.1735,5209606,100.0,05/10/2026 12:52:17
93890,False,0.1928,0.2164,0.2482,0.2812,0.3163,0.2518,0.0065,0.0259,0.1265,0.3004,0.4163,0.2319,5209705,100.0,05/10/2026 12:52:23
93912,False,0.1988,0.2253,0.2548,0.2887,0.325,0.2257,0.0024,0.0086,0.0466,0.1148,0.1612,0.0414,5209804,100.0,05/10/2026 12:52:22
93939,False,0.2051,0.2289,0.2612,0.2968,0.3385,0.2496,0.0062,0.0224,0.1158,0.272,0.3467,0.0386,5209903,100.0,05/10/2026 12:52:21
93955,False,0.1709,0.1922,0.2214,0.2517,0.2849,0.2371,0.0096,0.0305,0.1474,0.2886,0.3765,0.241,5210000,100.0,05/10/2026 12:52:19
93971,False,0.1926,0.2146,0.2446,0.2774,0.311,0.2601,0.0143,0.0498,0.1529,0.2672,0.3269,0.2242,5210109,100.0,05/10/2026 12:52:16
93998,False,0.1862,0.2117,0.2424,0.275,0.309,0.2547,0.0722,0.1419,0.2546,0.3629,0.4245,0.343,5210208,100.0,05/10/2026 12:52:22
94013,False,0.2227,0.2492,0.2831,0.3208,0.3603,0.2647,0.0052,0.0188,0.098,0.2171,0.3008,0.1488,5210307,100.0,05/10/2026 12:52:19
94030,False,0.1898,0.2164,0.247,0.2795,0.3174,0.2591,0.0133,0.0495,0.1579,0.2661,0.3277,0.2299,5210406,100.0,05/10/2026 12:52:20
94072,False,0.1334,0.1531,0.1767,0.2031,0.2334,0.1825,0.0028,0.0099,0.0508,0.1285,0.1799,0.0371,5210604,100.0,05/10/2026 12:52:20
94110,False,0.1896,0.2102,0.2394,0.2702,0.3068,0.2398,0.061,0.1333,0.2737,0.4087,0.4776,0.3838,5210802,100.0,05/10/2026 12:52:16
94137,False,0.2108,0.2375,0.2698,0.3068,0.3383,0.2723,0.0082,0.0285,0.1103,0.2096,0.2589,0.1615,5210901,100.0,05/10/2026 12:52:20
94153,False,0.2109,0.2364,0.2688,0.3038,0.3397,0.2608,0.0039,0.0132,0.0713,0.1695,0.2291,0.0992,5211008,100.0,05/10/2026 12:52:22
94196,False,0.148,0.1691,0.1949,0.2219,0.2569,0.1986,0.0076,0.029,0.1183,0.2318,0.3015,0.1898,5211206,100.0,05/10/2026 12:52:20
94218,False,0.2043,0.2302,0.2643,0.2991,0.3356,0.2706,0.0411,0.0891,0.1833,0.28,0.3371,0.2405,5211305,100.0,05/10/2026 12:52:18
94234,False,0.1537,0.1736,0.1992,0.227,0.2591,0.1953,0.0103,0.0341,0.1417,0.2582,0.3278,0.2116,5211404,100.0,05/10/2026 12:52:18
94250,False,0.1831,0.2051,0.2357,0.2684,0.3014,0.2577,0.0905,0.1519,0.2552,0.3578,0.4066,0.3374,5211503,100.0,05/10/2026 12:52:20
94277,False,0.2319,0.2595,0.2959,0.3329,0.3712,0.2798,0.0041,0.0147,0.0844,0.205,0.2738,0.1219,5211602,100.0,05/10/2026 12:52:22
94293,False,0.1637,0.1826,0.2108,0.2401,0.2715,0.2054,0.0884,0.1434,0.2399,0.3349,0.3781,0.3007,5211701,100.0,05/10/2026 12:52:20
94315,False,0.1777,0.2032,0.233,0.2663,0.3021,0.239,0.1795,0.2492,0.381,0.4975,0.5638,0.5165,5211800,100.0,05/10/2026 12:52:20
94331,False,0.1769,0.1999,0.2287,0.2597,0.2974,0.2488,0.2102,0.2512,0.3312,0.4162,0.4647,0.4093,5211909,100.0,05/10/2026 12:52:18
94358,False,0.2197,0.2478,0.2801,0.3155,0.357,0.2636,0.003,0.0141,0.0814,0.2064,0.2685,0.1067,5212006,100.0,05/10/2026 12:52:21
94374,False,0.1541,0.1746,0.1999,0.2294,0.2649,0.2011,0.0814,0.1245,0.2201,0.314,0.3608,0.2793,5212105,100.0,05/10/2026 12:52:19
94390,False,0.1841,0.2094,0.239,0.2726,0.3081,0.2433,0.0794,0.1359,0.2407,0.3462,0.4038,0.3265,5212204,100.0,05/10/2026 12:52:21
94439,False,0.1783,0.1998,0.2294,0.2617,0.3003,0.2359,0.0104,0.0396,0.1561,0.2762,0.3441,0.2319,5212303,100.0,05/10/2026 12:52:21
94455,False,0.1696,0.193,0.2205,0.2524,0.285,0.2402,0.0088,0.0392,0.1541,0.2879,0.3512,0.2439,5212501,100.0,05/10/2026 12:52:21
94471,False,0.2034,0.2328,0.2638,0.298,0.3413,0.238,0.0153,0.0512,0.189,0.3482,0.4249,0.3023,5212600,100.0,05/10/2026 12:52:21
94498,False,0.1822,0.2059,0.235,0.2677,0.3038,0.2379,0.1777,0.2142,0.2832,0.3496,0.3872,0.3278,5212709,100.0,05/10/2026 12:52:20
94510,False,0.2102,0.2355,0.2672,0.3025,0.3423,0.2677,0.0056,0.0207,0.0994,0.2233,0.3,0.1695,5212808,100.0,05/10/2026 12:52:21
94536,False,0.2203,0.2494,0.2852,0.3205,0.3581,0.2764,0.0059,0.0236,0.1218,0.2554,0.3214,0.1942,5212907,100.0,05/10/2026 12:52:23
94552,False,0.1893,0.2127,0.2411,0.2739,0.3112,0.2464,0.0026,0.0115,0.058,0.1435,0.2032,0.0489,5216304,100.0,05/10/2026 12:52:16
94579,False,0.1687,0.1928,0.2207,0.2529,0.2874,0.231,0.002,0.0077,0.0437,0.1059,0.1448,0.029,5213004,100.0,05/10/2026 12:52:21
94595,False,0.1904,0.2137,0.2452,0.277,0.3164,0.2619,0.1623,0.2042,0.2988,0.3956,0.4356,0.3772,5213103,100.0,05/10/2026 12:52:20
94650,False,0.2427,0.275,0.3088,0.3469,0.3937,0.2808,0.0148,0.0446,0.1702,0.3221,0.4065,0.2743,5213400,100.0,05/10/2026 12:52:21
94676,False,0.2495,0.2807,0.3167,0.3549,0.3951,0.2929,0.096,0.1961,0.3528,0.4918,0.5519,0.3698,5213509,100.0,05/10/2026 12:52:22
94714,False,0.1995,0.2231,0.2534,0.2863,0.3281,0.2459,0.0589,0.1086,0.2114,0.3147,0.3657,0.2826,5213707,100.0,05/10/2026 12:52:22
94730,False,0.1767,0.2008,0.2298,0.2624,0.2963,0.2432,0.058,0.1184,0.2413,0.3588,0.4204,0.3376,5213806,100.0,05/10/2026 12:52:23
94757,False,0.2043,0.2276,0.2599,0.2961,0.3317,0.2468,0.0063,0.0207,0.1073,0.2224,0.2834,0.0652,5213905,100.0,05/10/2026 12:52:23
94773,False,0.2522,0.2791,0.3156,0.3543,0.3926,0.3061,0.0089,0.041,0.1543,0.2803,0.3348,0.2335,5214002,100.0,05/10/2026 12:52:23
94790,False,0.1621,0.1839,0.2107,0.2399,0.2732,0.2214,0.0081,0.0292,0.1458,0.3101,0.3984,0.2561,5214101,100.0,05/10/2026 12:52:23
94854,False,0.1811,0.2048,0.2341,0.2672,0.3047,0.2379,0.0808,0.129,0.2386,0.3404,0.3916,0.3165,5214408,100.0,05/10/2026 12:52:19
94870,False,0.2067,0.2309,0.2645,0.2984,0.3358,0.2764,0.0155,0.0512,0.1766,0.3063,0.3723,0.2667,5214507,100.0,05/10/2026 12:52:20
94897,False,0.2296,0.2585,0.2931,0.33,0.3726,0.2898,0.0053,0.0224,0.105,0.2447,0.3271,0.1848,5214606,100.0,05/10/2026 12:52:23
94919,False,0.1481,0.1697,0.195,0.2223,0.2557,0.1886,0.0076,0.0274,0.1404,0.3176,0.4131,0.2446,5214705,100.0,05/10/2026 12:52:17
94935,False,0.1444,0.1629,0.1871,0.2139,0.2403,0.2035,0.0037,0.0133,0.0673,0.1601,0.217,0.0415,5214804,100.0,05/10/2026 12:52:19
94951,False,0.2421,0.2703,0.3065,0.3447,0.3897,0.2908,0.0192,0.0664,0.2642,0.452,0.5377,0.2519,5214903,100.0,05/10/2026 12:52:18
94978,False,0.1847,0.21,0.2397,0.2715,0.3084,0.2499,0.0077,0.027,0.1283,0.2618,0.3383,0.2071,5215009,100.0,05/10/2026 12:52:22
95010,False,0.1892,0.2135,0.2443,0.2777,0.3183,0.2314,0.0099,0.0416,0.1489,0.2609,0.3135,0.2068,5215207,100.0,05/10/2026 12:52:18
95036,False,0.1543,0.1764,0.2023,0.2338,0.2654,0.2166,0.0228,0.0864,0.2426,0.3974,0.4766,0.3698,5215306,100.0,05/10/2026 12:52:22
95052,False,0.146,0.166,0.19,0.2196,0.2513,0.2,0.0186,0.0647,0.2281,0.3856,0.4615,0.3539,5215405,100.0,05/10/2026 12:52:20
95079,False,0.1791,0.2043,0.2317,0.264,0.3005,0.2474,0.0058,0.0199,0.0908,0.1912,0.253,0.1396,5215504,100.0,05/10/2026 12:52:19
95095,False,0.1885,0.2134,0.2441,0.2771,0.3144,0.25,0.0087,0.0317,0.1394,0.2588,0.3259,0.2172,5215603,100.0,05/10/2026 12:52:21
95117,False,0.1901,0.2121,0.2412,0.2736,0.3115,0.2492,0.1688,0.209,0.2947,0.3799,0.43,0.369,5215702,100.0,05/10/2026 12:52:21
95133,False,0.2097,0.238,0.2705,0.3049,0.3427,0.26,0.0082,0.0312,0.1424,0.2833,0.3561,0.2206,5215801,100.0,05/10/2026 12:52:17
95150,False,0.1852,0.211,0.2393,0.2731,0.3054,0.2368,0.1339,0.2012,0.3263,0.4411,0.4988,0.4356,5215900,100.0,05/10/2026 12:52:18
95176,False,0.1851,0.2067,0.236,0.2677,0.3063,0.2433,0.0058,0.0192,0.1042,0.2309,0.3059,0.1657,5216007,100.0,05/10/2026 12:52:16
95230,False,0.1896,0.2125,0.2419,0.2758,0.3077,0.2531,0.1994,0.2442,0.3277,0.4096,0.4575,0.3978,5216403,100.0,05/10/2026 12:52:22
95311,False,0.1539,0.1762,0.2028,0.2309,0.2678,0.2062,0.0984,0.156,0.2697,0.3805,0.4359,0.3607,5216809,100.0,05/10/2026 12:52:18
95354,False,0.3138,0.3509,0.3905,0.431,0.4716,0.326,0.0032,0.0099,0.0616,0.1504,0.2045,0.0567,5216908,100.0,05/10/2026 12:52:22
95397,False,0.1926,0.2161,0.2472,0.2803,0.314,0.2633,0.0071,0.0304,0.144,0.279,0.3483,0.2244,5217104,100.0,05/10/2026 12:52:22
95419,False,0.1722,0.195,0.2225,0.254,0.291,0.2291,0.0334,0.0926,0.2094,0.3232,0.3841,0.2912,5217203,100.0,05/10/2026 12:52:18
95435,False,0.1705,0.1924,0.2205,0.2522,0.2877,0.2334,0.0068,0.0333,0.1376,0.2584,0.3225,0.2122,5217302,100.0,05/10/2026 12:52:23
95451,False,0.1904,0.2165,0.2465,0.2807,0.3191,0.2593,0.182,0.2271,0.3186,0.4116,0.4623,0.4066,5217401,100.0,05/10/2026 12:52:17
95494,False,0.1618,0.1832,0.2109,0.2415,0.2722,0.2162,0.04,0.1039,0.22,0.33,0.3934,0.3075,5217708,100.0,05/10/2026 12:52:17
95559,False,0.1924,0.2174,0.2482,0.2799,0.3148,0.255,0.0423,0.095,0.1811,0.2663,0.3186,0.2385,5218003,100.0,05/10/2026 12:52:17
95575,False,0.1769,0.1982,0.2276,0.2593,0.2939,0.2469,0.0721,0.1224,0.2109,0.3019,0.3562,0.2678,5218102,100.0,05/10/2026 12:52:22
95613,False,0.175,0.1981,0.2274,0.2573,0.2939,0.2266,0.004,0.0159,0.0888,0.1965,0.2535,0.1442,5218300,100.0,05/10/2026 12:52:23
95630,False,0.1782,0.2011,0.2306,0.2609,0.2968,0.2492,0.0755,0.1265,0.223,0.3193,0.3634,0.2938,5218508,100.0,05/10/2026 12:52:17
95656,False,0.1573,0.1806,0.2071,0.2352,0.2662,0.2172,0.1687,0.2233,0.3162,0.4108,0.4559,0.3957,5218607,100.0,05/10/2026 12:52:17
95672,False,0.1807,0.2034,0.2326,0.2648,0.3013,0.2269,0.0818,0.1435,0.2673,0.3882,0.4514,0.3653,5218706,100.0,05/10/2026 12:52:21
95710,False,0.1633,0.1864,0.2127,0.2433,0.2777,0.2301,0.239,0.2744,0.3428,0.4104,0.448,0.4082,5218805,100.0,05/10/2026 12:52:22
95737,False,0.1925,0.2172,0.2474,0.281,0.3142,0.2538,0.1437,0.2042,0.3224,0.4437,0.511,0.444,5218904,100.0,05/10/2026 12:52:19
95753,False,0.1635,0.1838,0.2124,0.2438,0.2761,0.2066,0.0297,0.0758,0.1789,0.2784,0.3366,0.2398,5219001,100.0,05/10/2026 12:52:18
95770,False,0.1604,0.1826,0.2097,0.2402,0.2717,0.209,0.0102,0.0434,0.1625,0.2997,0.3703,0.2541,5219100,100.0,05/10/2026 12:52:18
95796,False,0.1991,0.2245,0.2542,0.2897,0.3233,0.2363,0.0162,0.0631,0.189,0.3097,0.3737,0.2711,5219209,100.0,05/10/2026 12:52:18
95818,False,0.1626,0.1871,0.2141,0.2445,0.2818,0.2278,0.0358,0.1027,0.1917,0.2847,0.3382,0.2558,5219308,100.0,05/10/2026 12:52:18
95834,False,0.2122,0.2367,0.2684,0.3036,0.3465,0.2839,0.0101,0.035,0.1349,0.2416,0.2945,0.1917,5219407,100.0,05/10/2026 12:52:17
95850,False,0.1521,0.173,0.1997,0.2276,0.2627,0.193,0.0052,0.0226,0.1174,0.2593,0.3342,0.1969,5219506,100.0,05/10/2026 12:52:19
95877,False,0.2454,0.2732,0.3096,0.3481,0.3921,0.3111,0.0029,0.0116,0.0647,0.1486,0.1928,0.0923,5219605,100.0,05/10/2026 12:52:19
95893,False,0.2367,0.2648,0.3002,0.3389,0.3795,0.2909,0.002,0.0099,0.0587,0.1422,0.1891,0.0062,5219704,100.0,05/10/2026 12:52:22
95915,False,0.243,0.2704,0.3062,0.3442,0.3854,0.2943,0.0185,0.0615,0.2258,0.3946,0.4807,0.2034,5219803,100.0,05/10/2026 12:52:20
95931,False,0.1877,0.2083,0.2391,0.2729,0.3073,0.2445,0.0419,0.1067,0.2488,0.3815,0.4498,0.354,5219902,100.0,05/10/2026 12:52:17
95958,False,0.1779,0.2006,0.2305,0.2626,0.3012,0.2577,0.0027,0.0105,0.0549,0.1444,0.2031,0.0702,5217609,100.0,05/10/2026 12:52:23
95974,False,0.18,0.2032,0.2326,0.2641,0.3019,0.2377,0.004,0.0144,0.083,0.2012,0.2723,0.1278,5220009,100.0,05/10/2026 12:52:23
95990,False,0.1664,0.1868,0.2138,0.244,0.2789,0.2274,0.3207,0.3602,0.4451,0.5301,0.5756,0.5435,5220108,100.0,05/10/2026 12:52:21
96016,False,0.2244,0.2527,0.2864,0.3234,0.3627,0.2803,0.153,0.1968,0.2816,0.3705,0.4149,0.3529,5220207,100.0,05/10/2026 12:52:20
96059,False,0.2047,0.234,0.2666,0.3019,0.3408,0.2832,0.0018,0.0078,0.0439,0.1037,0.14,0.0274,5220405,100.0,05/10/2026 12:52:18
96075,False,0.2004,0.2285,0.2616,0.2951,0.3333,0.287,0.0184,0.057,0.1522,0.2425,0.2902,0.2026,5220504,100.0,05/10/2026 12:52:19
96091,False,0.1566,0.1784,0.2045,0.2341,0.2648,0.2144,0.091,0.1474,0.2607,0.3779,0.4354,0.3581,5220603,100.0,05/10/2026 12:52:22
96113,False,0.3079,0.3385,0.3802,0.4218,0.4686,0.3506,0.0051,0.0217,0.1133,0.2383,0.3191,0.0514,5220702,100.0,05/10/2026 12:52:23
96172,False,0.1799,0.2047,0.2337,0.2649,0.3046,0.2293,0.0408,0.0963,0.2154,0.329,0.3858,0.2958,5221007,100.0,05/10/2026 12:52:17
96237,False,0.2058,0.2304,0.2619,0.2965,0.3348,0.2669,0.0029,0.012,0.0707,0.173,0.2288,0.0368,5221304,100.0,05/10/2026 12:52:18
96253,False,0.181,0.2035,0.2321,0.2634,0.3011,0.2416,0.0074,0.0256,0.1291,0.282,0.3744,0.222,5221403,100.0,05/10/2026 12:52:23
96318,False,0.1869,0.2129,0.2438,0.2772,0.3121,0.2284,0.1265,0.1823,0.2844,0.381,0.4285,0.3618,5221502,100.0,05/10/2026 12:52:20
96334,False,0.1936,0.2231,0.2544,0.2886,0.324,0.2657,0.0406,0.0852,0.18,0.2823,0.3393,0.2499,5221601,100.0,05/10/2026 12:52:23
96350,False,0.1592,0.1791,0.2064,0.2358,0.2677,0.2156,0.0119,0.0421,0.1524,0.26,0.3158,0.217,5221700,100.0,05/10/2026 12:52:22
96377,False,0.2061,0.2341,0.267,0.3019,0.3423,0.2487,0.005,0.0176,0.0859,0.2091,0.2883,0.1145,5221809,100.0,05/10/2026 12:52:19
96393,False,0.1957,0.2161,0.2471,0.2798,0.3135,0.2487,0.0184,0.0672,0.2247,0.3779,0.463,0.3483,5221908,100.0,05/10/2026 12:52:18
96415,False,0.1598,0.18,0.2067,0.2351,0.2756,0.2225,0.1946,0.2554,0.3668,0.4735,0.5388,0.4782,5222005,100.0,05/10/2026 12:52:21
96458,False,0.1741,0.1965,0.2242,0.2545,0.2897,0.2339,0.1624,0.2025,0.2691,0.3372,0.378,0.3212,5200134,100.0,05/10/2026 12:52:17
96474,False,0.2286,0.257,0.2896,0.3274,0.3687,0.2863,0.0078,0.0332,0.1231,0.2198,0.2706,0.178,5213087,100.0,05/10/2026 12:52:21
96512,False,0.2435,0.2701,0.3054,0.3429,0.3804,0.2822,0.0091,0.0436,0.1347,0.2251,0.2777,0.1801,5214051,100.0,05/10/2026 12:52:19
96539,False,0.2182,0.2445,0.2768,0.3137,0.3486,0.2574,0.0037,0.0123,0.0678,0.1644,0.2215,0.1019,5214838,100.0,05/10/2026 12:52:20
96555,False,0.1746,0.1969,0.2253,0.2557,0.2919,0.2201,0.0085,0.0226,0.1073,0.2235,0.2906,0.1712,5214861,100.0,05/10/2026 12:52:21
96571,False,0.1659,0.1889,0.2169,0.2474,0.2799,0.2103,0.0455,0.0882,0.1746,0.2618,0.313,0.226,5222054,100.0,05/10/2026 12:52:23
96610,False,0.1757,0.1999,0.2292,0.2608,0.2969,0.2198,0.0043,0.0179,0.0897,0.2147,0.2881,0.1362,5200852,100.0,05/10/2026 12:52:21
96695,False,0.2102,0.2356,0.2673,0.3029,0.3365,0.2491,0.0058,0.0197,0.0979,0.2155,0.2793,0.1543,5202155,100.0,05/10/2026 12:52:20
96717,False,0.2092,0.2333,0.2662,0.3002,0.3386,0.2457,0.0087,0.0312,0.1179,0.2184,0.2682,0.1661,5202353,100.0,05/10/2026 12:52:17
96733,False,0.1873,0.2145,0.244,0.2766,0.31,0.2578,0.0032,0.014,0.0729,0.1615,0.2143,0.1116,5204250,100.0,05/10/2026 12:52:21
96750,False,0.17,0.1978,0.2258,0.2576,0.2929,0.2189,0.0191,0.0666,0.1851,0.312,0.3691,0.2733,5207253,100.0,05/10/2026 12:52:22
96776,False,0.1804,0.2022,0.2306,0.2625,0.3007,0.2433,0.0043,0.0181,0.0987,0.2063,0.2671,0.1506,5219753,100.0,05/10/2026 12:52:21
96814,False,0.1722,0.1976,0.2257,0.2571,0.2919,0.2459,0.009,0.0406,0.1352,0.2335,0.2861,0.1901,5209952,100.0,05/10/2026 12:52:22
96873,False,0.259,0.2889,0.3263,0.3641,0.4035,0.2933,0.0032,0.0143,0.0766,0.1721,0.2287,0.1094,5204656,100.0,05/10/2026 12:52:20
96890,False,0.1987,0.2215,0.2514,0.2862,0.3253,0.244,0.023,0.0736,0.1788,0.2729,0.3245,0.2341,5219357,100.0,05/10/2026 12:52:22
96911,False,0.1916,0.2147,0.2457,0.2795,0.3192,0.224,0.1573,0.2238,0.3481,0.4646,0.526,0.4622,5200159,100.0,05/10/2026 12:52:22
96938,False,0.2067,0.2336,0.2651,0.299,0.3379,0.2625,0.0102,0.0398,0.1798,0.3472,0.4374,0.301,5200175,100.0,05/10/2026 12:52:22
7005,False,0.2013,0.2298,0.2611,0.2957,0.3361,0.2762,0.5729,0.5895,0.6186,0.6451,0.6594,0.6298,2100154,100.0,05/10/2026 12:52:22
7013,False,0.1727,0.1944,0.2221,0.255,0.2889,0.2196,0.6726,0.6871,0.7117,0.7328,0.7444,0.7224,2100105,100.0,05/10/2026 12:52:24
7021,False,0.1616,0.1835,0.2108,0.2415,0.2727,0.2325,0.4283,0.4443,0.4736,0.5014,0.5154,0.4802,2100436,100.0,05/10/2026 12:52:22
7030,False,0.1858,0.2094,0.2399,0.2743,0.3095,0.21,0.5367,0.5527,0.5826,0.6088,0.6243,0.594,2100204,100.0,05/10/2026 12:52:18
7048,False,0.1903,0.2155,0.2456,0.2788,0.3124,0.2574,0.4875,0.5032,0.5355,0.5654,0.5815,0.5457,2100477,100.0,05/10/2026 12:52:21
7056,False,0.196,0.2187,0.2503,0.283,0.313,0.2692,0.5261,0.543,0.5736,0.6036,0.6203,0.5863,2100303,100.0,05/10/2026 12:52:16
7064,False,0.1986,0.2224,0.2561,0.2893,0.3252,0.2213,0.3437,0.3652,0.4056,0.4432,0.4641,0.4109,2100832,100.0,05/10/2026 12:52:21
7072,False,0.1946,0.2205,0.2509,0.2844,0.326,0.2512,0.3252,0.3503,0.3959,0.4411,0.4639,0.4016,2100402,100.0,05/10/2026 12:52:19
7080,False,0.1039,0.1198,0.1388,0.162,0.1865,0.1325,0.315,0.3425,0.3964,0.4451,0.4681,0.3993,2100550,100.0,05/10/2026 12:52:21
7099,False,0.1824,0.2079,0.2385,0.27,0.306,0.2514,0.1437,0.1726,0.2214,0.2727,0.2983,0.2201,2100501,100.0,05/10/2026 12:52:22
7102,False,0.2031,0.2284,0.2597,0.2925,0.3362,0.2579,0.4573,0.4776,0.5156,0.5528,0.5708,0.5252,2100873,100.0,05/10/2026 12:52:16
7110,False,0.1624,0.1827,0.2104,0.2398,0.2713,0.2218,0.002,0.0079,0.0385,0.0727,0.0918,0.0294,2100600,100.0,05/10/2026 12:52:16
7129,False,0.1655,0.1884,0.2166,0.248,0.2778,0.2037,0.4373,0.4591,0.5002,0.5371,0.5587,0.5114,2101251,100.0,05/10/2026 12:52:21
7137,False,0.1807,0.2024,0.2321,0.2649,0.2962,0.2226,0.5538,0.5706,0.5982,0.6246,0.6402,0.6108,2100709,100.0,05/10/2026 12:52:23
7145,False,0.3072,0.3375,0.3756,0.4155,0.4645,0.3133,0.6612,0.6793,0.7107,0.7383,0.7513,0.7261,2101350,100.0,05/10/2026 12:52:22
7153,False,0.1542,0.1748,0.2016,0.2295,0.26,0.2004,0.4508,0.4696,0.5012,0.5299,0.5457,0.5074,2100808,100.0,05/10/2026 12:52:22
7161,False,0.1884,0.2115,0.2429,0.2769,0.3126,0.2129,0.7057,0.7172,0.7391,0.7581,0.7673,0.748,2101731,100.0,05/10/2026 12:52:17
7170,False,0.1671,0.1877,0.2158,0.2465,0.2817,0.234,0.6068,0.622,0.6447,0.6683,0.6794,0.6583,2100907,100.0,05/10/2026 12:52:21
7188,False,0.1684,0.192,0.2204,0.2513,0.2855,0.2243,0.3858,0.4064,0.4408,0.4733,0.4892,0.4458,2101772,100.0,05/10/2026 12:52:24
7196,False,0.2032,0.2268,0.2569,0.2924,0.3245,0.2634,0.4275,0.4474,0.485,0.5192,0.5346,0.4942,2101004,100.0,05/10/2026 12:52:22
7200,False,0.1421,0.1615,0.1848,0.2136,0.2463,0.1875,0.3391,0.3665,0.4147,0.4601,0.4833,0.4202,2101939,100.0,05/10/2026 12:52:18
7218,False,0.1676,0.1893,0.2174,0.2486,0.2831,0.1882,0.4855,0.5056,0.5417,0.5752,0.5924,0.5535,2101103,100.0,05/10/2026 12:52:18
7226,False,0.2099,0.2356,0.2685,0.3047,0.3443,0.2519,0.5163,0.5333,0.5636,0.5928,0.6076,0.5721,2102374,100.0,05/10/2026 12:52:22
7234,False,0.137,0.1572,0.1808,0.2064,0.2427,0.2035,0.2109,0.2313,0.268,0.3009,0.3171,0.2677,2101202,100.0,05/10/2026 12:52:22
7242,False,0.1641,0.1861,0.2131,0.2444,0.284,0.2209,0.0729,0.1035,0.1604,0.2126,0.2396,0.1534,2103752,100.0,05/10/2026 12:52:22
7250,False,0.2053,0.2317,0.2648,0.2988,0.3357,0.2471,0.5566,0.5732,0.6018,0.629,0.6418,0.613,2101301,100.0,05/10/2026 12:52:23
7269,False,0.1876,0.2122,0.243,0.2763,0.3092,0.2486,0.1029,0.1223,0.1603,0.195,0.213,0.1558,2102036,100.0,05/10/2026 12:52:22
7277,False,0.1642,0.1847,0.211,0.2421,0.2717,0.23,0.0801,0.1037,0.1534,0.2037,0.2333,0.182,2101400,100.0,05/10/2026 12:52:21
7285,False,0.1542,0.1771,0.2037,0.2307,0.2706,0.2154,0.3834,0.4004,0.4318,0.4609,0.4768,0.4349,2102077,100.0,05/10/2026 12:52:22
7293,False,0.161,0.1827,0.2085,0.2381,0.27,0.232,0.583,0.6017,0.6382,0.6707,0.6875,0.6567,2101509,100.0,05/10/2026 12:52:23
7307,False,0.2174,0.2432,0.2757,0.3115,0.3502,0.2955,0.2403,0.2606,0.3017,0.3404,0.3614,0.3017,2102150,100.0,05/10/2026 12:52:17
7315,False,0.1675,0.1907,0.2187,0.2506,0.2846,0.2268,0.222,0.2382,0.2676,0.2981,0.3135,0.2676,2101608,100.0,05/10/2026 12:52:22
7323,False,0.1936,0.2173,0.2471,0.2806,0.3201,0.2343,0.3176,0.3463,0.3914,0.4359,0.4581,0.396,2101970,100.0,05/10/2026 12:52:18
7331,False,0.152,0.1745,0.2007,0.2289,0.2594,0.1911,0.4571,0.4749,0.5045,0.5336,0.5474,0.5139,2101707,100.0,05/10/2026 12:52:22
7340,False,0.2004,0.2267,0.2576,0.2913,0.3297,0.2597,0.1304,0.1538,0.1913,0.2299,0.2492,0.1867,2102325,100.0,05/10/2026 12:52:21
7358,False,0.1617,0.1836,0.2109,0.2408,0.2745,0.2176,0.3752,0.398,0.4445,0.4903,0.5125,0.4512,2101806,100.0,05/10/2026 12:52:19
7366,False,0.1572,0.1767,0.2049,0.2335,0.2699,0.2107,0.0255,0.0554,0.1077,0.1555,0.183,0.0985,2102358,100.0,05/10/2026 12:52:23
7374,False,0.2152,0.2444,0.2748,0.3133,0.3504,0.2422,0.549,0.5678,0.5977,0.625,0.6397,0.6104,2101905,100.0,05/10/2026 12:52:19
7382,False,0.1785,0.2036,0.2322,0.2631,0.3,0.2471,0.1348,0.1558,0.1954,0.2331,0.2528,0.1921,2102556,100.0,05/10/2026 12:52:22
7390,False,0.1748,0.2021,0.231,0.2645,0.301,0.2309,0.4729,0.4896,0.516,0.5404,0.5546,0.5246,2102101,100.0,05/10/2026 12:52:21
7404,False,0.1513,0.1705,0.1974,0.2261,0.2596,0.2088,0.3346,0.358,0.4019,0.4444,0.465,0.4071,2102754,100.0,05/10/2026 12:52:17
7412,False,0.1972,0.221,0.2514,0.2852,0.3208,0.254,0.6603,0.6709,0.6922,0.7101,0.7187,0.703,2102200,100.0,05/10/2026 12:52:22
7420,False,0.2389,0.2661,0.2996,0.3373,0.3748,0.2924,0.677,0.6931,0.7206,0.7458,0.7575,0.737,2103125,100.0,05/10/2026 12:52:22
7439,False,0.1836,0.2074,0.2381,0.2703,0.3045,0.2574,0.5396,0.5552,0.5823,0.6086,0.6214,0.5927,2102309,100.0,05/10/2026 12:52:17
7447,False,0.1316,0.1503,0.1749,0.2003,0.2297,0.186,0.4048,0.4311,0.4722,0.5143,0.5328,0.4811,2103158,100.0,05/10/2026 12:52:17
7455,False,0.2773,0.3071,0.3443,0.3857,0.4249,0.2898,0.6788,0.693,0.7171,0.7389,0.7498,0.7293,2102408,100.0,05/10/2026 12:52:18
7463,False,0.1667,0.1912,0.2194,0.25,0.2833,0.2242,0.3495,0.3716,0.4125,0.4534,0.4723,0.4198,2103174,100.0,05/10/2026 12:52:23
7471,False,0.216,0.2448,0.2775,0.3122,0.3471,0.2575,0.6491,0.6597,0.6829,0.7043,0.7147,0.6954,2102507,100.0,05/10/2026 12:52:22
7480,False,0.1646,0.1861,0.2133,0.2444,0.2781,0.2194,0.2379,0.2639,0.3149,0.3628,0.3854,0.3171,2103257,100.0,05/10/2026 12:52:23
7498,False,0.1339,0.1517,0.1748,0.2006,0.2323,0.1543,0.404,0.425,0.4629,0.4987,0.5142,0.4703,2102606,100.0,05/10/2026 12:52:22
7501,False,0.1876,0.2102,0.24,0.273,0.3084,0.2435,0.4097,0.4279,0.4631,0.495,0.5121,0.4692,2103554,100.0,05/10/2026 12:52:22
7510,False,0.1835,0.2058,0.2373,0.2694,0.3009,0.2399,0.5255,0.5436,0.5716,0.5986,0.6125,0.5809,2102705,100.0,05/10/2026 12:52:22
7528,False,0.1518,0.1728,0.1983,0.2273,0.2569,0.2114,0.086,0.1258,0.1944,0.2564,0.2896,0.187,2104073,100.0,05/10/2026 12:52:21
7536,False,0.1753,0.1977,0.2271,0.2585,0.2899,0.2412,0.0794,0.1102,0.1666,0.2155,0.2425,0.1582,2102804,100.0,05/10/2026 12:52:17
7544,False,0.157,0.1786,0.205,0.2339,0.2693,0.1853,0.3786,0.3993,0.4308,0.4622,0.4778,0.4354,2104081,100.0,05/10/2026 12:52:19
7552,False,0.2124,0.2376,0.2715,0.3075,0.3449,0.2506,0.3179,0.3427,0.3849,0.4216,0.4413,0.3884,2102903,100.0,05/10/2026 12:52:20
7560,False,0.1432,0.1634,0.1882,0.2157,0.247,0.1929,0.0038,0.0132,0.055,0.1039,0.1309,0.0393,2104099,100.0,05/10/2026 12:52:20
7579,False,0.1621,0.1831,0.2111,0.2413,0.274,0.2312,0.3692,0.3926,0.4353,0.4772,0.4965,0.4463,2103000,100.0,05/10/2026 12:52:22
7595,False,0.1809,0.2052,0.2363,0.2696,0.3026,0.2156,0.4884,0.5117,0.5537,0.5899,0.6077,0.5662,2103109,100.0,05/10/2026 12:52:20
7609,False,0.1693,0.1889,0.2173,0.2479,0.2837,0.2196,0.0259,0.0529,0.1117,0.1718,0.2032,0.1006,2104552,100.0,05/10/2026 12:52:23
7617,False,0.1608,0.184,0.212,0.2422,0.2802,0.2313,0.3803,0.396,0.4308,0.4601,0.4772,0.4367,2103208,100.0,05/10/2026 12:52:23
7625,False,0.1624,0.1852,0.2136,0.2427,0.28,0.2288,0.2889,0.3131,0.3584,0.404,0.4257,0.3632,2104628,100.0,05/10/2026 12:52:19
7633,False,0.202,0.2281,0.2597,0.2938,0.3326,0.2817,0.436,0.454,0.4873,0.5171,0.5306,0.4967,2103307,100.0,05/10/2026 12:52:22
7641,False,0.1741,0.1978,0.2278,0.2577,0.2961,0.2251,0.4235,0.4419,0.4793,0.5148,0.5323,0.4849,2104651,100.0,05/10/2026 12:52:23
7650,False,0.176,0.2024,0.2326,0.2644,0.2995,0.2579,0.5683,0.5868,0.6123,0.6366,0.6485,0.6244,2103406,100.0,05/10/2026 12:52:21
7668,False,0.1867,0.2115,0.2424,0.2749,0.3092,0.2422,0.2101,0.232,0.2687,0.3049,0.3267,0.269,2104677,100.0,05/10/2026 12:52:17
7676,False,0.1696,0.1906,0.2184,0.249,0.2837,0.2385,0.404,0.4225,0.4555,0.4896,0.5065,0.4638,2103505,100.0,05/10/2026 12:52:23
7684,False,0.1826,0.2067,0.2366,0.2684,0.3042,0.2394,0.5278,0.546,0.5783,0.6075,0.6204,0.5883,2105153,100.0,05/10/2026 12:52:19
7692,False,0.2126,0.2382,0.2715,0.3051,0.3468,0.2954,0.3709,0.3868,0.4169,0.4461,0.4615,0.4226,2103604,100.0,05/10/2026 12:52:22
7706,False,0.2193,0.2463,0.2794,0.3157,0.3535,0.2758,0.3374,0.356,0.3889,0.4238,0.4443,0.3928,2105351,100.0,05/10/2026 12:52:20
7714,False,0.219,0.2443,0.2759,0.3121,0.3461,0.2658,0.5512,0.568,0.5962,0.6207,0.6336,0.6083,2103703,100.0,05/10/2026 12:52:22
7722,False,0.1694,0.1898,0.2166,0.2473,0.283,0.2175,0.0043,0.0153,0.0522,0.0941,0.114,0.0667,2105427,100.0,05/10/2026 12:52:22
7730,False,0.1568,0.1769,0.2037,0.2329,0.2622,0.2054,0.1954,0.217,0.2561,0.2925,0.3122,0.2549,2103802,100.0,05/10/2026 12:52:21
7749,False,0.1884,0.2142,0.2446,0.2785,0.3162,0.2486,0.4727,0.4902,0.5263,0.5584,0.5767,0.5317,2105450,100.0,05/10/2026 12:52:19
7757,False,0.1517,0.1733,0.2002,0.2297,0.2657,0.2059,0.6745,0.6881,0.712,0.7357,0.7465,0.7252,2103901,100.0,05/10/2026 12:52:23
7765,False,0.1751,0.199,0.2278,0.2585,0.2968,0.2265,0.4379,0.4536,0.4821,0.5101,0.5249,0.4876,2105476,100.0,05/10/2026 12:52:23
7773,False,0.1676,0.1908,0.2177,0.2491,0.2841,0.2368,0.356,0.3754,0.4139,0.4472,0.4639,0.4181,2104008,100.0,05/10/2026 12:52:21
7781,False,0.2122,0.238,0.2699,0.3059,0.342,0.2681,0.452,0.473,0.5156,0.5539,0.5734,0.524,2105658,100.0,05/10/2026 12:52:21
7790,False,0.1411,0.1583,0.1843,0.2105,0.2432,0.1904,0.2093,0.2345,0.273,0.3131,0.3331,0.274,2104107,100.0,05/10/2026 12:52:21
7803,False,0.128,0.1473,0.1697,0.1951,0.2273,0.1748,0.3777,0.3982,0.4336,0.4684,0.4856,0.438,2105948,100.0,05/10/2026 12:52:21
7811,False,0.1837,0.2071,0.236,0.2671,0.3067,0.2561,0.4999,0.5176,0.5506,0.5812,0.5987,0.5613,2104206,100.0,05/10/2026 12:52:22
7820,False,0.1628,0.1859,0.2137,0.2445,0.276,0.2328,0.5795,0.5927,0.6206,0.6464,0.6598,0.6292,2105922,100.0,05/10/2026 12:52:21
7838,False,0.14,0.1587,0.1832,0.2118,0.2401,0.1593,0.2333,0.2596,0.3092,0.3577,0.3811,0.3118,2104305,100.0,05/10/2026 12:52:20
7846,False,0.1737,0.1951,0.2248,0.2566,0.2897,0.2484,0.3277,0.349,0.3873,0.4201,0.4369,0.3896,2105963,100.0,05/10/2026 12:52:22
7854,False,0.1857,0.2075,0.237,0.2686,0.3026,0.2592,0.3874,0.4063,0.436,0.4647,0.4784,0.4407,2104404,100.0,05/10/2026 12:52:20
7862,False,0.1645,0.186,0.2126,0.243,0.2761,0.1996,0.0016,0.0067,0.0418,0.0948,0.1203,0.028,2105989,100.0,05/10/2026 12:52:19
7870,False,0.1742,0.1954,0.225,0.2565,0.2886,0.236,0.4718,0.4895,0.525,0.5605,0.5771,0.5357,2104503,100.0,05/10/2026 12:52:23
7889,False,0.2316,0.2606,0.2947,0.335,0.3781,0.2947,0.1691,0.1957,0.2371,0.2756,0.2961,0.2352,2106326,100.0,05/10/2026 12:52:17
7897,False,0.164,0.1857,0.213,0.2418,0.2789,0.2332,0.4438,0.4585,0.4932,0.5246,0.5393,0.4995,2104602,100.0,05/10/2026 12:52:18
7900,False,0.2084,0.2333,0.2657,0.2999,0.343,0.2629,0.2304,0.2525,0.3008,0.3441,0.3705,0.3008,2106359,100.0,05/10/2026 12:52:22
7919,False,0.1625,0.1847,0.2133,0.2424,0.2725,0.2088,0.4277,0.4499,0.4857,0.5221,0.5421,0.4917,2104701,100.0,05/10/2026 12:52:19
7927,False,0.1827,0.2045,0.2351,0.2665,0.3024,0.2245,0.4266,0.4466,0.4862,0.5227,0.5396,0.4932,2106375,100.0,05/10/2026 12:52:20
7935,False,0.1699,0.1906,0.2196,0.2496,0.2854,0.2205,0.1181,0.1372,0.1729,0.2088,0.2278,0.1696,2104800,100.0,05/10/2026 12:52:23
7943,False,0.221,0.2489,0.283,0.3186,0.3597,0.2845,0.5272,0.5454,0.5794,0.6119,0.6291,0.5892,2106631,100.0,05/10/2026 12:52:22
7951,False,0.2216,0.2492,0.2812,0.3176,0.3552,0.2661,0.6136,0.629,0.6589,0.6854,0.6994,0.6735,2104909,100.0,05/10/2026 12:52:19
7960,False,0.1756,0.1991,0.2288,0.2591,0.2916,0.2134,0.57,0.5898,0.6192,0.6487,0.664,0.6294,2106672,100.0,05/10/2026 12:52:21
7978,False,0.2269,0.2568,0.2908,0.329,0.3689,0.2372,0.5538,0.5713,0.6003,0.6282,0.6431,0.6145,2105005,100.0,05/10/2026 12:52:23
7986,False,0.1623,0.1839,0.2117,0.2416,0.2801,0.2103,0.2354,0.2715,0.3271,0.3861,0.4116,0.3303,2107258,100.0,05/10/2026 12:52:18
7994,False,0.2183,0.2441,0.2769,0.313,0.3531,0.1911,0.5547,0.5694,0.5966,0.6202,0.6317,0.6068,2105104,100.0,05/10/2026 12:52:23
8001,False,0.2186,0.2447,0.2764,0.3121,0.3506,0.2638,0.4168,0.439,0.4777,0.5117,0.5307,0.4864,2107357,100.0,05/10/2026 12:52:24
8010,False,0.1459,0.1642,0.1918,0.2184,0.2477,0.1858,0.1596,0.1853,0.2269,0.2643,0.288,0.2237,2105203,100.0,05/10/2026 12:52:20
8028,False,0.2085,0.2351,0.2676,0.3035,0.3416,0.2675,0.5344,0.5527,0.5867,0.6179,0.6327,0.6003,2107456,100.0,05/10/2026 12:52:23
8036,False,0.1501,0.1724,0.1972,0.2257,0.258,0.2166,0.0281,0.0566,0.121,0.1804,0.2145,0.1533,2105302,100.0,05/10/2026 12:52:23
8044,False,0.157,0.1761,0.2029,0.2326,0.2604,0.2035,0.5511,0.5712,0.6047,0.6339,0.6524,0.6186,2108058,100.0,05/10/2026 12:52:21
8052,False,0.1861,0.2099,0.2424,0.277,0.3102,0.2752,0.6061,0.6172,0.6377,0.6571,0.6665,0.6453,2111409,100.0,05/10/2026 12:52:21
8060,False,0.223,0.2528,0.288,0.3258,0.3664,0.2792,0.5876,0.601,0.6272,0.6514,0.6635,0.6386,2108256,100.0,05/10/2026 12:52:24
8079,False,0.1912,0.2191,0.2495,0.2819,0.3189,0.2526,0.4518,0.4732,0.512,0.5465,0.5662,0.5239,2105401,100.0,05/10/2026 12:52:21
8087,False,0.1938,0.2207,0.252,0.2838,0.3227,0.2612,0.478,0.4963,0.5274,0.5565,0.5722,0.5361,2108454,100.0,05/10/2026 12:52:23
8095,False,0.1468,0.167,0.1923,0.2208,0.2506,0.2019,0.0851,0.1114,0.1624,0.2139,0.2405,0.1563,2105500,100.0,05/10/2026 12:52:22
8109,False,0.2856,0.3181,0.3574,0.3971,0.4417,0.2945,0.3689,0.3943,0.4415,0.4857,0.506,0.4496,2109056,100.0,05/10/2026 12:52:21
8117,False,0.1716,0.1949,0.2219,0.2504,0.2821,0.24,0.3967,0.4181,0.4531,0.4848,0.5008,0.459,2105609,100.0,05/10/2026 12:52:17
8125,False,0.1807,0.2028,0.2333,0.2651,0.3001,0.2268,0.4113,0.4376,0.4859,0.5305,0.5521,0.4946,2109239,100.0,05/10/2026 12:52:21
8133,False,0.1742,0.1969,0.2267,0.2567,0.2941,0.2306,0.0516,0.0681,0.0993,0.1304,0.1454,0.0935,2105708,100.0,05/10/2026 12:52:22
8141,False,0.2317,0.258,0.2935,0.3301,0.3701,0.2948,0.5736,0.5954,0.63,0.6618,0.6779,0.6474,2109270,100.0,05/10/2026 12:52:22
8150,False,0.1277,0.1456,0.1684,0.1945,0.2239,0.1835,0.3719,0.3916,0.4247,0.4575,0.4742,0.4278,2105807,100.0,05/10/2026 12:52:24
8168,False,0.147,0.1678,0.1935,0.2215,0.2584,0.1813,0.18,0.2092,0.2615,0.3106,0.336,0.26,2109452,100.0,05/10/2026 12:52:24
8176,False,0.169,0.191,0.2194,0.2496,0.2828,0.2404,0.5349,0.5502,0.5772,0.6033,0.6169,0.5863,2105906,100.0,05/10/2026 12:52:18
8184,False,0.1766,0.1996,0.2275,0.2583,0.2925,0.2288,0.1464,0.1774,0.2357,0.289,0.3186,0.232,2109551,100.0,05/10/2026 12:52:20
8192,False,0.1677,0.1897,0.2177,0.2476,0.281,0.2289,0.2416,0.2678,0.3091,0.3493,0.3692,0.3113,2106003,100.0,05/10/2026 12:52:22
8206,False,0.162,0.1817,0.2106,0.2395,0.2717,0.207,0.4125,0.433,0.4712,0.5082,0.5272,0.4765,2109759,100.0,05/10/2026 12:52:21
8214,False,0.1493,0.1721,0.1974,0.2267,0.258,0.2079,0.3384,0.3608,0.4024,0.4426,0.4634,0.4088,2106102,100.0,05/10/2026 12:52:19
8222,False,0.2123,0.2385,0.2699,0.3057,0.3414,0.2665,0.4905,0.5088,0.5442,0.5764,0.5926,0.5535,2110237,100.0,05/10/2026 12:52:22
8230,False,0.2166,0.2403,0.2738,0.311,0.3479,0.2456,0.2006,0.2345,0.2862,0.3367,0.3651,0.2861,2106201,100.0,05/10/2026 12:52:20
8249,False,0.2239,0.253,0.2868,0.323,0.3608,0.2074,0.5403,0.5578,0.5911,0.6239,0.6377,0.6054,2110278,100.0,05/10/2026 12:52:22
8257,False,0.1638,0.1834,0.2118,0.2421,0.2753,0.2196,0.4359,0.4612,0.5037,0.5398,0.5631,0.5139,2106300,100.0,05/10/2026 12:52:22
8265,False,0.162,0.1809,0.2072,0.2362,0.269,0.1918,0.2979,0.3239,0.3721,0.4166,0.4379,0.3759,2110658,100.0,05/10/2026 12:52:21
8273,False,0.1747,0.1985,0.228,0.2596,0.2948,0.2107,0.4801,0.4964,0.5238,0.5504,0.5642,0.5322,2106409,100.0,05/10/2026 12:52:21
8281,False,0.1843,0.2091,0.2389,0.2709,0.3014,0.2309,0.0068,0.0234,0.0718,0.1195,0.1413,0.0644,2110856,100.0,05/10/2026 12:52:23
8290,False,0.1737,0.1944,0.2227,0.2528,0.2896,0.2079,0.4091,0.4267,0.4591,0.4899,0.5039,0.4665,2106508,100.0,05/10/2026 12:52:24
8303,False,0.2337,0.2592,0.2955,0.3315,0.3732,0.3012,0.3192,0.3407,0.3801,0.416,0.4325,0.384,2111029,100.0,05/10/2026 12:52:18
8311,False,0.1969,0.2192,0.2499,0.2854,0.3164,0.2652,0.5716,0.585,0.6052,0.6262,0.6356,0.6149,2106607,100.0,05/10/2026 12:52:17
8320,False,0.1319,0.1504,0.1742,0.1991,0.231,0.1814,0.0272,0.0557,0.1112,0.1617,0.1885,0.1019,2111052,100.0,05/10/2026 12:52:17
8338,False,0.1504,0.1719,0.1968,0.2243,0.2531,0.206,0.4377,0.4533,0.4837,0.5117,0.5267,0.4901,2106706,100.0,05/10/2026 12:52:23
8346,False,0.1977,0.2229,0.2538,0.2864,0.3228,0.2664,0.6487,0.6612,0.6848,0.7051,0.7163,0.6962,2111078,100.0,05/10/2026 12:52:19
8354,False,0.2036,0.2287,0.2589,0.2935,0.328,0.2493,0.4839,0.5041,0.5383,0.5729,0.5903,0.5498,2106805,100.0,05/10/2026 12:52:23
8362,False,0.157,0.1792,0.2066,0.2359,0.2695,0.2154,0.5575,0.5763,0.6105,0.6425,0.6588,0.6222,2111250,100.0,05/10/2026 12:52:17
8370,False,0.2074,0.2338,0.2659,0.2998,0.3343,0.2691,0.5247,0.5382,0.5641,0.5881,0.6008,0.573,2106904,100.0,05/10/2026 12:52:20
8389,False,0.2281,0.2559,0.2904,0.3267,0.3687,0.2948,0.0311,0.0559,0.1,0.1427,0.1631,0.0937,2111532,100.0,05/10/2026 12:52:18
8397,False,0.1707,0.1924,0.221,0.2513,0.2891,0.2184,0.1353,0.1631,0.2182,0.2723,0.2954,0.2165,2107001,100.0,05/10/2026 12:52:23
8400,False,0.1503,0.1678,0.1934,0.2212,0.2554,0.1935,0.2509,0.2764,0.3301,0.38,0.4022,0.3491,2111573,100.0,05/10/2026 12:52:21
8419,False,0.1626,0.1842,0.2121,0.2417,0.2733,0.1877,0.475,0.4933,0.5236,0.5505,0.5655,0.5313,2107100,100.0,05/10/2026 12:52:23
8427,False,0.1932,0.216,0.2464,0.2787,0.3122,0.2508,0.3939,0.4201,0.4653,0.5093,0.5324,0.4736,2111631,100.0,05/10/2026 12:52:21
8435,False,0.2068,0.2343,0.2664,0.3012,0.3411,0.2422,0.5039,0.5211,0.5514,0.5788,0.5925,0.5599,2107209,100.0,05/10/2026 12:52:23
8443,False,0.1859,0.2086,0.2381,0.2701,0.3092,0.2462,0.438,0.4621,0.5059,0.5485,0.5664,0.5132,2111672,100.0,05/10/2026 12:52:18
8451,False,0.1989,0.2237,0.2539,0.2878,0.3262,0.2346,0.4538,0.4726,0.5153,0.5541,0.5761,0.5224,2107308,100.0,05/10/2026 12:52:17
8460,False,0.1561,0.1773,0.2036,0.2326,0.2632,0.2105,0.3749,0.4006,0.4428,0.4808,0.501,0.4469,2111722,100.0,05/10/2026 12:52:17
8478,False,0.1602,0.1833,0.2102,0.2406,0.2775,0.2215,0.4186,0.4416,0.4788,0.5142,0.5323,0.4883,2107407,100.0,05/10/2026 12:52:24
8486,False,0.1998,0.2229,0.2552,0.2894,0.3244,0.2722,0.4169,0.4356,0.47,0.5,0.5176,0.4739,2111748,100.0,05/10/2026 12:52:18
8494,False,0.1343,0.1515,0.1754,0.2007,0.231,0.169,0.1412,0.1741,0.2393,0.298,0.3301,0.2359,2107506,100.0,05/10/2026 12:52:22
8508,False,0.1535,0.1753,0.2017,0.2319,0.2632,0.2204,0.1692,0.1975,0.254,0.3091,0.3344,0.2519,2111763,100.0,05/10/2026 12:52:21
8516,False,0.2347,0.2643,0.3,0.3362,0.3798,0.2921,0.6235,0.6374,0.6609,0.6836,0.6957,0.6731,2107605,100.0,05/10/2026 12:52:24
8524,False,0.2267,0.2513,0.2856,0.3215,0.3672,0.2668,0.7331,0.7454,0.7654,0.7837,0.7935,0.7767,2111789,100.0,05/10/2026 12:52:22
8532,False,0.1997,0.224,0.2552,0.2888,0.3287,0.2883,0.5156,0.5286,0.5555,0.5799,0.5918,0.5625,2107704,100.0,05/10/2026 12:52:22
8540,False,0.1718,0.1955,0.2233,0.2538,0.2913,0.2493,0.5571,0.5797,0.6192,0.6544,0.673,0.631,2111953,100.0,05/10/2026 12:52:22
8559,False,0.2014,0.2288,0.2612,0.2957,0.332,0.2713,0.6275,0.6411,0.6654,0.6878,0.7007,0.6797,2107803,100.0,05/10/2026 12:52:22
8567,False,0.1468,0.1676,0.1933,0.2204,0.252,0.2029,0.1955,0.2178,0.2595,0.3034,0.3226,0.2589,2112233,100.0,05/10/2026 12:52:19
8575,False,0.1781,0.2012,0.2301,0.2641,0.2961,0.2489,0.4447,0.4632,0.4989,0.5314,0.55,0.5086,2107902,100.0,05/10/2026 12:52:23
8583,False,0.2363,0.2669,0.3002,0.3373,0.3766,0.2885,0.4364,0.4622,0.5028,0.5407,0.562,0.5106,2112274,100.0,05/10/2026 12:52:20
8591,False,0.1759,0.1997,0.2284,0.2605,0.2978,0.2395,0.3848,0.4026,0.4352,0.467,0.4822,0.4412,2108009,100.0,05/10/2026 12:52:22
8605,False,0.2366,0.2658,0.3016,0.3371,0.3767,0.3007,0.4143,0.4354,0.4766,0.5141,0.5327,0.4861,2112456,100.0,05/10/2026 12:52:22
8613,False,0.1467,0.1656,0.1912,0.2191,0.2516,0.2036,0.1895,0.2126,0.2536,0.2938,0.3146,0.2524,2108207,100.0,05/10/2026 12:52:23
8621,False,0.2318,0.2608,0.2963,0.3331,0.3749,0.284,0.0686,0.0952,0.1456,0.193,0.2204,0.14,2112852,100.0,05/10/2026 12:52:18
8630,False,0.2304,0.2574,0.2907,0.3281,0.3674,0.2917,0.6423,0.6566,0.6804,0.7021,0.713,0.6948,2108306,100.0,05/10/2026 12:52:18
8656,False,0.201,0.2262,0.2585,0.2928,0.3275,0.2265,0.5791,0.5943,0.62,0.645,0.6602,0.6304,2108405,100.0,05/10/2026 12:52:20
8672,False,0.2064,0.2336,0.2648,0.3004,0.3345,0.2669,0.4192,0.4367,0.4689,0.5002,0.5138,0.4774,2108504,100.0,05/10/2026 12:52:22
8699,False,0.2126,0.2416,0.2749,0.3097,0.3488,0.265,0.3739,0.3993,0.4398,0.4774,0.4978,0.4486,2108603,100.0,05/10/2026 12:52:21
8710,False,0.1672,0.1891,0.2161,0.246,0.2774,0.2264,0.4216,0.4376,0.469,0.4979,0.5147,0.4754,2108702,100.0,05/10/2026 12:52:22
8737,False,0.2347,0.2635,0.2991,0.3354,0.372,0.2937,0.5274,0.5458,0.5768,0.6041,0.6178,0.5868,2108801,100.0,05/10/2026 12:52:23
8753,False,0.1738,0.1976,0.2265,0.2581,0.2957,0.2361,0.3653,0.3807,0.4093,0.4376,0.4555,0.4138,2108900,100.0,05/10/2026 12:52:20
8770,False,0.1764,0.1976,0.2268,0.257,0.293,0.2217,0.0452,0.0715,0.1221,0.1711,0.197,0.1134,2109007,100.0,05/10/2026 12:52:22
8796,False,0.1424,0.162,0.1858,0.2124,0.2441,0.1967,0.1791,0.2003,0.238,0.2731,0.2915,0.2356,2109106,100.0,05/10/2026 12:52:21
8818,False,0.2123,0.2352,0.2675,0.3033,0.3414,0.2491,0.5738,0.5899,0.6193,0.6472,0.6605,0.6309,2109205,100.0,05/10/2026 12:52:22
8834,False,0.2016,0.2262,0.258,0.2948,0.3278,0.2374,0.6344,0.6513,0.6783,0.7042,0.7171,0.6924,2109304,100.0,05/10/2026 12:52:22
8850,False,0.2102,0.2378,0.269,0.3053,0.3458,0.1955,0.6113,0.6281,0.6582,0.6827,0.696,0.6704,2109403,100.0,05/10/2026 12:52:23
8877,False,0.1693,0.1929,0.2215,0.2535,0.2821,0.2438,0.2355,0.2611,0.301,0.3404,0.3623,0.3015,2109502,100.0,05/10/2026 12:52:21
8893,False,0.1487,0.1684,0.1945,0.2215,0.2512,0.1894,0.1632,0.1981,0.2564,0.3098,0.339,0.2538,2111201,100.0,05/10/2026 12:52:23
8915,False,0.1764,0.1997,0.2286,0.2596,0.2977,0.2219,0.4213,0.4476,0.4881,0.5278,0.5497,0.5022,2109601,100.0,05/10/2026 12:52:23
8931,False,0.2131,0.238,0.2715,0.3082,0.3423,0.2137,0.1276,0.1601,0.2113,0.2596,0.2868,0.209,2109700,100.0,05/10/2026 12:52:22
8958,False,0.2379,0.2626,0.2974,0.3331,0.3736,0.2951,0.3776,0.4017,0.4396,0.4751,0.494,0.448,2109809,100.0,05/10/2026 12:52:20
8974,False,0.1879,0.2125,0.2417,0.2742,0.3125,0.2532,0.3279,0.3474,0.3787,0.409,0.4237,0.3822,2110005,100.0,05/10/2026 12:52:23
8990,False,0.1747,0.1981,0.2284,0.2597,0.2936,0.2373,0.5349,0.549,0.576,0.6018,0.6142,0.5861,2110104,100.0,05/10/2026 12:52:21
9016,False,0.1975,0.2262,0.2578,0.2937,0.3296,0.2647,0.4896,0.5044,0.5338,0.5603,0.574,0.5438,2110203,100.0,05/10/2026 12:52:21
9032,False,0.1487,0.1696,0.1938,0.2223,0.258,0.1985,0.307,0.3303,0.3641,0.4008,0.4183,0.367,2110302,100.0,05/10/2026 12:52:23
9059,False,0.1864,0.2119,0.2425,0.2748,0.3104,0.2137,0.5821,0.5984,0.624,0.6472,0.6588,0.6352,2110401,100.0,05/10/2026 12:52:22
9075,False,0.2389,0.2694,0.3057,0.3439,0.3833,0.2955,0.4976,0.5151,0.5426,0.5679,0.5817,0.5521,2110500,100.0,05/10/2026 12:52:21
9091,False,0.1801,0.2064,0.2343,0.2662,0.298,0.2441,0.4549,0.4728,0.5024,0.5301,0.5446,0.5105,2110609,100.0,05/10/2026 12:52:24
9113,False,0.1536,0.1728,0.1992,0.2278,0.2644,0.2165,0.2086,0.2295,0.2621,0.2946,0.3133,0.2613,2110708,100.0,05/10/2026 12:52:21
9130,False,0.2096,0.2331,0.2656,0.3017,0.3415,0.25,0.2364,0.2705,0.3267,0.3833,0.4116,0.3282,2110807,100.0,05/10/2026 12:52:19
9156,False,0.1626,0.1849,0.2121,0.2424,0.2709,0.2384,0.6375,0.6524,0.6793,0.7026,0.7152,0.6913,2110906,100.0,05/10/2026 12:52:22
9172,False,0.2811,0.3126,0.3502,0.3911,0.4356,0.2827,0.6435,0.6555,0.6765,0.6959,0.7068,0.6887,2111003,100.0,05/10/2026 12:52:19
9199,False,0.1665,0.1884,0.2153,0.2457,0.2814,0.2328,0.404,0.4278,0.4662,0.5017,0.5214,0.4753,2111102,100.0,05/10/2026 12:52:17
9210,False,0.139,0.1587,0.1835,0.2112,0.2442,0.1807,0.091,0.1311,0.1979,0.2605,0.292,0.1911,2111300,100.0,05/10/2026 12:52:22
9237,False,0.1912,0.2173,0.2493,0.283,0.3209,0.2781,0.3935,0.4106,0.4399,0.4689,0.4852,0.4467,2111508,100.0,05/10/2026 12:52:22
9253,False,0.172,0.1947,0.2233,0.2552,0.2893,0.2213,0.1657,0.1903,0.2321,0.2725,0.2953,0.2298,2111607,100.0,05/10/2026 12:52:22
9270,False,0.2474,0.2766,0.3132,0.3517,0.3891,0.2992,0.5729,0.5902,0.6188,0.6453,0.6568,0.6311,2111706,100.0,05/10/2026 12:52:22
9296,False,0.1301,0.1464,0.1694,0.1946,0.2209,0.1698,0.1339,0.1586,0.2045,0.2496,0.2726,0.2004,2111805,100.0,05/10/2026 12:52:23
9318,False,0.1279,0.1462,0.1683,0.1926,0.2224,0.1806,0.3917,0.4096,0.4457,0.4797,0.4972,0.4499,2111904,100.0,05/10/2026 12:52:22
9334,False,0.1649,0.1879,0.2149,0.2447,0.2816,0.2108,0.0047,0.0205,0.0764,0.1363,0.1673,0.0637,2112001,100.0,05/10/2026 12:52:18
9350,False,0.2059,0.2369,0.2689,0.3052,0.3494,0.3065,0.5471,0.5674,0.5962,0.6244,0.6389,0.6095,2112100,100.0,05/10/2026 12:52:20
9377,False,0.1261,0.1455,0.1677,0.1931,0.2241,0.1793,0.3328,0.3579,0.3973,0.4364,0.4556,0.404,2112209,100.0,05/10/2026 12:52:21
9393,False,0.1841,0.2069,0.2363,0.2698,0.3037,0.2357,0.2688,0.2855,0.317,0.3483,0.3642,0.3183,2112308,100.0,05/10/2026 12:52:24
9415,False,0.1865,0.2127,0.2422,0.2753,0.3111,0.2197,0.5227,0.5399,0.5672,0.592,0.6044,0.5772,2112407,100.0,05/10/2026 12:52:23
9431,False,0.1786,0.2033,0.2344,0.2651,0.3009,0.2454,0.4261,0.4467,0.4821,0.5156,0.5347,0.492,2112506,100.0,05/10/2026 12:52:21
9458,False,0.1849,0.2102,0.2403,0.2744,0.3124,0.2417,0.554,0.566,0.5877,0.6088,0.6188,0.5965,2112605,100.0,05/10/2026 12:52:22
9474,False,0.1818,0.2077,0.2365,0.2682,0.3051,0.2503,0.4668,0.4843,0.5121,0.5398,0.5548,0.5223,2112704,100.0,05/10/2026 12:52:22
9490,False,0.2046,0.2309,0.2621,0.2956,0.3366,0.25,0.3162,0.34,0.377,0.4108,0.4288,0.381,2112803,100.0,05/10/2026 12:52:23
9512,False,0.1844,0.2087,0.2393,0.2713,0.3063,0.2468,0.3515,0.3678,0.399,0.4283,0.4447,0.4034,2112902,100.0,05/10/2026 12:52:24
9539,False,0.1588,0.1792,0.2053,0.2357,0.2667,0.2213,0.3012,0.322,0.3594,0.3938,0.4098,0.3618,2113009,100.0,05/10/2026 12:52:24
9555,False,0.1914,0.2155,0.246,0.28,0.3137,0.2533,0.3883,0.4027,0.4342,0.4656,0.4835,0.4413,2102002,100.0,05/10/2026 12:52:23
9571,False,0.1685,0.1898,0.2177,0.249,0.2825,0.2239,0.1782,0.2043,0.2434,0.281,0.3013,0.2409,2109908,100.0,05/10/2026 12:52:24
9598,False,0.1993,0.224,0.2554,0.2881,0.3239,0.2615,0.2696,0.2873,0.3185,0.349,0.3674,0.3197,2108108,100.0,05/10/2026 12:52:20
9610,False,0.1572,0.1787,0.2052,0.2357,0.2671,0.2175,0.0905,0.1144,0.1558,0.1992,0.2206,0.1792,2100055,100.0,05/10/2026 12:52:20
9636,False,0.1774,0.2009,0.2291,0.2612,0.3004,0.2429,0.0011,0.0051,0.0284,0.0691,0.0952,0.0183,2104057,100.0,05/10/2026 12:52:20
9652,False,0.1844,0.2082,0.2378,0.2706,0.3068,0.2463,0.2533,0.2733,0.3156,0.3547,0.3742,0.3176,2110039,100.0,05/10/2026 12:52:20
9679,False,0.1689,0.1899,0.2198,0.2501,0.2858,0.2236,0.2609,0.2773,0.305,0.3324,0.3472,0.3059,2100956,100.0,05/10/2026 12:52:22
9695,False,0.1931,0.218,0.2488,0.2818,0.3153,0.2391,0.348,0.3682,0.4065,0.4443,0.4638,0.4134,2106755,100.0,05/10/2026 12:52:22
9717,False,0.1839,0.2078,0.2377,0.2714,0.3097,0.2457,0.3454,0.3611,0.3911,0.421,0.4371,0.3958,2114007,100.0,05/10/2026 12:52:23
40002,False,0.1338,0.156,0.1796,0.2057,0.2361,0.1844,0.0042,0.0148,0.0807,0.1667,0.2138,0.0528,3101631,100.0,05/10/2026 12:52:56
40010,False,0.1532,0.1752,0.2014,0.2303,0.2601,0.2017,0.0072,0.0288,0.0993,0.1783,0.2171,0.1348,3100104,100.0,05/10/2026 12:52:37
40029,False,0.1614,0.1832,0.2098,0.2396,0.2788,0.2216,0.0105,0.0396,0.116,0.197,0.239,0.1536,3103751,100.0,05/10/2026 12:53:06
40037,False,0.155,0.1777,0.2042,0.2338,0.2646,0.2047,0.0798,0.1167,0.1806,0.2427,0.2709,0.2154,3100203,100.0,05/10/2026 12:53:04
40045,False,0.1874,0.2131,0.2446,0.2779,0.3177,0.2457,0.0029,0.0123,0.0573,0.1247,0.163,0.038,3108552,100.0,05/10/2026 12:52:39
40053,False,0.1664,0.1922,0.2203,0.2518,0.2874,0.2223,0.0347,0.0615,0.1209,0.1754,0.2043,0.1108,3100302,100.0,05/10/2026 12:52:38
40061,False,0.209,0.2314,0.2641,0.298,0.3353,0.2656,0.0053,0.0193,0.085,0.1617,0.1998,0.1103,3112653,100.0,05/10/2026 12:53:01
40070,False,0.1896,0.2131,0.2429,0.2741,0.3113,0.2436,0.2266,0.2648,0.3381,0.4011,0.4343,0.3404,3100401,100.0,05/10/2026 12:52:42
40088,False,0.179,0.2034,0.2327,0.2658,0.3,0.2367,0.0079,0.0282,0.0801,0.1351,0.1649,0.0995,3114550,100.0,05/10/2026 12:53:05
40096,False,0.2802,0.3093,0.3491,0.3882,0.428,0.3499,0.0739,0.102,0.1533,0.205,0.2307,0.1469,3100500,100.0,05/10/2026 12:53:03
40100,False,0.2327,0.2627,0.2978,0.3347,0.38,0.2848,0.3422,0.3654,0.4069,0.4475,0.4663,0.4125,3115458,100.0,05/10/2026 12:53:03
40118,False,0.263,0.2951,0.3301,0.3691,0.409,0.3273,0.0902,0.1149,0.1638,0.2117,0.2368,0.1588,3100609,100.0,05/10/2026 12:53:04
40126,False,0.2055,0.2325,0.2649,0.2999,0.3415,0.266,0.099,0.1365,0.2048,0.268,0.3,0.1971,3122355,100.0,05/10/2026 12:52:38
40134,False,0.1767,0.2003,0.229,0.2594,0.2953,0.2271,0.0869,0.1272,0.1961,0.27,0.3056,0.2193,3100708,100.0,05/10/2026 12:52:51
40142,False,0.206,0.2278,0.2602,0.2952,0.3328,0.2656,0.1417,0.1699,0.2216,0.2726,0.2988,0.2185,3122454,100.0,05/10/2026 12:52:56
40150,False,0.191,0.2164,0.2481,0.2807,0.318,0.2431,0.0018,0.0096,0.0473,0.1134,0.1534,0.027,3100807,100.0,05/10/2026 12:52:52
40169,False,0.1825,0.205,0.2347,0.2669,0.3026,0.2367,0.0131,0.0357,0.0876,0.1443,0.1732,0.0777,3123528,100.0,05/10/2026 12:52:38
40177,False,0.1813,0.2043,0.2326,0.2646,0.3045,0.2443,0.0115,0.0311,0.0846,0.1382,0.1639,0.0733,3100906,100.0,05/10/2026 12:52:40
40185,False,0.1748,0.1978,0.2275,0.2601,0.297,0.2325,0.0011,0.0053,0.0275,0.0698,0.0954,0.0182,3123858,100.0,05/10/2026 12:53:07
40193,False,0.2479,0.2734,0.3093,0.3453,0.3896,0.3117,0.251,0.2776,0.3276,0.3729,0.3995,0.3284,3101003,100.0,05/10/2026 12:52:40
40207,False,0.1409,0.1611,0.1861,0.2135,0.2502,0.1956,0.0059,0.0229,0.07,0.1246,0.1559,0.0605,3125952,100.0,05/10/2026 12:52:43
40215,False,0.207,0.2376,0.2693,0.3022,0.3405,0.2705,0.0879,0.1074,0.1513,0.1939,0.2184,0.1705,3101102,100.0,05/10/2026 12:52:43
40223,False,0.2593,0.292,0.3294,0.3664,0.408,0.3253,0.1906,0.2231,0.2808,0.3349,0.3684,0.2824,3126752,100.0,05/10/2026 12:52:34
40231,False,0.1621,0.1831,0.2108,0.2402,0.2734,0.222,0.0021,0.0085,0.0428,0.1062,0.1461,0.0096,3101201,100.0,05/10/2026 12:52:51
40240,False,0.1955,0.2226,0.2527,0.287,0.3267,0.2488,0.3056,0.3247,0.3666,0.4036,0.4249,0.3684,3130051,100.0,05/10/2026 12:53:01
40258,False,0.1719,0.193,0.2215,0.2524,0.29,0.2246,0.1901,0.2354,0.3178,0.3984,0.4395,0.3679,3101300,100.0,05/10/2026 12:52:50
40266,False,0.201,0.2278,0.2594,0.2922,0.3315,0.253,0.0042,0.0185,0.0697,0.1303,0.1644,0.0954,3131158,100.0,05/10/2026 12:53:04
40274,False,0.1584,0.1839,0.2114,0.2409,0.2767,0.2255,0.2659,0.3047,0.3681,0.4312,0.4645,0.4073,3101409,100.0,05/10/2026 12:52:37
40282,False,0.1988,0.2228,0.2535,0.2874,0.3283,0.2529,0.0208,0.0441,0.0874,0.1291,0.1537,0.0784,3135050,100.0,05/10/2026 12:53:00
40290,False,0.2022,0.2271,0.2584,0.2934,0.3277,0.2538,0.0078,0.0305,0.091,0.148,0.1795,0.0752,3101508,100.0,05/10/2026 12:52:37
40304,False,0.2325,0.2584,0.2932,0.3298,0.3742,0.2744,0.2086,0.2372,0.2876,0.3424,0.3698,0.2904,3135076,100.0,05/10/2026 12:52:39
40312,False,0.1933,0.2168,0.248,0.2811,0.3214,0.255,0.1362,0.1631,0.2184,0.2757,0.3047,0.2578,3101607,100.0,05/10/2026 12:52:37
40320,False,0.1822,0.2076,0.2371,0.2688,0.3088,0.2347,0.0026,0.009,0.0446,0.1103,0.1442,0.0402,3136652,100.0,05/10/2026 12:52:40
40339,False,0.2238,0.2509,0.2827,0.3184,0.3556,0.2867,0.3141,0.335,0.3727,0.4083,0.4279,0.3774,3101706,100.0,05/10/2026 12:52:40
40347,False,0.1738,0.1967,0.2266,0.2569,0.2909,0.2351,0.0026,0.0089,0.046,0.1088,0.146,0.062,3137536,100.0,05/10/2026 12:52:54
40355,False,0.1792,0.2019,0.2314,0.2657,0.296,0.2307,0.002,0.0069,0.0343,0.0838,0.1096,0.0151,3101805,100.0,05/10/2026 12:53:05
40363,False,0.1641,0.1858,0.2116,0.2417,0.2789,0.2134,0.0015,0.0053,0.029,0.0743,0.1028,0.0186,3138625,100.0,05/10/2026 12:52:39
40371,False,0.1717,0.1919,0.2205,0.2508,0.2867,0.2247,0.0428,0.0799,0.1508,0.2213,0.2554,0.1907,3101904,100.0,05/10/2026 12:53:02
40380,False,0.2172,0.2415,0.2733,0.309,0.3446,0.2741,0.2613,0.2873,0.3369,0.3867,0.4142,0.3394,3138658,100.0,05/10/2026 12:53:01
40398,False,0.1573,0.1762,0.2036,0.2315,0.2655,0.2115,0.0525,0.0832,0.1397,0.1967,0.2288,0.1685,3102001,100.0,05/10/2026 12:52:57
40401,False,0.1398,0.1587,0.1837,0.21,0.2437,0.1843,0.2075,0.2468,0.3079,0.3732,0.4046,0.3091,3139250,100.0,05/10/2026 12:52:41
40410,False,0.2506,0.2765,0.3127,0.3508,0.3924,0.2937,0.2014,0.237,0.2962,0.3523,0.3811,0.2971,3102100,100.0,05/10/2026 12:52:36
40428,False,0.1813,0.2026,0.2323,0.2642,0.302,0.2344,0.035,0.0636,0.1142,0.1701,0.1977,0.107,3140555,100.0,05/10/2026 12:52:38
40436,False,0.1657,0.1886,0.2157,0.2473,0.282,0.2151,0.0033,0.0116,0.0514,0.1139,0.146,0.0376,3102209,100.0,05/10/2026 12:52:44
40444,False,0.2126,0.2391,0.2706,0.3066,0.3435,0.2553,0.3361,0.3625,0.404,0.4445,0.466,0.4086,3140852,100.0,05/10/2026 12:53:00
40452,False,0.2014,0.227,0.258,0.2913,0.3308,0.2523,0.1903,0.224,0.2806,0.3361,0.3627,0.2814,3102308,100.0,05/10/2026 12:53:02
40460,False,0.1884,0.2147,0.2456,0.2786,0.3186,0.2534,0.2106,0.2377,0.2897,0.3389,0.365,0.2885,3143450,100.0,05/10/2026 12:53:05
40479,False,0.2722,0.3005,0.3396,0.3781,0.4251,0.333,0.2135,0.2563,0.3183,0.384,0.4157,0.322,3102407,100.0,05/10/2026 12:53:03
40487,False,0.2108,0.2377,0.2716,0.3072,0.3461,0.2749,0.0232,0.051,0.1085,0.1641,0.1957,0.0993,3144359,100.0,05/10/2026 12:53:04
40495,False,0.193,0.2165,0.246,0.2778,0.3163,0.2318,0.3545,0.3871,0.4463,0.503,0.5339,0.4581,3102506,100.0,05/10/2026 12:52:44
40509,False,0.2675,0.2976,0.3353,0.3751,0.4191,0.3448,0.2595,0.2842,0.3362,0.3846,0.4076,0.3384,3145356,100.0,05/10/2026 12:52:39
40517,False,0.1833,0.2107,0.241,0.2731,0.3083,0.2491,0.2091,0.2498,0.3199,0.3876,0.4227,0.3797,3102605,100.0,05/10/2026 12:53:05
40525,False,0.2462,0.274,0.3081,0.3457,0.3854,0.3199,0.2888,0.3224,0.3795,0.4301,0.4542,0.3851,3146750,100.0,05/10/2026 12:52:39
40533,False,0.2288,0.256,0.2903,0.326,0.3628,0.2968,0.2503,0.2779,0.3267,0.3756,0.4008,0.3301,3102704,100.0,05/10/2026 12:52:45
40541,False,0.2378,0.266,0.3001,0.3379,0.3794,0.3001,0.4503,0.4662,0.5005,0.5345,0.5507,0.5083,3149150,100.0,05/10/2026 12:53:01
40550,False,0.2106,0.2366,0.2681,0.3027,0.3457,0.2768,0.0024,0.0094,0.0498,0.1134,0.1506,0.0247,3102803,100.0,05/10/2026 12:53:04
40568,False,0.2052,0.2355,0.266,0.3,0.342,0.2674,0.0016,0.0058,0.0298,0.072,0.0974,0.0146,3149952,100.0,05/10/2026 12:52:51
40576,False,0.1718,0.1939,0.2212,0.2532,0.2892,0.2194,0.1091,0.1489,0.2219,0.2876,0.3215,0.2166,3102902,100.0,05/10/2026 12:52:37
40584,False,0.2525,0.2813,0.3168,0.3545,0.3929,0.3152,0.2039,0.2321,0.287,0.3372,0.3606,0.2872,3152170,100.0,05/10/2026 12:52:44
40592,False,0.2167,0.2418,0.2743,0.3086,0.3511,0.2604,0.0039,0.0135,0.0617,0.1152,0.1428,0.0477,3103009,100.0,05/10/2026 12:53:00
40606,False,0.2001,0.2265,0.2571,0.2917,0.3281,0.2529,0.0231,0.062,0.1479,0.232,0.2755,0.1364,3154457,100.0,05/10/2026 12:52:44
40614,False,0.1656,0.1886,0.2169,0.2469,0.2812,0.1954,0.0035,0.0126,0.0645,0.1545,0.2031,0.0364,3103108,100.0,05/10/2026 12:53:05
40622,False,0.1472,0.1664,0.1912,0.2194,0.2515,0.1986,0.0352,0.0712,0.1428,0.2178,0.2542,0.1363,3156452,100.0,05/10/2026 12:52:43
40630,False,0.1957,0.2191,0.25,0.285,0.3181,0.2268,0.0031,0.0107,0.059,0.135,0.1774,0.0278,3103207,100.0,05/10/2026 12:53:02
40649,False,0.1514,0.173,0.1973,0.2268,0.2595,0.2033,0.0027,0.0112,0.0526,0.1127,0.1424,0.0715,3157252,100.0,05/10/2026 12:52:39
40657,False,0.2387,0.2681,0.3029,0.3411,0.3766,0.2562,0.034,0.0706,0.152,0.2312,0.2672,0.1427,3103306,100.0,05/10/2026 12:53:05
40665,False,0.1579,0.1794,0.2069,0.2342,0.27,0.2081,0.0027,0.0107,0.0569,0.1156,0.1509,0.073,3159357,100.0,05/10/2026 12:52:37
40673,False,0.2421,0.2668,0.3007,0.3381,0.38,0.3098,0.1972,0.2166,0.2578,0.2972,0.3157,0.2579,3103405,100.0,05/10/2026 12:52:51
40681,False,0.1822,0.205,0.2339,0.2658,0.3029,0.2351,0.1242,0.1549,0.2118,0.2705,0.2984,0.2501,3158953,100.0,05/10/2026 12:52:54
40690,False,0.1748,0.1981,0.2281,0.2601,0.2959,0.2335,0.1603,0.1955,0.2639,0.3304,0.3656,0.3159,3103504,100.0,05/10/2026 12:52:51
40703,False,0.1877,0.2114,0.2432,0.2753,0.3134,0.2412,0.2652,0.3075,0.3812,0.4464,0.4799,0.3886,3162252,100.0,05/10/2026 12:52:40
40711,False,0.1686,0.191,0.2182,0.2488,0.2801,0.2259,0.0832,0.1303,0.2224,0.3063,0.3581,0.2169,3103603,100.0,05/10/2026 12:52:51
40720,False,0.155,0.1735,0.1999,0.2299,0.2608,0.2137,0.048,0.0738,0.1182,0.1614,0.1856,0.1321,3162559,100.0,05/10/2026 12:53:02
40738,False,0.1421,0.1606,0.185,0.2117,0.2417,0.1815,0.321,0.3547,0.4122,0.4648,0.4917,0.4223,3103702,100.0,05/10/2026 12:52:37
40746,False,0.1524,0.169,0.1952,0.2234,0.2581,0.2011,0.0019,0.0066,0.0345,0.0864,0.1154,0.037,3162575,100.0,05/10/2026 12:53:03
40754,False,0.1666,0.1905,0.2181,0.2494,0.2837,0.2285,0.2781,0.314,0.3781,0.4394,0.4683,0.4159,3103801,100.0,05/10/2026 12:53:03
40762,False,0.2317,0.2572,0.2916,0.3282,0.3676,0.2844,0.3851,0.4193,0.4802,0.535,0.5636,0.4932,3162658,100.0,05/10/2026 12:52:36
40770,False,0.1254,0.142,0.1643,0.1897,0.2187,0.1682,0.2043,0.2434,0.3144,0.3818,0.4161,0.3638,3103900,100.0,05/10/2026 12:52:55
40789,False,0.1343,0.1561,0.179,0.2068,0.2353,0.1762,0.011,0.0354,0.1128,0.189,0.2372,0.1524,3162955,100.0,05/10/2026 12:53:05
40797,False,0.1819,0.2041,0.2333,0.2652,0.3049,0.2362,0.0138,0.05,0.1395,0.227,0.2783,0.194,3104007,100.0,05/10/2026 12:52:40
40800,False,0.1452,0.1622,0.1877,0.2142,0.2475,0.1882,0.0248,0.0633,0.1534,0.2398,0.2877,0.2087,3165537,100.0,05/10/2026 12:53:02
40819,False,0.1641,0.1873,0.215,0.2453,0.2795,0.2194,0.0796,0.1182,0.1876,0.2614,0.3019,0.2326,3104106,100.0,05/10/2026 12:52:45
40827,False,0.2728,0.303,0.3432,0.3839,0.4234,0.3025,0.1974,0.2357,0.3112,0.3834,0.4166,0.3128,3165560,100.0,05/10/2026 12:52:44
40835,False,0.1706,0.1917,0.2207,0.2516,0.2863,0.2216,0.0819,0.1219,0.199,0.2771,0.3178,0.2505,3104205,100.0,05/10/2026 12:52:50
40843,False,0.1474,0.1659,0.1917,0.2192,0.25,0.2103,0.208,0.2436,0.3113,0.3771,0.4117,0.3574,3165578,100.0,05/10/2026 12:53:01
40851,False,0.1793,0.2033,0.2337,0.2668,0.304,0.2374,0.1068,0.1439,0.2155,0.2871,0.324,0.262,3104304,100.0,05/10/2026 12:53:04
40860,False,0.1496,0.1704,0.1961,0.2251,0.2572,0.1931,0.0506,0.0788,0.1291,0.1818,0.2098,0.1527,3170057,100.0,05/10/2026 12:53:04
40878,False,0.1648,0.1891,0.2174,0.2471,0.2832,0.2021,0.1723,0.2127,0.279,0.3465,0.3785,0.2798,3104403,100.0,05/10/2026 12:52:37
40886,False,0.2253,0.2542,0.2894,0.3253,0.3647,0.2848,0.0827,0.1153,0.1786,0.2422,0.2709,0.171,3170529,100.0,05/10/2026 12:53:06
40894,False,0.2285,0.2566,0.291,0.3274,0.3719,0.2932,0.0269,0.057,0.1133,0.1686,0.196,0.1015,3104502,100.0,05/10/2026 12:52:51
40908,False,0.1846,0.2086,0.2382,0.27,0.307,0.2335,0.0018,0.0068,0.0363,0.0875,0.1157,0.0195,3170578,100.0,05/10/2026 12:52:51
40916,False,0.1523,0.1708,0.1982,0.2263,0.2584,0.2047,0.0018,0.0071,0.035,0.0835,0.1174,0.042,3104601,100.0,05/10/2026 12:53:04
40924,False,0.2806,0.3105,0.3491,0.3895,0.4298,0.3412,0.2501,0.2824,0.3391,0.396,0.4275,0.3428,3136579,100.0,05/10/2026 12:53:04
40932,False,0.2511,0.2812,0.3189,0.359,0.3954,0.3132,0.2092,0.2348,0.2811,0.3271,0.3511,0.2819,3104700,100.0,05/10/2026 12:53:04
40940,False,0.2394,0.269,0.3051,0.3431,0.3799,0.302,0.1663,0.1988,0.2565,0.3151,0.3411,0.2562,3136959,100.0,05/10/2026 12:52:41
40959,False,0.2508,0.281,0.3179,0.3567,0.3974,0.3131,0.0096,0.0358,0.1097,0.1851,0.2176,0.0976,3104809,100.0,05/10/2026 12:52:37
40967,False,0.2367,0.2655,0.2986,0.3365,0.3799,0.3042,0.283,0.3208,0.3897,0.4537,0.4867,0.3974,3138351,100.0,05/10/2026 12:52:43
40975,False,0.157,0.1796,0.205,0.235,0.2674,0.216,0.1387,0.1721,0.237,0.3038,0.3402,0.2845,3104908,100.0,05/10/2026 12:52:38
40983,False,0.1492,0.17,0.1952,0.2225,0.2569,0.2131,0.0641,0.1028,0.1733,0.241,0.2836,0.2083,3138674,100.0,05/10/2026 12:53:01
40991,False,0.1636,0.1867,0.2125,0.2434,0.2734,0.204,0.0022,0.0087,0.0472,0.1117,0.1499,0.024,3105004,100.0,05/10/2026 12:52:40
41009,False,0.2278,0.2574,0.2927,0.329,0.3705,0.2911,0.5175,0.5394,0.5807,0.6177,0.6356,0.5947,3138682,100.0,05/10/2026 12:52:56
41017,False,0.2102,0.2388,0.2712,0.3054,0.3451,0.2667,0.0016,0.0072,0.04,0.0978,0.1343,0.0291,3105103,100.0,05/10/2026 12:52:51
41025,False,0.1538,0.175,0.2021,0.2307,0.2663,0.1992,0.0065,0.0215,0.0921,0.1719,0.2183,0.1309,3140159,100.0,05/10/2026 12:52:39
41033,False,0.2365,0.2657,0.3003,0.3379,0.3824,0.3039,0.4823,0.5064,0.5496,0.5911,0.6109,0.5605,3105202,100.0,05/10/2026 12:52:37
41041,False,0.1829,0.2064,0.2356,0.2685,0.3072,0.2347,0.0016,0.0069,0.0378,0.0854,0.1111,0.0175,3140530,100.0,05/10/2026 12:53:06
41050,False,0.1583,0.18,0.207,0.2371,0.2707,0.2159,0.0747,0.1181,0.2001,0.2819,0.3231,0.2452,3105301,100.0,05/10/2026 12:52:38
41068,False,0.277,0.3073,0.3453,0.384,0.4272,0.3468,0.3325,0.3694,0.4326,0.4937,0.5185,0.4444,3142254,100.0,05/10/2026 12:52:44
41076,False,0.1607,0.1798,0.2076,0.2363,0.2753,0.2109,0.0029,0.0116,0.0589,0.1344,0.1784,0.008,3105400,100.0,05/10/2026 12:52:41
41084,False,0.2695,0.3034,0.342,0.3836,0.4218,0.3409,0.3642,0.398,0.4584,0.5128,0.5374,0.4709,3143153,100.0,05/10/2026 12:52:44
41092,False,0.2034,0.2284,0.2593,0.2929,0.3333,0.2455,0.1367,0.1646,0.2192,0.2749,0.3017,0.2186,3105509,100.0,05/10/2026 12:52:54
41106,False,0.1909,0.2183,0.2486,0.2809,0.3175,0.238,0.0058,0.0196,0.085,0.158,0.1976,0.0667,3144375,100.0,05/10/2026 12:52:57
41114,False,0.1637,0.1848,0.213,0.2442,0.2752,0.2167,0.0044,0.0201,0.0854,0.1574,0.1953,0.0634,3105608,100.0,05/10/2026 12:52:38
41122,False,0.2167,0.2453,0.2776,0.3142,0.3507,0.2929,0.1765,0.2174,0.2861,0.3555,0.3901,0.2874,3144656,100.0,05/10/2026 12:52:42
41130,False,0.2094,0.2372,0.2697,0.3029,0.3452,0.2549,0.284,0.3115,0.3694,0.4208,0.4498,0.374,3105707,100.0,05/10/2026 12:52:44
41149,False,0.1976,0.2266,0.2568,0.2896,0.3292,0.2526,0.0021,0.0081,0.049,0.114,0.1506,0.0324,3144672,100.0,05/10/2026 12:53:03
41157,False,0.2178,0.2495,0.2843,0.3206,0.3618,0.2805,0.0042,0.0132,0.0669,0.1339,0.1662,0.0969,3169356,100.0,05/10/2026 12:52:40
41165,False,0.1311,0.1501,0.1724,0.1983,0.2269,0.1807,0.1114,0.1444,0.2028,0.2598,0.288,0.1989,3145059,100.0,05/10/2026 12:53:04
41173,False,0.1686,0.191,0.2177,0.249,0.2828,0.2166,0.0221,0.0585,0.1303,0.1999,0.2323,0.1162,3105905,100.0,05/10/2026 12:53:03
41181,False,0.1915,0.2178,0.2508,0.2843,0.3199,0.2582,0.044,0.0765,0.1387,0.1992,0.2281,0.1331,3145372,100.0,05/10/2026 12:52:39
41190,False,0.1603,0.183,0.2088,0.2387,0.268,0.2039,0.1176,0.1475,0.2122,0.2737,0.3068,0.2069,3106002,100.0,05/10/2026 12:52:37
41203,False,0.1936,0.2176,0.249,0.2828,0.3235,0.2423,0.3056,0.3406,0.403,0.4611,0.4902,0.411,3145455,100.0,05/10/2026 12:52:39
41211,False,0.1591,0.179,0.2058,0.2358,0.2691,0.2021,0.1401,0.1801,0.2545,0.3255,0.3642,0.2532,3106101,100.0,05/10/2026 12:52:49
41220,False,0.1629,0.1869,0.2142,0.2448,0.28,0.2069,0.3634,0.3918,0.4502,0.5061,0.5359,0.4623,3145851,100.0,05/10/2026 12:52:50
41238,False,0.18,0.2069,0.2357,0.2682,0.3042,0.2422,0.0029,0.0105,0.0516,0.1229,0.1698,0.0771,3106200,100.0,05/10/2026 12:53:02
41246,False,0.1889,0.2114,0.2417,0.2726,0.3096,0.2462,0.004,0.016,0.0653,0.1205,0.1513,0.0511,3145877,100.0,05/10/2026 12:52:42
41254,False,0.2081,0.2334,0.2648,0.3003,0.338,0.2644,0.0017,0.0058,0.0313,0.0744,0.1012,0.0425,3106309,100.0,05/10/2026 12:52:40
41262,False,0.2946,0.3283,0.3681,0.4099,0.4493,0.3649,0.2223,0.2598,0.3258,0.3876,0.4171,0.3274,3146255,100.0,05/10/2026 12:52:44
41270,False,0.1612,0.1831,0.21,0.2399,0.2753,0.2105,0.0063,0.0283,0.0973,0.1676,0.2037,0.0804,3106408,100.0,05/10/2026 12:52:50
41289,False,0.2039,0.2271,0.2588,0.2932,0.3313,0.2536,0.3547,0.381,0.4285,0.4745,0.4999,0.4355,3146552,100.0,05/10/2026 12:53:02
41297,False,0.2662,0.2981,0.3353,0.3736,0.4166,0.3383,0.4005,0.4269,0.4748,0.5187,0.5426,0.4859,3106507,100.0,05/10/2026 12:52:56
41300,False,0.2121,0.237,0.27,0.3038,0.3407,0.2561,0.4383,0.4667,0.5143,0.5621,0.584,0.5277,3147956,100.0,05/10/2026 12:52:35
41319,False,0.1888,0.2127,0.2427,0.2761,0.3067,0.2453,0.2739,0.3065,0.3608,0.414,0.4402,0.3651,3106606,100.0,05/10/2026 12:52:43
41327,False,0.1408,0.1612,0.1858,0.2137,0.2439,0.1872,0.0023,0.0087,0.0445,0.0993,0.1324,0.0571,3148756,100.0,05/10/2026 12:52:40
41335,False,0.1425,0.1637,0.1891,0.2171,0.2496,0.1852,0.0026,0.0108,0.0529,0.1291,0.1688,0.0834,3106705,100.0,05/10/2026 12:52:45
41343,False,0.1848,0.2099,0.2395,0.2708,0.3086,0.2397,0.0794,0.1061,0.157,0.2079,0.2339,0.1772,3150158,100.0,05/10/2026 12:53:02
41351,False,0.2444,0.2708,0.3066,0.3435,0.3825,0.2655,0.2355,0.2777,0.345,0.4078,0.4458,0.3482,3106804,100.0,05/10/2026 12:53:02
41360,False,0.2013,0.2267,0.2578,0.2918,0.3273,0.2522,0.1018,0.1357,0.1953,0.2604,0.2906,0.1933,3150539,100.0,05/10/2026 12:53:03
41378,False,0.1928,0.2129,0.2427,0.2747,0.3131,0.2408,0.0017,0.0072,0.0389,0.0948,0.1231,0.0079,3106903,100.0,05/10/2026 12:53:06
41386,False,0.2345,0.2659,0.3012,0.3378,0.3778,0.3142,0.2763,0.3119,0.3746,0.4355,0.4609,0.3824,3150570,100.0,05/10/2026 12:53:03
41394,False,0.1993,0.2247,0.2568,0.2888,0.3315,0.2521,0.003,0.013,0.0664,0.1355,0.173,0.0803,3107000,100.0,05/10/2026 12:52:40
41408,False,0.2628,0.2929,0.3292,0.3677,0.4086,0.3152,0.4182,0.4448,0.4912,0.5368,0.5608,0.4992,3152131,100.0,05/10/2026 12:52:38
41416,False,0.2016,0.2249,0.2555,0.2899,0.3266,0.2598,0.0374,0.0673,0.1266,0.1891,0.2205,0.1584,3107109,100.0,05/10/2026 12:52:59
41424,False,0.1815,0.2049,0.2356,0.2668,0.3062,0.24,0.0017,0.0073,0.0415,0.0989,0.1344,0.0496,3154150,100.0,05/10/2026 12:53:02
41432,False,0.1849,0.2087,0.2384,0.2708,0.306,0.2408,0.0023,0.0097,0.0477,0.1193,0.1678,0.0601,3107208,100.0,05/10/2026 12:52:35
41440,False,0.175,0.1984,0.2276,0.258,0.2917,0.2299,0.0311,0.0689,0.144,0.2152,0.2557,0.1353,3157278,100.0,05/10/2026 12:52:58
41459,False,0.1628,0.1851,0.2125,0.2423,0.2724,0.221,0.2656,0.2937,0.3438,0.3927,0.4185,0.349,3107307,100.0,05/10/2026 12:52:39
41467,False,0.1372,0.1573,0.1811,0.2082,0.2384,0.1893,0.0119,0.0401,0.1195,0.2049,0.2475,0.162,3157336,100.0,05/10/2026 12:53:02
41475,False,0.1835,0.2079,0.2365,0.2694,0.3065,0.2395,0.2375,0.2786,0.3484,0.419,0.4577,0.4128,3107406,100.0,05/10/2026 12:53:02
41483,False,0.2348,0.2652,0.2992,0.3367,0.3849,0.3054,0.4672,0.5004,0.5631,0.6122,0.6388,0.5824,3157377,100.0,05/10/2026 12:52:54
41491,False,0.1608,0.1802,0.2077,0.2366,0.2694,0.2169,0.0044,0.018,0.0839,0.1627,0.2036,0.0632,3107505,100.0,05/10/2026 12:52:42
41505,False,0.1939,0.2175,0.2487,0.2827,0.3226,0.2538,0.3062,0.3329,0.3817,0.4289,0.4509,0.3852,3157658,100.0,05/10/2026 12:52:40
41513,False,0.1589,0.1829,0.2099,0.2401,0.2725,0.2067,0.1253,0.1625,0.2521,0.3392,0.3854,0.3063,3107604,100.0,05/10/2026 12:52:59
41521,False,0.1965,0.2267,0.2568,0.2918,0.3306,0.26,0.2835,0.313,0.3694,0.4178,0.4431,0.3726,3160454,100.0,05/10/2026 12:52:39
41530,False,0.1854,0.2111,0.2418,0.276,0.3115,0.2468,0.0286,0.0763,0.1721,0.2666,0.3098,0.1596,3107703,100.0,05/10/2026 12:52:38
41548,False,0.1486,0.1671,0.1917,0.2188,0.2517,0.2017,0.0077,0.025,0.0843,0.1448,0.1764,0.1051,3160959,100.0,05/10/2026 12:52:45
41556,False,0.1721,0.1961,0.2243,0.2549,0.2932,0.222,0.0015,0.0055,0.0315,0.0723,0.0949,0.0141,3107802,100.0,05/10/2026 12:52:41
41564,False,0.2146,0.2451,0.2783,0.3137,0.35,0.2798,0.0031,0.0118,0.0596,0.125,0.1596,0.0743,3161056,100.0,05/10/2026 12:52:56
41572,False,0.1376,0.1563,0.18,0.2071,0.2394,0.1958,0.0389,0.0692,0.1355,0.1973,0.233,0.1681,3107901,100.0,05/10/2026 12:53:02
41580,False,0.2057,0.2302,0.2623,0.2982,0.3316,0.2526,0.0024,0.0089,0.0491,0.1134,0.1544,0.0601,3161650,100.0,05/10/2026 12:52:40
41599,False,0.2141,0.2431,0.2762,0.3109,0.3483,0.2742,0.0024,0.0084,0.045,0.1026,0.1378,0.0143,3108008,100.0,05/10/2026 12:52:45
41602,False,0.1934,0.2179,0.2493,0.2817,0.3198,0.2554,0.357,0.375,0.4085,0.4392,0.4541,0.4116,3162450,100.0,05/10/2026 12:53:03
41610,False,0.1875,0.2116,0.2409,0.2721,0.3117,0.2414,0.0029,0.0122,0.0644,0.1526,0.2031,0.0103,3108107,100.0,05/10/2026 12:52:43
41629,False,0.19,0.2143,0.2456,0.2806,0.3171,0.2439,0.0018,0.008,0.044,0.1058,0.1502,0.0001,3162922,100.0,05/10/2026 12:53:04
41637,False,0.2208,0.2484,0.2815,0.3167,0.3521,0.2809,0.0046,0.0201,0.0913,0.1744,0.2119,0.0712,3108206,100.0,05/10/2026 12:53:04
41645,False,0.1756,0.2036,0.2319,0.2648,0.2971,0.229,0.0157,0.0485,0.1195,0.1932,0.2319,0.1552,3162948,100.0,05/10/2026 12:52:38
41653,False,0.1553,0.1763,0.2029,0.2315,0.2621,0.2142,0.1214,0.1573,0.234,0.3088,0.3472,0.2861,3108305,100.0,05/10/2026 12:53:07
41661,False,0.1314,0.1495,0.1724,0.1986,0.2278,0.1731,0.3086,0.3403,0.3952,0.4469,0.4765,0.4265,3102050,100.0,05/10/2026 12:52:55
41670,False,0.1903,0.215,0.2435,0.2769,0.3164,0.2539,0.0026,0.0098,0.0507,0.1151,0.148,0.0279,3108404,100.0,05/10/2026 12:52:43
41688,False,0.2262,0.2535,0.2887,0.3251,0.3643,0.2848,0.002,0.0077,0.041,0.0971,0.1358,0.0533,3102852,100.0,05/10/2026 12:53:05
41696,False,0.2388,0.2691,0.3039,0.3412,0.3838,0.2931,0.3999,0.4257,0.4773,0.5215,0.5462,0.4859,3108503,100.0,05/10/2026 12:52:39
41700,False,0.216,0.2445,0.2781,0.3118,0.353,0.2755,0.1113,0.1581,0.2348,0.3081,0.3543,0.2296,3104452,100.0,05/10/2026 12:52:58
41718,False,0.2185,0.2439,0.2782,0.3147,0.3552,0.2814,0.2881,0.3148,0.36,0.402,0.4233,0.3646,3108602,100.0,05/10/2026 12:52:45
41726,False,0.18,0.2016,0.2297,0.2619,0.2968,0.2267,0.2043,0.2405,0.3171,0.3847,0.4217,0.3185,3106655,100.0,05/10/2026 12:53:01
41734,False,0.2326,0.2608,0.2954,0.3313,0.3756,0.3045,0.0435,0.0812,0.1501,0.2208,0.2598,0.141,3108701,100.0,05/10/2026 12:52:57
41742,False,0.2496,0.28,0.3152,0.3543,0.3969,0.3041,0.494,0.523,0.574,0.6201,0.6412,0.5939,3108255,100.0,05/10/2026 12:53:01
41750,False,0.2565,0.2853,0.3214,0.3594,0.4045,0.3213,0.0299,0.0631,0.1307,0.1929,0.2273,0.1212,3108800,100.0,05/10/2026 12:52:51
41769,False,0.214,0.2372,0.2696,0.3034,0.3482,0.2561,0.0117,0.0369,0.1057,0.1702,0.205,0.126,3109253,100.0,05/10/2026 12:52:51
41777,False,0.1936,0.2185,0.2482,0.2803,0.3156,0.2588,0.0135,0.0448,0.1271,0.2054,0.2453,0.1704,3108909,100.0,05/10/2026 12:52:43
41785,False,0.2109,0.2347,0.2666,0.3012,0.334,0.2582,0.0101,0.0364,0.1086,0.1876,0.2232,0.1415,3109451,100.0,05/10/2026 12:52:39
41793,False,0.1668,0.1899,0.2168,0.2476,0.2821,0.2191,0.0038,0.0142,0.0642,0.1439,0.1861,0.1008,3109006,100.0,05/10/2026 12:53:06
41807,False,0.2663,0.2997,0.3362,0.3758,0.4144,0.3198,0.3693,0.4006,0.4549,0.5051,0.5274,0.4654,3111150,100.0,05/10/2026 12:52:55
41815,False,0.181,0.2044,0.2332,0.2645,0.3002,0.2495,0.2359,0.2814,0.3545,0.4262,0.4651,0.4168,3109105,100.0,05/10/2026 12:53:02
41823,False,0.2448,0.2714,0.3075,0.3439,0.3852,0.3076,0.1847,0.2253,0.2988,0.363,0.3967,0.2967,3112059,100.0,05/10/2026 12:53:03
41831,False,0.299,0.332,0.3718,0.4116,0.4528,0.3692,0.0637,0.1016,0.1723,0.2417,0.2791,0.1637,3109204,100.0,05/10/2026 12:52:39
41840,False,0.1802,0.2054,0.2343,0.2658,0.3007,0.2288,0.0073,0.0231,0.1118,0.2338,0.293,0.0782,3115359,100.0,05/10/2026 12:53:04
41858,False,0.208,0.2332,0.2644,0.2989,0.3405,0.2643,0.0977,0.1247,0.1718,0.2239,0.2501,0.2023,3109303,100.0,05/10/2026 12:52:42
41866,False,0.1734,0.1964,0.2248,0.2552,0.2878,0.2304,0.3244,0.358,0.4164,0.4686,0.4938,0.4226,3115474,100.0,05/10/2026 12:53:02
41874,False,0.2098,0.2397,0.2718,0.3072,0.3435,0.2674,0.0058,0.0172,0.065,0.1188,0.147,0.0504,3109402,100.0,05/10/2026 12:52:53
41882,False,0.2062,0.2313,0.2638,0.2978,0.337,0.2641,0.0819,0.1155,0.1693,0.2246,0.2513,0.164,3116159,100.0,05/10/2026 12:53:00
41890,False,0.1784,0.2016,0.231,0.2623,0.2983,0.2279,0.0019,0.0067,0.0343,0.0831,0.1147,0.0262,3109501,100.0,05/10/2026 12:52:57
41904,False,0.1946,0.2212,0.2521,0.2866,0.3223,0.2575,0.5182,0.55,0.6029,0.65,0.6751,0.6267,3117836,100.0,05/10/2026 12:52:38
41912,False,0.1397,0.1579,0.1824,0.2098,0.2397,0.1856,0.0026,0.01,0.054,0.1297,0.1781,0.0467,3109600,100.0,05/10/2026 12:52:39
41920,False,0.1416,0.1628,0.1865,0.2147,0.2464,0.1836,0.0389,0.0793,0.1562,0.2348,0.2745,0.1998,3117876,100.0,05/10/2026 12:52:39
41939,False,0.1541,0.178,0.203,0.2327,0.2693,0.2095,0.1046,0.1468,0.2351,0.3169,0.363,0.2916,3109709,100.0,05/10/2026 12:53:04
41947,False,0.1323,0.1492,0.1728,0.1985,0.229,0.1782,0.0803,0.144,0.2564,0.3676,0.4228,0.343,3119955,100.0,05/10/2026 12:52:38
41955,False,0.237,0.2636,0.2984,0.336,0.3771,0.2864,0.0072,0.0331,0.1225,0.2167,0.2641,0.105,3109808,100.0,05/10/2026 12:53:05
41963,False,0.245,0.2731,0.3076,0.3434,0.3855,0.311,0.2093,0.2403,0.3031,0.3611,0.3875,0.3042,3120151,100.0,05/10/2026 12:52:37
41971,False,0.1406,0.163,0.1877,0.2138,0.2477,0.1859,0.0337,0.0703,0.1455,0.2261,0.2693,0.1895,3109907,100.0,05/10/2026 12:52:38
41980,False,0.1911,0.2147,0.2462,0.2797,0.3165,0.2243,0.1595,0.1918,0.2528,0.3132,0.3461,0.2796,3120839,100.0,05/10/2026 12:52:55
41998,False,0.1934,0.2206,0.2513,0.2848,0.3205,0.2459,0.0043,0.0172,0.0821,0.1875,0.2373,0.046,3110004,100.0,05/10/2026 12:53:05
42005,False,0.2049,0.2302,0.2629,0.2981,0.3352,0.2695,0.1269,0.1511,0.2069,0.2606,0.2885,0.2041,3120870,100.0,05/10/2026 12:52:40
42013,False,0.1627,0.1857,0.2126,0.2435,0.2815,0.2095,0.0031,0.0129,0.0634,0.1318,0.171,0.0477,3110103,100.0,05/10/2026 12:52:36
42021,False,0.1774,0.201,0.2295,0.2616,0.2979,0.2312,0.0045,0.0194,0.0767,0.1389,0.1737,0.062,3121258,100.0,05/10/2026 12:52:44
42030,False,0.1504,0.1724,0.1982,0.2268,0.2563,0.1944,0.2558,0.2867,0.3498,0.4085,0.4383,0.354,3110202,100.0,05/10/2026 12:52:38
42048,False,0.1841,0.2078,0.2397,0.2704,0.3114,0.2341,0.1034,0.1422,0.2109,0.2804,0.3149,0.2432,3122470,100.0,05/10/2026 12:53:05
42056,False,0.1733,0.1944,0.2224,0.2551,0.289,0.2314,0.1093,0.1469,0.2205,0.2906,0.3226,0.266,3110301,100.0,05/10/2026 12:53:03
42064,False,0.218,0.2441,0.2783,0.3137,0.3534,0.2663,0.1347,0.1857,0.2732,0.3475,0.3871,0.2694,3126950,100.0,05/10/2026 12:52:43
42072,False,0.1432,0.1623,0.1864,0.2139,0.2503,0.1809,0.0029,0.0104,0.0506,0.119,0.1553,0.0373,3110400,100.0,05/10/2026 12:52:50
42080,False,0.2964,0.3308,0.3699,0.4085,0.4521,0.3689,0.4209,0.4556,0.5192,0.5779,0.605,0.5387,3127073,100.0,05/10/2026 12:53:05
42099,False,0.2038,0.2309,0.2638,0.2978,0.3366,0.274,0.1258,0.1609,0.2205,0.2759,0.31,0.2553,3110509,100.0,05/10/2026 12:52:36
42102,False,0.1627,0.1843,0.2107,0.2424,0.2749,0.2068,0.249,0.2766,0.3298,0.3851,0.412,0.3324,3127339,100.0,05/10/2026 12:53:00
42110,False,0.1871,0.2128,0.244,0.2766,0.3086,0.2554,0.0554,0.1008,0.181,0.2628,0.3096,0.2355,3110608,100.0,05/10/2026 12:52:50
42129,False,0.1692,0.1929,0.2206,0.2517,0.2858,0.2019,0.265,0.2939,0.3498,0.4052,0.4365,0.3526,3127354,100.0,05/10/2026 12:52:37
42137,False,0.2137,0.2357,0.2688,0.3045,0.3443,0.273,0.0021,0.0077,0.0437,0.1093,0.1499,0.0666,3110707,100.0,05/10/2026 12:53:04
42145,False,0.1997,0.2298,0.2613,0.2942,0.3374,0.2479,0.1206,0.1589,0.2213,0.2826,0.3166,0.2393,3127370,100.0,05/10/2026 12:52:38
42153,False,0.2478,0.2762,0.3132,0.3508,0.3905,0.3002,0.1753,0.2106,0.2697,0.3292,0.3651,0.2724,3110806,100.0,05/10/2026 12:52:51
42161,False,0.1891,0.2121,0.2423,0.2747,0.3093,0.2397,0.0028,0.0102,0.0519,0.1234,0.1695,0.0189,3127388,100.0,05/10/2026 12:52:37
42170,False,0.199,0.2246,0.2564,0.2908,0.33,0.2618,0.2081,0.2411,0.304,0.3629,0.3934,0.3489,3110905,100.0,05/10/2026 12:53:06
42188,False,0.1657,0.1859,0.2138,0.2445,0.2778,0.2224,0.5486,0.5682,0.6098,0.6473,0.6661,0.6253,3128253,100.0,05/10/2026 12:53:01
42196,False,0.1584,0.1802,0.2074,0.2361,0.2726,0.2169,0.13,0.1684,0.2436,0.3185,0.3575,0.2983,3111002,100.0,05/10/2026 12:52:37
42200,False,0.2458,0.2761,0.3144,0.3514,0.3897,0.3061,0.4837,0.5056,0.5441,0.58,0.5968,0.551,3129657,100.0,05/10/2026 12:52:43
42218,False,0.1796,0.205,0.2339,0.2656,0.3027,0.2471,0.0375,0.069,0.1262,0.1837,0.2134,0.1532,3111101,100.0,05/10/2026 12:52:57
42226,False,0.175,0.1948,0.2215,0.2535,0.2836,0.2221,0.0203,0.0445,0.1022,0.1602,0.1934,0.0944,3130556,100.0,05/10/2026 12:52:37
42234,False,0.1985,0.2249,0.2549,0.2898,0.327,0.2638,0.0915,0.1294,0.1935,0.2556,0.2867,0.2328,3111200,100.0,05/10/2026 12:52:44
42242,False,0.2229,0.2502,0.2838,0.3206,0.3556,0.2966,0.0167,0.0427,0.0949,0.1444,0.1689,0.0878,3130655,100.0,05/10/2026 12:52:38
42250,False,0.1913,0.2174,0.2471,0.2811,0.3173,0.2454,0.0186,0.0455,0.0986,0.1546,0.1841,0.0878,3111309,100.0,05/10/2026 12:52:37
42269,False,0.2053,0.2346,0.2685,0.3018,0.3382,0.2654,0.4024,0.4267,0.4652,0.5059,0.5275,0.4757,3135357,100.0,05/10/2026 12:52:56
42277,False,0.174,0.1946,0.2234,0.2541,0.2903,0.2202,0.006,0.0209,0.0772,0.1341,0.1684,0.0958,3111408,100.0,05/10/2026 12:52:37
42285,False,0.302,0.3328,0.3724,0.4144,0.4608,0.3788,0.2728,0.3061,0.3688,0.4296,0.4603,0.3763,3135456,100.0,05/10/2026 12:53:02
42293,False,0.2446,0.2756,0.3115,0.3475,0.3936,0.3115,0.1201,0.1589,0.2271,0.2944,0.3343,0.2698,3111507,100.0,05/10/2026 12:53:04
42307,False,0.2434,0.2727,0.3069,0.346,0.3806,0.2947,0.2218,0.2635,0.3402,0.4119,0.4463,0.3427,3136520,100.0,05/10/2026 12:52:39
42315,False,0.1941,0.2199,0.25,0.2828,0.3214,0.2568,0.0247,0.0535,0.1186,0.1826,0.2135,0.1507,3111606,100.0,05/10/2026 12:52:54
42323,False,0.2667,0.2966,0.3335,0.3723,0.4153,0.3393,0.1114,0.1441,0.2094,0.2722,0.306,0.2069,3136553,100.0,05/10/2026 12:52:50
42331,False,0.1225,0.1408,0.1632,0.1881,0.2149,0.1666,0.2821,0.3188,0.3844,0.4479,0.4776,0.3929,3111705,100.0,05/10/2026 12:52:58
42340,False,0.1498,0.1725,0.1985,0.226,0.2613,0.2018,0.0026,0.0116,0.0646,0.1509,0.1942,0.0405,3164431,100.0,05/10/2026 12:52:41
42358,False,0.2017,0.2257,0.258,0.292,0.3313,0.2686,0.0293,0.0615,0.1218,0.1811,0.21,0.1143,3111804,100.0,05/10/2026 12:52:38
42366,False,0.1989,0.2236,0.2539,0.2879,0.3247,0.2501,0.0382,0.071,0.1263,0.183,0.2151,0.1451,3164472,100.0,05/10/2026 12:53:03
42374,False,0.1601,0.1793,0.207,0.2357,0.2678,0.205,0.0021,0.0077,0.0399,0.0958,0.1369,0.038,3111903,100.0,05/10/2026 12:52:38
42382,False,0.1687,0.1913,0.2189,0.2504,0.284,0.2257,0.2484,0.2803,0.3361,0.3901,0.4192,0.339,3166956,100.0,05/10/2026 12:53:02
42390,False,0.1592,0.1819,0.2087,0.239,0.272,0.215,0.0058,0.0212,0.0793,0.152,0.1915,0.1114,3112000,100.0,05/10/2026 12:52:38
42404,False,0.2611,0.2939,0.3299,0.371,0.4117,0.3393,0.3554,0.3855,0.4281,0.4674,0.4897,0.4339,3165552,100.0,05/10/2026 12:53:01
42412,False,0.1857,0.2063,0.2367,0.2697,0.3063,0.2283,0.1176,0.1484,0.2161,0.2832,0.3171,0.2482,3112109,100.0,05/10/2026 12:53:04
42420,False,0.2021,0.229,0.2616,0.2969,0.3341,0.2664,0.0222,0.0538,0.1131,0.1741,0.2068,0.108,3168051,100.0,05/10/2026 12:53:03
42439,False,0.1611,0.182,0.2093,0.239,0.2696,0.2054,0.0911,0.1414,0.2236,0.3029,0.3381,0.2193,3112208,100.0,05/10/2026 12:52:34
42447,False,0.1876,0.2131,0.2439,0.2762,0.312,0.2363,0.0026,0.0094,0.0542,0.1204,0.1552,0.0427,3170438,100.0,05/10/2026 12:53:04
42455,False,0.194,0.2204,0.2513,0.2851,0.3219,0.2609,0.0013,0.0058,0.0343,0.0846,0.1163,0.0411,3112307,100.0,05/10/2026 12:52:51
42463,False,0.214,0.2374,0.2693,0.3052,0.3445,0.2684,0.0033,0.014,0.0729,0.1467,0.1844,0.0981,3170479,100.0,05/10/2026 12:52:40
42471,False,0.2101,0.2334,0.2651,0.2986,0.3393,0.271,0.0042,0.0154,0.0769,0.1523,0.1946,0.1083,3112406,100.0,05/10/2026 12:52:39
42480,False,0.1764,0.1983,0.2276,0.258,0.2972,0.2284,0.0021,0.0073,0.042,0.1028,0.1395,0.0352,3170651,100.0,05/10/2026 12:52:41
42498,False,0.1554,0.1766,0.2028,0.2313,0.2653,0.1992,0.0126,0.0416,0.1226,0.2112,0.2562,0.1672,3112505,100.0,05/10/2026 12:53:04
42501,False,0.1797,0.2056,0.2358,0.2681,0.3022,0.2315,0.0097,0.0332,0.1025,0.1729,0.2083,0.1328,3170750,100.0,05/10/2026 12:52:58
42510,False,0.1819,0.2028,0.2319,0.2645,0.2989,0.2375,0.0021,0.0071,0.0335,0.0836,0.1131,0.0288,3112604,100.0,05/10/2026 12:52:44
42528,False,0.2159,0.2432,0.2759,0.3127,0.3437,0.2743,0.3242,0.3491,0.393,0.4335,0.4577,0.3979,3171030,100.0,05/10/2026 12:53:06
42536,False,0.1991,0.225,0.2576,0.2899,0.3308,0.2574,0.2735,0.3047,0.3545,0.4009,0.426,0.3595,3112703,100.0,05/10/2026 12:53:03
42544,False,0.1919,0.2177,0.2494,0.2826,0.3249,0.2541,0.163,0.2094,0.2864,0.3579,0.3982,0.2856,3171071,100.0,05/10/2026 12:52:51
42552,False,0.1907,0.2181,0.2496,0.2827,0.3231,0.2563,0.1747,0.2071,0.2778,0.3455,0.3841,0.3297,3112802,100.0,05/10/2026 12:52:54
42560,False,0.1857,0.2103,0.24,0.2732,0.3141,0.2422,0.0079,0.0308,0.097,0.1629,0.2002,0.0825,3171154,100.0,05/10/2026 12:52:44
42579,False,0.1249,0.1413,0.163,0.1875,0.2186,0.1696,0.049,0.0773,0.1285,0.1805,0.2096,0.122,3112901,100.0,05/10/2026 12:53:03
42587,False,0.1143,0.1304,0.1512,0.1748,0.2036,0.1675,0.0029,0.0107,0.0524,0.1292,0.1742,0.0282,3169059,100.0,05/10/2026 12:53:04
42595,False,0.2529,0.2839,0.3209,0.3614,0.4043,0.3219,0.3752,0.4035,0.4475,0.488,0.5126,0.4567,3113008,100.0,05/10/2026 12:53:02
42617,False,0.1665,0.1876,0.2174,0.2465,0.2832,0.2085,0.0138,0.0388,0.1211,0.2064,0.2561,0.1052,3113107,100.0,05/10/2026 12:52:50
42633,False,0.1389,0.1581,0.1823,0.2083,0.2399,0.1832,0.0015,0.0064,0.0339,0.0839,0.1165,0.0215,3113206,100.0,05/10/2026 12:52:40
42650,False,0.167,0.188,0.2161,0.2465,0.2808,0.2172,0.0023,0.0087,0.042,0.0969,0.1313,0.0125,3113305,100.0,05/10/2026 12:53:03
42676,False,0.1695,0.194,0.2214,0.2508,0.2873,0.224,0.0113,0.0328,0.0868,0.1401,0.1681,0.1116,3113404,100.0,05/10/2026 12:52:38
42692,False,0.2128,0.2419,0.2735,0.3093,0.3468,0.2769,0.0121,0.0407,0.1168,0.1982,0.2381,0.1019,3113503,100.0,05/10/2026 12:53:02
42714,False,0.1684,0.1918,0.2209,0.252,0.2863,0.2234,0.0745,0.1123,0.1733,0.2392,0.2715,0.2037,3113602,100.0,05/10/2026 12:53:04
42730,False,0.2595,0.2884,0.3236,0.3619,0.4032,0.3207,0.0996,0.1264,0.1757,0.2224,0.2506,0.1687,3113701,100.0,05/10/2026 12:52:55
42757,False,0.2242,0.2533,0.2886,0.3253,0.363,0.2905,0.0568,0.1113,0.2081,0.2927,0.3463,0.201,3113800,100.0,05/10/2026 12:53:06
42773,False,0.2098,0.2354,0.2691,0.3036,0.3468,0.2668,0.0169,0.0473,0.1095,0.1717,0.207,0.0968,3113909,100.0,05/10/2026 12:52:59
42790,False,0.1658,0.1873,0.2154,0.2451,0.2775,0.2102,0.0132,0.0462,0.1237,0.1983,0.2377,0.1073,3114006,100.0,05/10/2026 12:52:39
42811,False,0.1681,0.1906,0.2174,0.2477,0.282,0.2221,0.0234,0.0556,0.1198,0.1818,0.2158,0.1473,3114105,100.0,05/10/2026 12:53:04
42838,False,0.15,0.1712,0.196,0.2247,0.2601,0.1961,0.0229,0.0713,0.1557,0.2395,0.2827,0.2059,3114204,100.0,05/10/2026 12:52:58
42854,False,0.175,0.1973,0.2249,0.2574,0.2911,0.2408,0.2813,0.3105,0.3617,0.4114,0.4381,0.404,3114303,100.0,05/10/2026 12:52:43
42870,False,0.1776,0.201,0.229,0.2603,0.2965,0.2314,0.0901,0.1317,0.2045,0.2813,0.3185,0.254,3114402,100.0,05/10/2026 12:52:50
42897,False,0.1126,0.1282,0.1488,0.1706,0.1953,0.1566,0.0074,0.028,0.1033,0.1765,0.2239,0.1387,3114501,100.0,05/10/2026 12:52:58
42919,False,0.1794,0.2036,0.232,0.2643,0.3017,0.2339,0.0028,0.0097,0.0489,0.1193,0.162,0.0557,3114600,100.0,05/10/2026 12:52:54
42935,False,0.1596,0.1798,0.2059,0.2355,0.2702,0.2206,0.0468,0.0878,0.1684,0.2424,0.2824,0.201,3114709,100.0,05/10/2026 12:52:57
42951,False,0.144,0.1629,0.1885,0.2162,0.2456,0.1879,0.0019,0.008,0.0413,0.1003,0.1393,0.0383,3114808,100.0,05/10/2026 12:52:52
42978,False,0.143,0.1669,0.192,0.219,0.2503,0.1919,0.0163,0.0564,0.1612,0.268,0.3234,0.2153,3114907,100.0,05/10/2026 12:52:52
42994,False,0.1952,0.2176,0.2487,0.2814,0.3161,0.2323,0.0735,0.1091,0.1829,0.2561,0.2939,0.215,3115003,100.0,05/10/2026 12:52:45
43010,False,0.2307,0.259,0.2918,0.3295,0.3664,0.3038,0.0035,0.0151,0.0723,0.1457,0.1869,0.1054,3115102,100.0,05/10/2026 12:53:05
43036,False,0.155,0.1766,0.2019,0.2302,0.2654,0.1915,0.003,0.0103,0.0568,0.136,0.1798,0.018,3115201,100.0,05/10/2026 12:52:54
43052,False,0.1925,0.2179,0.2485,0.281,0.3232,0.2482,0.0982,0.1299,0.1877,0.2449,0.2721,0.1802,3115300,100.0,05/10/2026 12:52:37
43079,False,0.2299,0.2573,0.291,0.3266,0.3683,0.2375,0.0989,0.1439,0.2215,0.2975,0.3348,0.2173,3115409,100.0,05/10/2026 12:53:07
43095,False,0.2256,0.2542,0.2887,0.3249,0.3673,0.2944,0.0017,0.0072,0.0404,0.1012,0.1358,0.0046,3115508,100.0,05/10/2026 12:52:51
43117,False,0.2374,0.2651,0.2991,0.336,0.3712,0.2843,0.0075,0.0278,0.1172,0.2199,0.2704,0.1475,3115607,100.0,05/10/2026 12:53:05
43133,False,0.1645,0.1888,0.2152,0.2471,0.2825,0.2186,0.0037,0.0168,0.0631,0.119,0.1484,0.0768,3115706,100.0,05/10/2026 12:53:03
43150,False,0.1747,0.1971,0.2255,0.2561,0.2921,0.231,0.0696,0.1056,0.1707,0.2357,0.2702,0.1652,3115805,100.0,05/10/2026 12:52:52
43176,False,0.1784,0.2004,0.2291,0.261,0.2957,0.2159,0.003,0.0108,0.0523,0.1274,0.1676,0.0126,3115904,100.0,05/10/2026 12:53:05
43192,False,0.1292,0.1481,0.1717,0.1963,0.2253,0.1797,0.0018,0.0062,0.0326,0.0773,0.1025,0.0261,3116001,100.0,05/10/2026 12:52:50
43214,False,0.3075,0.3378,0.3784,0.4187,0.4593,0.3805,0.5462,0.5706,0.6085,0.6458,0.6648,0.6256,3116100,100.0,05/10/2026 12:53:01
43230,False,0.1766,0.2005,0.2284,0.2608,0.2974,0.2135,0.0028,0.0113,0.0552,0.1315,0.1741,0.0756,3116209,100.0,05/10/2026 12:52:52
43257,False,0.2627,0.2935,0.3288,0.3699,0.413,0.3313,0.077,0.1149,0.1919,0.2695,0.3032,0.1851,3116308,100.0,05/10/2026 12:53:05
43273,False,0.1549,0.1764,0.2033,0.2341,0.2672,0.2163,0.3059,0.338,0.4011,0.4621,0.4888,0.4488,3116407,100.0,05/10/2026 12:52:39
43290,False,0.1845,0.2087,0.2388,0.2702,0.3042,0.2325,0.0345,0.071,0.1393,0.2029,0.2382,0.1291,3116506,100.0,05/10/2026 12:53:04
43311,False,0.1493,0.1698,0.1951,0.225,0.2559,0.2009,0.2402,0.2808,0.3492,0.417,0.4551,0.4155,3116605,100.0,05/10/2026 12:52:37
43338,False,0.1337,0.1533,0.1774,0.2038,0.2313,0.1876,0.0943,0.141,0.2214,0.2974,0.3394,0.2151,3116704,100.0,05/10/2026 12:52:50
43354,False,0.2418,0.27,0.3067,0.3472,0.384,0.3103,0.0828,0.1223,0.1907,0.2576,0.2929,0.1851,3116803,100.0,05/10/2026 12:52:37
43370,False,0.1626,0.1864,0.2133,0.2437,0.2798,0.2235,0.0397,0.0822,0.155,0.2277,0.2649,0.1783,3116902,100.0,05/10/2026 12:53:05
43397,False,0.2409,0.2687,0.3025,0.3397,0.3774,0.307,0.4797,0.503,0.5425,0.579,0.5961,0.5529,3117009,100.0,05/10/2026 12:52:40
43419,False,0.1792,0.2028,0.2321,0.2639,0.2986,0.2308,0.0076,0.0288,0.0989,0.176,0.2221,0.1375,3117108,100.0,05/10/2026 12:52:37
43435,False,0.1628,0.182,0.2086,0.2389,0.2695,0.2177,0.0117,0.0433,0.1267,0.2253,0.2725,0.1706,3117207,100.0,05/10/2026 12:53:05
43451,False,0.1748,0.1997,0.2269,0.26,0.2919,0.2402,0.0014,0.0049,0.0242,0.0586,0.0797,0.0137,3117306,100.0,05/10/2026 12:53:03
43478,False,0.1779,0.2003,0.2294,0.26,0.2906,0.2369,0.0021,0.0093,0.0509,0.1069,0.1375,0.0389,3117405,100.0,05/10/2026 12:53:00
43494,False,0.2321,0.2619,0.297,0.3329,0.3707,0.2998,0.1411,0.1833,0.2563,0.3231,0.3621,0.2533,3117504,100.0,05/10/2026 12:52:44
43516,False,0.1711,0.1924,0.2195,0.2517,0.2877,0.2228,0.2136,0.2517,0.3261,0.4036,0.4383,0.3855,3117603,100.0,05/10/2026 12:52:40
43532,False,0.1988,0.2231,0.2548,0.2869,0.3253,0.2553,0.0298,0.0622,0.1213,0.1814,0.212,0.1114,3117702,100.0,05/10/2026 12:52:50
43559,False,0.1197,0.136,0.1585,0.1822,0.209,0.1668,0.1475,0.1887,0.2583,0.3287,0.3597,0.3064,3117801,100.0,05/10/2026 12:52:59
43575,False,0.137,0.1547,0.1778,0.2055,0.2356,0.1936,0.2049,0.2346,0.3008,0.3628,0.3977,0.3442,3117900,100.0,05/10/2026 12:52:43
43591,False,0.1676,0.19,0.218,0.2474,0.2829,0.2158,0.002,0.0088,0.0477,0.1192,0.1604,0.0144,3118007,100.0,05/10/2026 12:52:55
43613,False,0.2418,0.269,0.3031,0.342,0.3841,0.3068,0.2695,0.3098,0.3805,0.4466,0.4828,0.387,3118106,100.0,05/10/2026 12:52:54
43630,False,0.1452,0.1667,0.1928,0.219,0.2527,0.1971,0.0017,0.0074,0.0375,0.0903,0.1269,0.0375,3118205,100.0,05/10/2026 12:53:04
43656,False,0.1299,0.1474,0.1696,0.1959,0.2265,0.1703,0.0052,0.0168,0.0789,0.1629,0.2088,0.0494,3118304,100.0,05/10/2026 12:52:51
43672,False,0.1891,0.2152,0.2444,0.2768,0.3129,0.2412,0.0812,0.11,0.161,0.2116,0.2398,0.1878,3118403,100.0,05/10/2026 12:53:01
43699,False,0.2004,0.2261,0.2577,0.2919,0.3288,0.2574,0.0439,0.09,0.1885,0.2751,0.3241,0.2264,3118502,100.0,05/10/2026 12:52:57
43710,False,0.1505,0.1705,0.1961,0.2245,0.2562,0.1952,0.0051,0.0192,0.0803,0.1632,0.2044,0.1227,3118601,100.0,05/10/2026 12:52:42
43737,False,0.1865,0.2101,0.2394,0.2729,0.3085,0.2414,0.0053,0.0197,0.0822,0.1589,0.2008,0.1185,3118700,100.0,05/10/2026 12:52:59
43753,False,0.2262,0.2565,0.2907,0.3263,0.3639,0.2836,0.3579,0.3861,0.4315,0.4724,0.4948,0.4408,3118809,100.0,05/10/2026 12:53:01
43770,False,0.1709,0.1923,0.2207,0.2512,0.2885,0.2133,0.0032,0.0132,0.0634,0.1287,0.1609,0.0435,3118908,100.0,05/10/2026 12:52:40
43796,False,0.1889,0.2125,0.243,0.2768,0.3174,0.2351,0.0026,0.0131,0.0621,0.1386,0.1815,0.0542,3119005,100.0,05/10/2026 12:52:40
43818,False,0.2425,0.2735,0.3078,0.3459,0.3867,0.3068,0.0329,0.0657,0.1281,0.1955,0.2226,0.1176,3119104,100.0,05/10/2026 12:52:54
43834,False,0.1929,0.2183,0.2486,0.2821,0.3177,0.2375,0.047,0.0775,0.1328,0.1857,0.2133,0.1237,3119203,100.0,05/10/2026 12:52:39
43850,False,0.1808,0.2023,0.2299,0.2625,0.2958,0.233,0.1741,0.2043,0.2682,0.3285,0.3619,0.3136,3119302,100.0,05/10/2026 12:52:51
43877,False,0.1969,0.227,0.2585,0.2906,0.3286,0.2573,0.0816,0.1132,0.1675,0.2263,0.2603,0.2037,3119401,100.0,05/10/2026 12:52:40
43893,False,0.2013,0.2244,0.2578,0.2919,0.3297,0.2594,0.309,0.3364,0.3806,0.4238,0.4471,0.3855,3119500,100.0,05/10/2026 12:53:03
43915,False,0.1455,0.167,0.1924,0.2201,0.2503,0.1936,0.0075,0.0298,0.1034,0.1841,0.2248,0.0899,3119609,100.0,05/10/2026 12:53:02
43931,False,0.1427,0.1626,0.1872,0.2139,0.2451,0.1956,0.016,0.0629,0.1555,0.2418,0.2863,0.1406,3119708,100.0,05/10/2026 12:53:04
43958,False,0.2434,0.2743,0.3112,0.3487,0.3874,0.2972,0.0039,0.0163,0.0754,0.1488,0.1872,0.099,3119807,100.0,05/10/2026 12:53:05
43974,False,0.1714,0.1929,0.2221,0.2526,0.2883,0.233,0.0427,0.0919,0.167,0.2467,0.2927,0.2068,3119906,100.0,05/10/2026 12:52:51
43990,False,0.2273,0.2573,0.2899,0.3259,0.3716,0.2644,0.116,0.1458,0.2065,0.2629,0.2895,0.2023,3120003,100.0,05/10/2026 12:52:35
44016,False,0.2361,0.2645,0.2985,0.3366,0.3787,0.2974,0.3852,0.4253,0.492,0.55,0.5807,0.507,3120102,100.0,05/10/2026 12:52:44
44032,False,0.1691,0.1933,0.2206,0.2519,0.2883,0.2286,0.0151,0.0493,0.1169,0.1876,0.2276,0.151,3120201,100.0,05/10/2026 12:52:50
44059,False,0.2423,0.2692,0.305,0.3411,0.379,0.2915,0.333,0.3579,0.4095,0.4563,0.4814,0.4154,3120300,100.0,05/10/2026 12:53:02
44075,False,0.1357,0.154,0.1778,0.2059,0.2375,0.1785,0.0023,0.0121,0.0618,0.1435,0.1895,0.0859,3120409,100.0,05/10/2026 12:52:52
44091,False,0.192,0.2169,0.2471,0.2807,0.315,0.2544,0.0491,0.0872,0.1665,0.2481,0.2894,0.2124,3120508,100.0,05/10/2026 12:53:04
44113,False,0.1959,0.2195,0.2505,0.2834,0.3249,0.2439,0.0074,0.0272,0.1089,0.1999,0.2496,0.1526,3120607,100.0,05/10/2026 12:52:51
44130,False,0.1614,0.1839,0.2112,0.241,0.2722,0.2136,0.152,0.1927,0.2692,0.3414,0.3834,0.3165,3120706,100.0,05/10/2026 12:53:05
44156,False,0.183,0.2057,0.2349,0.269,0.3018,0.2425,0.0062,0.0214,0.0812,0.1474,0.1912,0.061,3120805,100.0,05/10/2026 12:52:59
44172,False,0.1982,0.2205,0.2513,0.2854,0.3222,0.2542,0.0018,0.0077,0.0387,0.0959,0.1285,0.0471,3120904,100.0,05/10/2026 12:52:39
44199,False,0.2177,0.2414,0.275,0.3115,0.3507,0.2766,0.4008,0.4322,0.4859,0.537,0.5624,0.4974,3121001,100.0,05/10/2026 12:52:39
44210,False,0.1481,0.1685,0.1947,0.2215,0.2541,0.1996,0.0329,0.0759,0.1502,0.2291,0.264,0.1844,3121100,100.0,05/10/2026 12:52:54
44237,False,0.2012,0.2246,0.2554,0.2894,0.3292,0.2633,0.0355,0.0701,0.1405,0.2083,0.2429,0.1719,3121209,100.0,05/10/2026 12:53:03
44253,False,0.1634,0.1862,0.2139,0.2437,0.2791,0.2128,0.0086,0.0304,0.1106,0.2012,0.2428,0.0941,3121308,100.0,05/10/2026 12:52:51
44270,False,0.1631,0.1848,0.2104,0.2417,0.2759,0.2136,0.1165,0.159,0.2353,0.3136,0.3523,0.2861,3121407,100.0,05/10/2026 12:52:40
44296,False,0.1544,0.1724,0.1986,0.2257,0.2608,0.1797,0.002,0.0085,0.0461,0.1115,0.1584,0.043,3121506,100.0,05/10/2026 12:53:05
44318,False,0.2097,0.2381,0.2698,0.3065,0.339,0.2734,0.2357,0.273,0.3357,0.3945,0.424,0.3409,3121605,100.0,05/10/2026 12:52:45
44334,False,0.2193,0.2475,0.2799,0.3145,0.3591,0.2567,0.3298,0.3652,0.4279,0.4854,0.5139,0.438,3121704,100.0,05/10/2026 12:52:39
44350,False,0.2575,0.2873,0.3259,0.3633,0.4021,0.3167,0.0835,0.1168,0.174,0.2271,0.254,0.1673,3121803,100.0,05/10/2026 12:52:38
44377,False,0.1669,0.1903,0.2172,0.2485,0.2828,0.2092,0.1814,0.2199,0.2845,0.3491,0.3801,0.2846,3121902,100.0,05/10/2026 12:52:58
44393,False,0.2096,0.2384,0.2715,0.3069,0.34,0.2806,0.0391,0.0641,0.1123,0.1565,0.1806,0.1024,3122009,100.0,05/10/2026 12:52:35
44415,False,0.2183,0.2453,0.2778,0.3133,0.3557,0.2652,0.002,0.0086,0.0457,0.109,0.1453,0.0619,3122108,100.0,05/10/2026 12:52:41
44431,False,0.2388,0.268,0.3018,0.3403,0.3764,0.2914,0.0047,0.0185,0.0783,0.1452,0.1838,0.0597,3122207,100.0,05/10/2026 12:52:52
44458,False,0.1392,0.1618,0.1865,0.2139,0.2435,0.1916,0.0425,0.0794,0.1429,0.2112,0.2467,0.1826,3122306,100.0,05/10/2026 12:52:50
44474,False,0.1892,0.2141,0.2431,0.277,0.312,0.2427,0.0017,0.006,0.0369,0.0899,0.1227,0.0118,3122405,100.0,05/10/2026 12:52:51
44490,False,0.1456,0.1679,0.1944,0.2225,0.2579,0.2029,0.0073,0.0259,0.0865,0.1581,0.1988,0.1128,3122504,100.0,05/10/2026 12:52:45
44512,False,0.2329,0.2617,0.2967,0.3339,0.37,0.2943,0.1434,0.1835,0.2593,0.3314,0.3698,0.2587,3122603,100.0,05/10/2026 12:52:55
44539,False,0.1986,0.2231,0.2554,0.288,0.3253,0.2506,0.1258,0.1681,0.2388,0.3049,0.339,0.2351,3122702,100.0,05/10/2026 12:52:50
44555,False,0.1551,0.1754,0.2011,0.2299,0.2587,0.1988,0.0062,0.0215,0.088,0.1667,0.2101,0.1144,3122801,100.0,05/10/2026 12:52:40
44571,False,0.129,0.1489,0.1717,0.1979,0.2315,0.1725,0.0016,0.0072,0.0403,0.0936,0.1276,0.0069,3122900,100.0,05/10/2026 12:52:35
44598,False,0.1088,0.1242,0.1444,0.1671,0.1941,0.1484,0.0046,0.0187,0.0851,0.167,0.2056,0.1191,3123007,100.0,05/10/2026 12:52:43
44610,False,0.2393,0.2684,0.3017,0.337,0.3805,0.3004,0.1061,0.1327,0.1936,0.2564,0.2868,0.1898,3123106,100.0,05/10/2026 12:52:38
44636,False,0.1958,0.2208,0.2522,0.2853,0.323,0.2579,0.1336,0.1665,0.2327,0.2925,0.3246,0.2715,3123205,100.0,05/10/2026 12:53:06
44652,False,0.2195,0.2485,0.2819,0.3176,0.3567,0.256,0.0702,0.1063,0.1737,0.2348,0.2637,0.1658,3123304,100.0,05/10/2026 12:53:04
44679,False,0.25,0.2811,0.3161,0.3543,0.3947,0.3131,0.0934,0.1375,0.222,0.302,0.3451,0.2556,3123403,100.0,05/10/2026 12:52:41
44695,False,0.1759,0.1986,0.2268,0.2586,0.2887,0.2202,0.0026,0.0099,0.053,0.1293,0.1698,0.0283,3123502,100.0,05/10/2026 12:52:57
44717,False,0.1654,0.1862,0.2151,0.2447,0.2764,0.223,0.086,0.1211,0.1919,0.2644,0.3078,0.2355,3123601,100.0,05/10/2026 12:53:07
44733,False,0.182,0.2041,0.234,0.2649,0.301,0.2389,0.002,0.0086,0.0444,0.0936,0.1205,0.058,3123700,100.0,05/10/2026 12:52:58
44750,False,0.1915,0.2182,0.2487,0.2824,0.3214,0.2435,0.2999,0.3299,0.3876,0.4416,0.4705,0.3935,3123809,100.0,05/10/2026 12:52:40
44776,False,0.1799,0.2026,0.2319,0.2641,0.2959,0.2282,0.0031,0.0112,0.057,0.1321,0.1773,0.0068,3123908,100.0,05/10/2026 12:52:38
44792,False,0.1521,0.1702,0.1957,0.2233,0.2562,0.2034,0.1178,0.1652,0.234,0.2987,0.3328,0.23,3124005,100.0,05/10/2026 12:52:51
44814,False,0.195,0.219,0.2511,0.2844,0.3197,0.2455,0.0026,0.0098,0.0542,0.1221,0.1616,0.0235,3124104,100.0,05/10/2026 12:52:45
44830,False,0.1715,0.1925,0.2217,0.2531,0.2847,0.2306,0.0014,0.0063,0.0318,0.078,0.1031,0.0216,3124203,100.0,05/10/2026 12:52:40
44857,False,0.1627,0.1831,0.2087,0.2398,0.2742,0.2119,0.1766,0.2004,0.2474,0.2914,0.3159,0.2468,3124302,100.0,05/10/2026 12:53:01
44873,False,0.1739,0.1967,0.2252,0.2564,0.2908,0.2279,0.02,0.0465,0.1142,0.1808,0.2147,0.1394,3124401,100.0,05/10/2026 12:52:42
44890,False,0.1318,0.1522,0.1748,0.2012,0.2283,0.1866,0.0803,0.12,0.1945,0.2691,0.3067,0.2393,3124500,100.0,05/10/2026 12:53:04
44911,False,0.228,0.2554,0.2905,0.3296,0.3642,0.2608,0.0984,0.1411,0.2188,0.2906,0.3292,0.2155,3124609,100.0,05/10/2026 12:52:36
44938,False,0.2095,0.2364,0.2678,0.3024,0.3413,0.2584,0.0037,0.014,0.0655,0.1479,0.1888,0.0859,3124708,100.0,05/10/2026 12:53:03
44954,False,0.1679,0.1914,0.2193,0.251,0.2852,0.2223,0.004,0.0152,0.068,0.1257,0.1578,0.0527,3124807,100.0,05/10/2026 12:53:02
44970,False,0.1583,0.1801,0.2067,0.2367,0.2698,0.2044,0.0061,0.0227,0.0755,0.1294,0.1594,0.0951,3124906,100.0,05/10/2026 12:53:04
44997,False,0.173,0.1952,0.2251,0.2551,0.2901,0.2263,0.1375,0.1711,0.2305,0.2881,0.3172,0.2271,3125002,100.0,05/10/2026 12:52:38
45012,False,0.203,0.2287,0.2588,0.2937,0.3335,0.2655,0.0334,0.073,0.1553,0.2408,0.2872,0.2086,3125101,100.0,05/10/2026 12:53:02
45039,False,0.2086,0.2368,0.2697,0.3047,0.346,0.2736,0.0692,0.1049,0.1765,0.2536,0.2946,0.2117,3125200,100.0,05/10/2026 12:52:39
45055,False,0.1848,0.2093,0.2397,0.2728,0.3041,0.2076,0.0569,0.0983,0.1676,0.2369,0.2768,0.1624,3125309,100.0,05/10/2026 12:53:04
45071,False,0.2843,0.317,0.3552,0.3945,0.4421,0.3503,0.1554,0.2027,0.2831,0.3568,0.3924,0.2834,3125408,100.0,05/10/2026 12:52:39
45098,False,0.236,0.2665,0.3018,0.3386,0.3823,0.3071,0.3772,0.4128,0.478,0.5374,0.5676,0.4921,3125507,100.0,05/10/2026 12:52:38
45110,False,0.2469,0.277,0.3125,0.3509,0.391,0.3215,0.2623,0.2926,0.3495,0.4036,0.4314,0.3536,3125606,100.0,05/10/2026 12:53:03
45136,False,0.2094,0.2378,0.2705,0.3052,0.3425,0.2674,0.0196,0.0505,0.1167,0.1796,0.2115,0.1037,3125705,100.0,05/10/2026 12:52:44
45152,False,0.1784,0.2002,0.2301,0.261,0.2966,0.2323,0.0037,0.0155,0.0744,0.1489,0.1886,0.0895,3125804,100.0,05/10/2026 12:52:45
45179,False,0.2444,0.2716,0.3073,0.3442,0.3833,0.3094,0.2054,0.2356,0.2914,0.3469,0.3729,0.2922,3125903,100.0,05/10/2026 12:53:05
45195,False,0.1736,0.1975,0.2253,0.2568,0.291,0.2255,0.0027,0.011,0.0554,0.1346,0.1892,0.0628,3126000,100.0,05/10/2026 12:52:42
45217,False,0.1752,0.1985,0.2265,0.2584,0.2979,0.2295,0.0976,0.1443,0.2314,0.3202,0.365,0.2948,3126109,100.0,05/10/2026 12:53:03
45233,False,0.189,0.2119,0.2424,0.2742,0.3122,0.235,0.0035,0.0176,0.0715,0.1379,0.169,0.0549,3126208,100.0,05/10/2026 12:52:44
45250,False,0.2044,0.2308,0.2635,0.2992,0.3354,0.2679,0.01,0.0402,0.1292,0.2214,0.2666,0.17,3126307,100.0,05/10/2026 12:52:38
45276,False,0.1509,0.1695,0.1956,0.2245,0.2591,0.1809,0.0074,0.026,0.1122,0.2081,0.2523,0.097,3126406,100.0,05/10/2026 12:52:38
45292,False,0.2953,0.3278,0.3672,0.4076,0.4482,0.3691,0.2178,0.2543,0.3154,0.3722,0.4033,0.3175,3126505,100.0,05/10/2026 12:53:06
45314,False,0.2432,0.2712,0.3082,0.3472,0.3865,0.3047,0.0805,0.1162,0.1836,0.2455,0.2768,0.1781,3126604,100.0,05/10/2026 12:52:39
45330,False,0.202,0.2316,0.2624,0.2967,0.342,0.2599,0.3115,0.3363,0.3822,0.4276,0.4501,0.3892,3126703,100.0,05/10/2026 12:52:54
45357,False,0.2137,0.2411,0.275,0.3088,0.3492,0.2654,0.143,0.17,0.2257,0.2781,0.3053,0.2245,3126802,100.0,05/10/2026 12:53:02
45373,False,0.1769,0.1993,0.2284,0.2599,0.2925,0.2227,0.0213,0.0486,0.1054,0.1606,0.1857,0.0965,3126901,100.0,05/10/2026 12:52:57
45390,False,0.1922,0.2166,0.2471,0.2822,0.3195,0.2529,0.0014,0.005,0.027,0.0671,0.0877,0.0127,3127008,100.0,05/10/2026 12:52:44
45411,False,0.1931,0.2201,0.2503,0.2849,0.3211,0.2654,0.1197,0.1466,0.1986,0.2524,0.2812,0.2311,3127107,100.0,05/10/2026 12:52:38
45438,False,0.1936,0.223,0.2526,0.287,0.323,0.2294,0.0092,0.0354,0.1151,0.2043,0.2447,0.1597,3127206,100.0,05/10/2026 12:52:39
45454,False,0.2324,0.2606,0.2951,0.3319,0.3732,0.2924,0.0014,0.0056,0.0331,0.0785,0.1081,0.0294,3127305,100.0,05/10/2026 12:53:03
45470,False,0.1866,0.2121,0.2413,0.2751,0.3088,0.2533,0.1251,0.1747,0.2627,0.3519,0.3973,0.3225,3127404,100.0,05/10/2026 12:53:04
45497,False,0.2436,0.2686,0.304,0.3419,0.3826,0.2997,0.0182,0.052,0.1243,0.1915,0.2264,0.1121,3127503,100.0,05/10/2026 12:52:38
45519,False,0.224,0.2481,0.2822,0.3172,0.3588,0.2737,0.1778,0.2122,0.2762,0.3381,0.3712,0.2776,3127602,100.0,05/10/2026 12:53:03
45535,False,0.1776,0.2027,0.2311,0.2633,0.2985,0.2382,0.1664,0.1888,0.2371,0.2829,0.3126,0.2697,3127701,100.0,05/10/2026 12:53:02
45551,False,0.2587,0.286,0.3215,0.3608,0.4058,0.3207,0.322,0.3484,0.3898,0.4287,0.4476,0.3951,3127800,100.0,05/10/2026 12:53:02
45578,False,0.1598,0.1831,0.2108,0.2405,0.276,0.2113,0.0067,0.0321,0.1192,0.2129,0.2608,0.1505,3127909,100.0,05/10/2026 12:53:03
45594,False,0.2529,0.2831,0.32,0.3579,0.4019,0.3274,0.0031,0.0127,0.0609,0.1274,0.164,0.0383,3128006,100.0,05/10/2026 12:53:03
45616,False,0.2069,0.2304,0.2631,0.2966,0.3402,0.2567,0.1543,0.1951,0.273,0.3468,0.3906,0.3302,3128105,100.0,05/10/2026 12:52:43
45632,False,0.2042,0.2288,0.2605,0.294,0.3327,0.2453,0.2343,0.278,0.3469,0.4147,0.4511,0.3544,3128204,100.0,05/10/2026 12:52:43
45659,False,0.1744,0.1988,0.2277,0.2586,0.2949,0.2406,0.0144,0.0451,0.1166,0.1852,0.223,0.102,3128303,100.0,05/10/2026 12:52:39
45675,False,0.1793,0.2014,0.2314,0.2625,0.2923,0.2313,0.1523,0.1907,0.2565,0.3206,0.3533,0.2548,3128402,100.0,05/10/2026 12:53:03
45691,False,0.1712,0.1937,0.2239,0.2548,0.2858,0.2136,0.0024,0.0094,0.0516,0.1245,0.1657,0.0223,3128501,100.0,05/10/2026 12:53:06
45713,False,0.2171,0.2454,0.2762,0.314,0.3466,0.265,0.1272,0.1621,0.2252,0.2873,0.3178,0.2568,3128600,100.0,05/10/2026 12:52:50
45730,False,0.1886,0.2157,0.245,0.2788,0.3149,0.2567,0.0018,0.0086,0.0512,0.1145,0.1553,0.0747,3128709,100.0,05/10/2026 12:52:58
45756,False,0.1379,0.1598,0.1845,0.2119,0.2401,0.1867,0.0323,0.0635,0.1211,0.18,0.2096,0.112,3128808,100.0,05/10/2026 12:52:50
45772,False,0.1514,0.1718,0.1982,0.227,0.2598,0.2013,0.1055,0.1446,0.2221,0.3044,0.3464,0.2725,3128907,100.0,05/10/2026 12:52:51
45799,False,0.1532,0.1727,0.1987,0.226,0.2598,0.2037,0.051,0.087,0.1569,0.2258,0.2576,0.1465,3129004,100.0,05/10/2026 12:52:54
45810,False,0.2162,0.2474,0.2798,0.3157,0.3594,0.2701,0.0326,0.0724,0.1416,0.2102,0.2472,0.1736,3129103,100.0,05/10/2026 12:52:56
45837,False,0.1404,0.1599,0.1847,0.2119,0.2408,0.1884,0.0028,0.0114,0.0556,0.139,0.1899,0.0217,3129202,100.0,05/10/2026 12:53:06
45853,False,0.2052,0.2271,0.2583,0.2948,0.3344,0.2621,0.0088,0.0297,0.0835,0.1369,0.1629,0.1026,3129301,100.0,05/10/2026 12:52:41
45870,False,0.1739,0.1961,0.224,0.2547,0.2901,0.229,0.1792,0.2163,0.289,0.3589,0.3948,0.29,3129400,100.0,05/10/2026 12:52:55
45896,False,0.1961,0.2185,0.2503,0.2826,0.3229,0.2593,0.0502,0.0828,0.1398,0.1971,0.2309,0.1709,3129509,100.0,05/10/2026 12:52:59
45918,False,0.2579,0.2882,0.3252,0.3641,0.4065,0.3093,0.3587,0.3895,0.4375,0.4833,0.5026,0.4471,3129608,100.0,05/10/2026 12:53:03
45934,False,0.18,0.2045,0.2341,0.2675,0.3009,0.2429,0.083,0.1182,0.1774,0.2372,0.267,0.2087,3129707,100.0,05/10/2026 12:53:03
45950,False,0.1545,0.1742,0.1996,0.2286,0.2612,0.197,0.0022,0.0089,0.0447,0.1113,0.1566,0.0465,3129806,100.0,05/10/2026 12:52:54
45977,False,0.178,0.2023,0.2308,0.2616,0.2981,0.2377,0.373,0.4063,0.47,0.5232,0.5553,0.5158,3129905,100.0,05/10/2026 12:53:06
45993,False,0.177,0.2002,0.2291,0.2623,0.2946,0.2281,0.0036,0.0147,0.0654,0.1446,0.1837,0.0861,3130002,100.0,05/10/2026 12:52:58
46019,False,0.1813,0.2068,0.2354,0.2671,0.3009,0.236,0.0032,0.0148,0.0763,0.1688,0.2195,0.1198,3130101,100.0,05/10/2026 12:52:57
46035,False,0.1517,0.1723,0.1985,0.2277,0.2571,0.2013,0.1295,0.1679,0.2366,0.3005,0.3344,0.2778,3130200,100.0,05/10/2026 12:53:05
46051,False,0.1991,0.2241,0.2544,0.2877,0.3231,0.2515,0.0017,0.0067,0.0366,0.0845,0.1144,0.0096,3130309,100.0,05/10/2026 12:53:05
46078,False,0.1444,0.164,0.1895,0.2172,0.2452,0.1898,0.002,0.0081,0.0482,0.1143,0.1491,0.0613,3130408,100.0,05/10/2026 12:52:38
46094,False,0.1816,0.2059,0.2363,0.268,0.3022,0.2368,0.0018,0.0074,0.0412,0.0963,0.1285,0.0579,3130507,100.0,05/10/2026 12:52:43
46116,False,0.1678,0.191,0.2201,0.2509,0.2805,0.2316,0.0665,0.1033,0.1685,0.237,0.2734,0.2014,3130606,100.0,05/10/2026 12:53:05
46132,False,0.1673,0.1914,0.2192,0.2494,0.2824,0.2158,0.0019,0.0073,0.0384,0.0951,0.1253,0.0192,3130705,100.0,05/10/2026 12:52:50
46159,False,0.1463,0.1663,0.1917,0.2193,0.2465,0.1806,0.0024,0.0102,0.0532,0.1284,0.1709,0.0256,3130804,100.0,05/10/2026 12:52:58
46175,False,0.1937,0.2165,0.2476,0.2806,0.3188,0.2523,0.039,0.0622,0.1066,0.1506,0.1727,0.1274,3130903,100.0,05/10/2026 12:53:01
46191,False,0.157,0.1814,0.2071,0.2387,0.2729,0.2187,0.0034,0.0134,0.0662,0.1411,0.1802,0.0955,3131000,100.0,05/10/2026 12:52:37
46213,False,0.2228,0.2495,0.2813,0.3186,0.3578,0.2749,0.0054,0.0184,0.0784,0.1558,0.1917,0.055,3131109,100.0,05/10/2026 12:52:41
46230,False,0.2264,0.2494,0.2841,0.3213,0.3577,0.2848,0.0029,0.0093,0.0484,0.0961,0.1245,0.0659,3131208,100.0,05/10/2026 12:53:03
46256,False,0.1914,0.2178,0.248,0.2814,0.3153,0.2501,0.1906,0.2218,0.2768,0.3314,0.3575,0.3202,3131307,100.0,05/10/2026 12:52:52
46272,False,0.254,0.2808,0.3158,0.3552,0.3945,0.3008,0.0035,0.0127,0.0636,0.1291,0.1647,0.0497,3131406,100.0,05/10/2026 12:52:35
46299,False,0.1536,0.174,0.2009,0.2289,0.265,0.2081,0.1247,0.158,0.2262,0.2908,0.3239,0.267,3131505,100.0,05/10/2026 12:52:50
46310,False,0.1497,0.1727,0.1974,0.2271,0.2583,0.2093,0.1471,0.1777,0.2398,0.2977,0.3275,0.2701,3131604,100.0,05/10/2026 12:52:51
46337,False,0.1382,0.1556,0.1807,0.2076,0.2385,0.1856,0.0026,0.0095,0.0553,0.1295,0.1693,0.0214,3131703,100.0,05/10/2026 12:53:03
46353,False,0.1608,0.1833,0.2095,0.2413,0.2717,0.2105,0.0014,0.0067,0.0327,0.0759,0.0978,0.0399,3131802,100.0,05/10/2026 12:53:04
46370,False,0.1743,0.1981,0.2261,0.2552,0.2926,0.2244,0.0027,0.0099,0.0562,0.1415,0.182,0.0523,3131901,100.0,05/10/2026 12:52:37
46396,False,0.2257,0.2547,0.2878,0.3259,0.3638,0.2475,0.4312,0.4581,0.5081,0.5548,0.5805,0.52,3132008,100.0,05/10/2026 12:52:36
46418,False,0.2443,0.2722,0.3062,0.3451,0.3832,0.3098,0.2784,0.301,0.3456,0.3871,0.4082,0.3495,3132107,100.0,05/10/2026 12:52:41
46434,False,0.1502,0.1703,0.1956,0.2235,0.2563,0.1994,0.0058,0.022,0.1019,0.2004,0.2557,0.156,3132206,100.0,05/10/2026 12:52:40
46450,False,0.2423,0.2672,0.3033,0.342,0.3821,0.3152,0.1286,0.163,0.2245,0.2806,0.3109,0.2203,3132305,100.0,05/10/2026 12:53:01
46477,False,0.1531,0.1728,0.1999,0.2295,0.259,0.2057,0.1705,0.2058,0.2742,0.3401,0.3746,0.3272,3132404,100.0,05/10/2026 12:52:35
46493,False,0.1841,0.2102,0.2404,0.2708,0.3102,0.2491,0.0051,0.0194,0.0896,0.1785,0.2229,0.0647,3132503,100.0,05/10/2026 12:52:51
46515,False,0.1747,0.1975,0.2262,0.2568,0.2896,0.2123,0.042,0.0842,0.1621,0.2384,0.2805,0.1572,3132602,100.0,05/10/2026 12:52:44
46531,False,0.2606,0.2912,0.328,0.3676,0.4116,0.3264,0.211,0.236,0.2818,0.3248,0.3457,0.2815,3132701,100.0,05/10/2026 12:52:42
46558,False,0.2062,0.2317,0.2646,0.2998,0.3393,0.2471,0.1618,0.2028,0.2819,0.3622,0.4005,0.2852,3132800,100.0,05/10/2026 12:52:41
46574,False,0.1875,0.2095,0.2396,0.2714,0.3069,0.2501,0.0264,0.0597,0.1255,0.1922,0.2269,0.1561,3132909,100.0,05/10/2026 12:52:51
46590,False,0.1671,0.1878,0.2156,0.2466,0.2776,0.228,0.153,0.1848,0.2508,0.3187,0.3512,0.2988,3133006,100.0,05/10/2026 12:52:52
46612,False,0.1763,0.1991,0.2268,0.2585,0.2921,0.2333,0.0145,0.0419,0.1201,0.2044,0.2523,0.1669,3133105,100.0,05/10/2026 12:53:04
46639,False,0.2139,0.2411,0.2735,0.3088,0.3467,0.2807,0.0031,0.0121,0.0492,0.1041,0.1333,0.0345,3133204,100.0,05/10/2026 12:52:50
46655,False,0.2356,0.2637,0.2988,0.3362,0.3753,0.3017,0.0685,0.0937,0.1355,0.1788,0.1997,0.1277,3133303,100.0,05/10/2026 12:53:02
46671,False,0.1847,0.2083,0.239,0.271,0.3048,0.245,0.0711,0.103,0.1727,0.2487,0.2922,0.2147,3133402,100.0,05/10/2026 12:53:04
46698,False,0.1274,0.144,0.1667,0.1912,0.2202,0.1652,0.0023,0.0094,0.0482,0.115,0.1503,0.0715,3133501,100.0,05/10/2026 12:53:04
46710,False,0.192,0.2137,0.2439,0.2762,0.3122,0.2684,0.2254,0.2582,0.3173,0.3762,0.4054,0.3597,3133600,100.0,05/10/2026 12:52:39
46736,False,0.1787,0.2027,0.2323,0.2629,0.3028,0.2302,0.1734,0.2083,0.2821,0.3488,0.3835,0.3316,3133709,100.0,05/10/2026 12:52:55
46752,False,0.1653,0.1842,0.2115,0.2418,0.2753,0.2152,0.2174,0.2586,0.3278,0.3974,0.4349,0.3928,3133808,100.0,05/10/2026 12:52:38
46779,False,0.137,0.1578,0.1839,0.2114,0.2403,0.1743,0.0198,0.0517,0.1264,0.2003,0.234,0.114,3133907,100.0,05/10/2026 12:52:51
46795,False,0.2255,0.2539,0.2875,0.3232,0.3681,0.2926,0.4207,0.4373,0.4699,0.5003,0.5176,0.4756,3134004,100.0,05/10/2026 12:53:02
46817,False,0.1622,0.184,0.2105,0.2414,0.2755,0.2252,0.1917,0.2192,0.2735,0.3253,0.3466,0.2933,3134103,100.0,05/10/2026 12:53:04
46833,False,0.2042,0.2319,0.2613,0.2966,0.3345,0.2697,0.002,0.0087,0.0406,0.1025,0.1382,0.0046,3134202,100.0,05/10/2026 12:52:38
46850,False,0.1478,0.1674,0.1923,0.2203,0.2547,0.1974,0.0019,0.0081,0.0495,0.1244,0.1613,0.0056,3134301,100.0,05/10/2026 12:53:06
46876,False,0.2028,0.2301,0.2622,0.2968,0.3378,0.2717,0.002,0.008,0.041,0.0939,0.1244,0.0605,3134400,100.0,05/10/2026 12:52:42
46892,False,0.1488,0.1684,0.1949,0.2224,0.2527,0.1969,0.0026,0.0093,0.0532,0.1267,0.1657,0.0228,3134509,100.0,05/10/2026 12:52:43
46914,False,0.1883,0.2129,0.2436,0.2765,0.309,0.2402,0.002,0.0079,0.0464,0.1105,0.1502,0.0108,3134608,100.0,05/10/2026 12:52:43
46930,False,0.2575,0.2837,0.32,0.3581,0.3984,0.3187,0.2293,0.2542,0.2945,0.3368,0.3571,0.2952,3134707,100.0,05/10/2026 12:53:02
46957,False,0.1884,0.2112,0.2415,0.2741,0.312,0.2448,0.2759,0.3244,0.4034,0.4798,0.5253,0.475,3134806,100.0,05/10/2026 12:52:45
46973,False,0.1752,0.1978,0.2261,0.2574,0.2947,0.2368,0.3878,0.4152,0.4639,0.5132,0.54,0.5195,3134905,100.0,05/10/2026 12:52:56
46990,False,0.1599,0.1816,0.2073,0.2376,0.2698,0.1976,0.008,0.0276,0.0933,0.1626,0.1977,0.1091,3135001,100.0,05/10/2026 12:53:05
47015,False,0.1734,0.1977,0.2275,0.2592,0.2953,0.2298,0.0052,0.0188,0.0667,0.1164,0.1402,0.052,3135100,100.0,05/10/2026 12:52:55
47031,False,0.2304,0.2585,0.2935,0.328,0.3704,0.2943,0.4222,0.4415,0.4795,0.5151,0.5332,0.491,3135209,100.0,05/10/2026 12:53:01
47058,False,0.1356,0.1555,0.1795,0.2066,0.2327,0.1739,0.0169,0.065,0.1656,0.2638,0.3189,0.2193,3135308,100.0,05/10/2026 12:53:06
47074,False,0.1413,0.163,0.1879,0.2161,0.2474,0.1851,0.0047,0.0178,0.0822,0.1761,0.2308,0.0451,3135407,100.0,05/10/2026 12:52:44
47090,False,0.2257,0.256,0.2904,0.3285,0.366,0.2816,0.2227,0.2519,0.3052,0.3552,0.3852,0.307,3135506,100.0,05/10/2026 12:52:50
47112,False,0.2622,0.2968,0.3327,0.3715,0.4194,0.3282,0.2585,0.2873,0.3402,0.3916,0.4186,0.3436,3135605,100.0,05/10/2026 12:53:03
47139,False,0.1626,0.183,0.2106,0.2409,0.2702,0.2009,0.0023,0.0102,0.0505,0.1194,0.1659,0.0571,3135704,100.0,05/10/2026 12:52:35
47155,False,0.2636,0.2915,0.3274,0.3673,0.41,0.3265,0.427,0.445,0.4801,0.5151,0.5313,0.4893,3135803,100.0,05/10/2026 12:52:40
47171,False,0.1759,0.1985,0.2285,0.2593,0.2972,0.2305,0.0101,0.0348,0.1176,0.2062,0.2524,0.1571,3135902,100.0,05/10/2026 12:52:50
47198,False,0.247,0.2767,0.3123,0.3498,0.3887,0.321,0.3981,0.4193,0.4581,0.4927,0.5104,0.4649,3136009,100.0,05/10/2026 12:52:43
47210,False,0.2373,0.2652,0.3003,0.3373,0.3795,0.3012,0.003,0.0109,0.0581,0.12,0.1504,0.0463,3136108,100.0,05/10/2026 12:52:58
47236,False,0.184,0.2105,0.2396,0.2733,0.3083,0.2399,0.002,0.0075,0.0429,0.1023,0.139,0.056,3136207,100.0,05/10/2026 12:52:52
47252,False,0.2139,0.2436,0.2753,0.3121,0.3515,0.2701,0.1068,0.1286,0.1851,0.2396,0.2694,0.2202,3136306,100.0,05/10/2026 12:52:51
47279,False,0.268,0.2962,0.3337,0.3741,0.412,0.3194,0.0044,0.0189,0.0792,0.1537,0.192,0.068,3136405,100.0,05/10/2026 12:53:03
47295,False,0.2423,0.2684,0.3057,0.3434,0.3827,0.3001,0.1172,0.1454,0.1984,0.2501,0.2761,0.1951,3136504,100.0,05/10/2026 12:52:39
47317,False,0.2097,0.234,0.2678,0.301,0.3413,0.264,0.0043,0.0172,0.0803,0.1756,0.2282,0.0525,3136603,100.0,05/10/2026 12:52:52
47333,False,0.1402,0.1597,0.1845,0.2121,0.2439,0.1896,0.0108,0.0363,0.1048,0.1723,0.2089,0.0883,3136702,100.0,05/10/2026 12:53:04
47350,False,0.1698,0.1952,0.2232,0.2535,0.2876,0.2138,0.2011,0.2324,0.2878,0.3426,0.3716,0.2885,3136801,100.0,05/10/2026 12:53:01
47376,False,0.1398,0.1595,0.1842,0.2124,0.2433,0.1931,0.1924,0.2319,0.3076,0.3807,0.4277,0.3671,3136900,100.0,05/10/2026 12:52:51
47392,False,0.2795,0.3116,0.35,0.3905,0.4304,0.3465,0.3028,0.3254,0.3698,0.4108,0.43,0.3744,3137007,100.0,05/10/2026 12:53:03
47414,False,0.1805,0.2035,0.2319,0.2623,0.3002,0.2307,0.096,0.1257,0.1908,0.2514,0.2845,0.2186,3137106,100.0,05/10/2026 12:52:41
47430,False,0.1824,0.2086,0.2386,0.2716,0.3069,0.2455,0.1668,0.2012,0.2637,0.3268,0.3637,0.3125,3137205,100.0,05/10/2026 12:53:05
47457,False,0.2313,0.2572,0.29,0.3262,0.3656,0.2808,0.0555,0.0942,0.1662,0.2347,0.2726,0.1574,3137304,100.0,05/10/2026 12:52:52
47473,False,0.1158,0.134,0.1562,0.1807,0.2055,0.1635,0.0028,0.0147,0.0747,0.1589,0.2036,0.113,3137403,100.0,05/10/2026 12:53:01
47490,False,0.1356,0.1535,0.1777,0.2029,0.2324,0.186,0.1107,0.147,0.2088,0.2714,0.3081,0.2494,3137502,100.0,05/10/2026 12:52:54
47511,False,0.1613,0.185,0.2124,0.2416,0.2773,0.2108,0.102,0.1377,0.2138,0.2902,0.3313,0.2699,3137601,100.0,05/10/2026 12:53:03
47538,False,0.1586,0.1802,0.2067,0.2373,0.2691,0.2177,0.0471,0.0688,0.1115,0.1551,0.1772,0.1308,3137700,100.0,05/10/2026 12:52:52
47554,False,0.1843,0.2088,0.2386,0.2715,0.308,0.2451,0.126,0.1644,0.2263,0.2893,0.327,0.2702,3137809,100.0,05/10/2026 12:52:37
47570,False,0.173,0.1959,0.2244,0.2546,0.2873,0.2228,0.1959,0.2517,0.3387,0.414,0.4532,0.3416,3137908,100.0,05/10/2026 12:52:37
47597,False,0.1667,0.1891,0.2175,0.2474,0.2831,0.2173,0.003,0.0109,0.0526,0.1097,0.1391,0.0675,3138005,100.0,05/10/2026 12:52:42
47619,False,0.2497,0.2759,0.3123,0.3487,0.3906,0.301,0.0819,0.1236,0.2003,0.2803,0.3142,0.1939,3138104,100.0,05/10/2026 12:52:39
47635,False,0.1853,0.2101,0.2408,0.2718,0.3081,0.2485,0.0031,0.013,0.0715,0.147,0.1938,0.1088,3138203,100.0,05/10/2026 12:52:41
47651,False,0.1841,0.2089,0.239,0.2718,0.3077,0.2308,0.1186,0.1589,0.2322,0.3062,0.3447,0.2674,3138302,100.0,05/10/2026 12:52:40
47678,False,0.1933,0.2207,0.2519,0.2861,0.3247,0.2482,0.0521,0.0876,0.1502,0.2132,0.2431,0.1402,3138401,100.0,05/10/2026 12:52:43
47694,False,0.1513,0.1719,0.1972,0.2242,0.2577,0.1993,0.035,0.0705,0.1477,0.2187,0.2547,0.1363,3138500,100.0,05/10/2026 12:53:06
47716,False,0.19,0.2151,0.2445,0.2776,0.314,0.2525,0.1985,0.2391,0.3059,0.3696,0.4019,0.3087,3138609,100.0,05/10/2026 12:52:39
47732,False,0.1236,0.1422,0.1649,0.1895,0.2172,0.1622,0.0037,0.0145,0.0692,0.1436,0.1875,0.0489,3138708,100.0,05/10/2026 12:53:02
47759,False,0.215,0.2411,0.276,0.3118,0.3529,0.2789,0.085,0.1178,0.1807,0.2456,0.2795,0.2215,3138807,100.0,05/10/2026 12:53:03
47775,False,0.1777,0.2021,0.2317,0.2644,0.3001,0.2349,0.0989,0.1374,0.1978,0.2629,0.2937,0.1952,3138906,100.0,05/10/2026 12:52:38
47791,False,0.1849,0.2107,0.2396,0.2727,0.3044,0.245,0.1625,0.1877,0.2458,0.3052,0.3391,0.2854,3139003,100.0,05/10/2026 12:52:39
47813,False,0.1454,0.1671,0.1933,0.2222,0.2544,0.1894,0.0047,0.0201,0.0875,0.1635,0.1994,0.0696,3139102,100.0,05/10/2026 12:52:50
47830,False,0.2502,0.2778,0.3159,0.353,0.3919,0.3215,0.1408,0.1679,0.2115,0.2568,0.2799,0.2083,3139201,100.0,05/10/2026 12:52:52
47856,False,0.2305,0.2608,0.2957,0.3314,0.3703,0.2918,0.2077,0.2269,0.2674,0.305,0.3264,0.2669,3139300,100.0,05/10/2026 12:53:02
47872,False,0.1798,0.2021,0.231,0.263,0.2977,0.2368,0.0643,0.0902,0.1428,0.1973,0.227,0.1726,3139409,100.0,05/10/2026 12:53:01
47899,False,0.2035,0.2324,0.2642,0.2992,0.3381,0.2616,0.0014,0.0058,0.0284,0.0688,0.0959,0.0166,3139508,100.0,05/10/2026 12:53:03
47910,False,0.1737,0.1976,0.2273,0.2588,0.2895,0.2315,0.1407,0.1657,0.2103,0.258,0.2842,0.2378,3139607,100.0,05/10/2026 12:52:45
47937,False,0.1386,0.1612,0.1847,0.2109,0.247,0.1817,0.0902,0.1375,0.225,0.313,0.3561,0.2802,3139706,100.0,05/10/2026 12:52:40
47953,False,0.1486,0.17,0.1965,0.2251,0.2561,0.1992,0.0022,0.0103,0.0516,0.1166,0.1465,0.0758,3139805,100.0,05/10/2026 12:52:51
47970,False,0.1667,0.1872,0.2139,0.2449,0.2787,0.2104,0.0927,0.1301,0.1984,0.2698,0.3077,0.2409,3139904,100.0,05/10/2026 12:52:41
47996,False,0.1881,0.2101,0.2404,0.2727,0.3127,0.2399,0.1628,0.2137,0.2922,0.3654,0.3955,0.2936,3140001,100.0,05/10/2026 12:52:45
48011,False,0.211,0.236,0.2668,0.3024,0.3348,0.2605,0.0569,0.0938,0.166,0.2343,0.2652,0.1596,3140100,100.0,05/10/2026 12:52:40
48038,False,0.1563,0.177,0.2044,0.2342,0.2669,0.2165,0.0021,0.01,0.0506,0.125,0.1685,0.0626,3140209,100.0,05/10/2026 12:53:05
48054,False,0.1804,0.2056,0.2356,0.2666,0.3075,0.2333,0.0016,0.0066,0.0357,0.0866,0.1173,0.0111,3140308,100.0,05/10/2026 12:53:07
48070,False,0.1708,0.1947,0.2223,0.2545,0.2909,0.2206,0.002,0.0091,0.052,0.1207,0.1651,0.0486,3140407,100.0,05/10/2026 12:52:54
48097,False,0.1915,0.2152,0.2444,0.2776,0.3172,0.2464,0.2126,0.2486,0.3119,0.3734,0.4062,0.3613,3140506,100.0,05/10/2026 12:52:43
48119,False,0.2975,0.3336,0.3725,0.4127,0.4556,0.3712,0.3893,0.4229,0.4793,0.5317,0.5577,0.4924,3140605,100.0,05/10/2026 12:53:03
48135,False,0.2068,0.2364,0.2703,0.3045,0.3427,0.2669,0.0055,0.0179,0.0883,0.179,0.2323,0.1348,3140704,100.0,05/10/2026 12:52:42
48151,False,0.1617,0.1839,0.2116,0.2421,0.2733,0.2175,0.0066,0.03,0.096,0.1604,0.1945,0.0798,3140803,100.0,05/10/2026 12:52:38
48178,False,0.1635,0.1866,0.2131,0.2446,0.2815,0.2202,0.0019,0.0085,0.04,0.0812,0.1008,0.0291,3140902,100.0,05/10/2026 12:53:04
48194,False,0.1444,0.1614,0.1855,0.2147,0.2423,0.1831,0.167,0.1921,0.2378,0.2823,0.3037,0.2365,3141009,100.0,05/10/2026 12:52:43
48216,False,0.1756,0.2003,0.2295,0.2611,0.2948,0.228,0.0021,0.0086,0.052,0.122,0.1713,0.0656,3141108,100.0,05/10/2026 12:53:05
48232,False,0.1776,0.2019,0.231,0.2633,0.296,0.2358,0.0988,0.1412,0.2214,0.2966,0.3325,0.2587,3141207,100.0,05/10/2026 12:52:43
48259,False,0.1932,0.2153,0.2473,0.28,0.3194,0.2394,0.1124,0.152,0.2275,0.2994,0.3345,0.2611,3141306,100.0,05/10/2026 12:52:40
48275,False,0.2178,0.242,0.2759,0.3119,0.3452,0.2751,0.2443,0.2674,0.3051,0.3422,0.3616,0.3055,3141405,100.0,05/10/2026 12:53:01
48291,False,0.1938,0.2206,0.2525,0.2858,0.3181,0.2662,0.0031,0.0099,0.0523,0.1167,0.1484,0.0391,3141504,100.0,05/10/2026 12:52:38
48313,False,0.163,0.1832,0.2104,0.2401,0.2732,0.2102,0.1122,0.1503,0.2283,0.3025,0.3434,0.2251,3141603,100.0,05/10/2026 12:52:39
48330,False,0.2616,0.2937,0.3291,0.3699,0.4142,0.3297,0.0019,0.0068,0.0369,0.0902,0.1176,0.0105,3141702,100.0,05/10/2026 12:53:02
48356,False,0.2842,0.3151,0.3543,0.3958,0.4406,0.3595,0.3918,0.4117,0.447,0.4812,0.5009,0.4538,3141801,100.0,05/10/2026 12:53:01
48372,False,0.1805,0.2026,0.2317,0.2643,0.3002,0.2335,0.0019,0.0075,0.0435,0.1013,0.1368,0.0036,3141900,100.0,05/10/2026 12:53:05
48399,False,0.1561,0.1756,0.2032,0.2324,0.2642,0.204,0.2593,0.2966,0.3535,0.4059,0.4326,0.3578,3142007,100.0,05/10/2026 12:52:38
48410,False,0.1627,0.1841,0.2107,0.2406,0.271,0.2158,0.0135,0.0387,0.0912,0.1473,0.1714,0.0805,3142106,100.0,05/10/2026 12:52:41
48437,False,0.1721,0.1962,0.2257,0.259,0.2894,0.2271,0.0079,0.026,0.0823,0.1403,0.1751,0.1074,3142205,100.0,05/10/2026 12:52:44
48453,False,0.1538,0.1743,0.1995,0.2294,0.2634,0.1957,0.0025,0.0097,0.0486,0.1243,0.1694,0.0568,3142304,100.0,05/10/2026 12:52:43
48470,False,0.1606,0.1809,0.2067,0.2371,0.2725,0.2119,0.0627,0.1047,0.1796,0.2565,0.2991,0.2226,3142403,100.0,05/10/2026 12:52:38
48496,False,0.2885,0.3207,0.3601,0.4016,0.441,0.3626,0.0876,0.1275,0.2067,0.2835,0.3248,0.2034,3142502,100.0,05/10/2026 12:52:43
48518,False,0.1701,0.1934,0.2216,0.2523,0.2842,0.2367,0.0041,0.0206,0.0752,0.1361,0.1661,0.0974,3142601,100.0,05/10/2026 12:52:39
48534,False,0.2352,0.2627,0.2987,0.3367,0.3775,0.2971,0.2594,0.2853,0.3281,0.3704,0.3901,0.3298,3142700,100.0,05/10/2026 12:52:36
48550,False,0.2161,0.2421,0.2755,0.3114,0.3488,0.2815,0.0017,0.0086,0.0444,0.1008,0.1332,0.0613,3142809,100.0,05/10/2026 12:53:04
48577,False,0.1556,0.1755,0.201,0.2291,0.2627,0.2036,0.1484,0.1725,0.2142,0.2548,0.2761,0.2116,3142908,100.0,05/10/2026 12:52:52
48593,False,0.1781,0.2018,0.2298,0.2623,0.2932,0.226,0.0085,0.0295,0.0936,0.1582,0.1907,0.1218,3143005,100.0,05/10/2026 12:52:51
48615,False,0.1693,0.1918,0.2201,0.251,0.2899,0.2342,0.003,0.0125,0.0593,0.1222,0.1609,0.0883,3143104,100.0,05/10/2026 12:53:07
48631,False,0.2251,0.2488,0.2819,0.318,0.3598,0.2894,0.0558,0.091,0.1576,0.2253,0.2623,0.1956,3143203,100.0,05/10/2026 12:53:04
48658,False,0.1332,0.1525,0.1765,0.2035,0.2342,0.183,0.0023,0.0083,0.0472,0.108,0.1476,0.0727,3143302,100.0,05/10/2026 12:53:01
48674,False,0.1577,0.1764,0.2038,0.2322,0.2645,0.2193,0.4709,0.494,0.5335,0.5753,0.5984,0.5813,3143401,100.0,05/10/2026 12:52:44
48690,False,0.1691,0.1899,0.2177,0.2496,0.2812,0.2227,0.1085,0.136,0.1923,0.2465,0.2728,0.2158,3143500,100.0,05/10/2026 12:52:40
48712,False,0.236,0.2639,0.2982,0.337,0.3728,0.2837,0.2027,0.2413,0.3157,0.3941,0.4294,0.3218,3143609,100.0,05/10/2026 12:53:05
48739,False,0.2499,0.2806,0.3157,0.355,0.3961,0.3009,0.0896,0.14,0.2299,0.3195,0.3541,0.226,3143708,100.0,05/10/2026 12:52:41
48755,False,0.1671,0.1881,0.2159,0.2467,0.2827,0.2287,0.1278,0.1602,0.221,0.2798,0.3116,0.2516,3143807,100.0,05/10/2026 12:52:38
48771,False,0.1589,0.1802,0.2069,0.2358,0.2679,0.2066,0.0069,0.0233,0.073,0.1272,0.1576,0.0978,3143906,100.0,05/10/2026 12:52:35
48798,False,0.1863,0.209,0.2388,0.2722,0.3086,0.2415,0.0538,0.0786,0.1256,0.1681,0.1938,0.1467,3144003,100.0,05/10/2026 12:52:44
48810,False,0.1789,0.2004,0.2293,0.2615,0.2966,0.2393,0.0464,0.0742,0.1343,0.1974,0.232,0.1689,3144102,100.0,05/10/2026 12:53:05
48836,False,0.263,0.2944,0.3318,0.3707,0.4131,0.3339,0.1318,0.1731,0.2531,0.3252,0.3617,0.2504,3144201,100.0,05/10/2026 12:52:38
48852,False,0.2375,0.2642,0.3008,0.3372,0.3785,0.3063,0.0009,0.0036,0.0222,0.0542,0.0746,0.0175,3144300,100.0,05/10/2026 12:52:41
48879,False,0.1572,0.1777,0.2035,0.232,0.2656,0.21,0.0524,0.1018,0.2029,0.3025,0.3454,0.2639,3144409,100.0,05/10/2026 12:52:36
48895,False,0.1267,0.1449,0.1682,0.1928,0.2217,0.1699,0.0288,0.0687,0.1429,0.2174,0.2517,0.1316,3144508,100.0,05/10/2026 12:52:55
48917,False,0.2026,0.2297,0.2607,0.2949,0.3315,0.2655,0.0035,0.0152,0.0689,0.1469,0.1888,0.1033,3144607,100.0,05/10/2026 12:53:05
48933,False,0.2062,0.2299,0.2609,0.2955,0.3387,0.2615,0.0786,0.1217,0.1901,0.2563,0.2897,0.1819,3144706,100.0,05/10/2026 12:52:39
48950,False,0.1363,0.158,0.1819,0.2091,0.2392,0.1815,0.0026,0.0092,0.047,0.1184,0.1575,0.0395,3144805,100.0,05/10/2026 12:52:50
48976,False,0.2092,0.2365,0.269,0.3041,0.3409,0.2481,0.0548,0.0905,0.1586,0.2233,0.2545,0.1504,3144904,100.0,05/10/2026 12:52:35
48992,False,0.1963,0.222,0.2534,0.2883,0.3242,0.2587,0.0718,0.1005,0.1593,0.212,0.2386,0.1867,3145000,100.0,05/10/2026 12:52:52
49018,False,0.1547,0.1765,0.203,0.2318,0.2654,0.2037,0.1634,0.196,0.2606,0.3217,0.3577,0.3014,3145109,100.0,05/10/2026 12:53:02
49034,False,0.1318,0.1486,0.1718,0.1973,0.2262,0.1762,0.411,0.4394,0.4864,0.5328,0.5577,0.5434,3145208,100.0,05/10/2026 12:52:39
49050,False,0.295,0.3252,0.3649,0.4046,0.4495,0.3725,0.334,0.3549,0.3867,0.4193,0.4381,0.3914,3145307,100.0,05/10/2026 12:52:40
49077,False,0.1679,0.1895,0.2177,0.2487,0.2811,0.2277,0.0481,0.1076,0.2059,0.2991,0.3436,0.1964,3145406,100.0,05/10/2026 12:53:02
49093,False,0.1987,0.2222,0.2536,0.2868,0.326,0.2517,0.0044,0.0153,0.0727,0.1587,0.2079,0.045,3145505,100.0,05/10/2026 12:53:03
49115,False,0.1764,0.2001,0.2289,0.2602,0.3009,0.2257,0.0026,0.0105,0.0552,0.1229,0.1639,0.0812,3145604,100.0,05/10/2026 12:53:04
49131,False,0.1723,0.1925,0.2221,0.2522,0.2879,0.217,0.1896,0.2301,0.3056,0.3788,0.4207,0.309,3145703,100.0,05/10/2026 12:52:45
49158,False,0.1686,0.1914,0.2193,0.251,0.2876,0.2056,0.1318,0.1683,0.2543,0.3375,0.3805,0.3039,3145802,100.0,05/10/2026 12:52:51
49174,False,0.1363,0.1553,0.1782,0.2054,0.238,0.1803,0.0021,0.0084,0.0433,0.108,0.1453,0.0334,3145901,100.0,05/10/2026 12:53:01
49190,False,0.1941,0.2201,0.2503,0.2837,0.3188,0.262,0.2421,0.2797,0.348,0.4122,0.4441,0.4084,3146008,100.0,05/10/2026 12:52:58
49212,False,0.1737,0.1977,0.2252,0.2576,0.2916,0.2207,0.2273,0.2667,0.3328,0.3953,0.4292,0.3375,3146107,100.0,05/10/2026 12:53:01
49239,False,0.2301,0.2551,0.29,0.3266,0.3657,0.2794,0.0489,0.0782,0.126,0.1777,0.2053,0.1213,3146206,100.0,05/10/2026 12:53:03
49255,False,0.2482,0.2781,0.3127,0.3516,0.3918,0.3194,0.0555,0.082,0.1328,0.1806,0.2059,0.1244,3146305,100.0,05/10/2026 12:52:40
49271,False,0.1465,0.1666,0.1923,0.2197,0.2531,0.1968,0.0048,0.0193,0.082,0.1613,0.2022,0.0666,3146404,100.0,05/10/2026 12:52:52
49298,False,0.1698,0.1901,0.218,0.2493,0.2825,0.2253,0.113,0.1471,0.217,0.286,0.3294,0.2613,3146503,100.0,05/10/2026 12:52:38
49310,False,0.1661,0.191,0.2188,0.2505,0.2833,0.2012,0.0605,0.1125,0.2178,0.3199,0.3756,0.2118,3146602,100.0,05/10/2026 12:52:44
49336,False,0.1985,0.2249,0.2554,0.2876,0.3186,0.2454,0.1006,0.1322,0.1959,0.2516,0.2798,0.1887,3146701,100.0,05/10/2026 12:52:59
49352,False,0.2096,0.2359,0.2688,0.3036,0.3381,0.2813,0.3982,0.4311,0.4894,0.5416,0.5679,0.5021,3127057,100.0,05/10/2026 12:52:35
49379,False,0.1374,0.1555,0.179,0.2066,0.2379,0.1783,0.0207,0.054,0.1211,0.1873,0.2226,0.1513,3146909,100.0,05/10/2026 12:52:44
49395,False,0.1852,0.2096,0.2388,0.2718,0.311,0.2371,0.168,0.1994,0.2577,0.3171,0.3513,0.3021,3147006,100.0,05/10/2026 12:52:52
49417,False,0.1588,0.181,0.208,0.2385,0.2709,0.2191,0.1947,0.243,0.3189,0.3979,0.4383,0.3903,3147105,100.0,05/10/2026 12:53:04
49433,False,0.1654,0.1866,0.2153,0.2465,0.2828,0.2256,0.0433,0.0767,0.1409,0.2067,0.2394,0.1757,3147204,100.0,05/10/2026 12:52:38
49450,False,0.1772,0.2,0.2286,0.2596,0.2988,0.236,0.0464,0.0906,0.1696,0.2527,0.2945,0.2218,3147303,100.0,05/10/2026 12:52:59
49476,False,0.149,0.1695,0.1952,0.2242,0.2599,0.1889,0.0148,0.0461,0.1122,0.1798,0.222,0.1485,3147402,100.0,05/10/2026 12:52:44
49492,False,0.1996,0.2256,0.2562,0.2902,0.3355,0.2429,0.019,0.0597,0.1615,0.2518,0.2992,0.1496,3147501,100.0,05/10/2026 12:53:04
49514,False,0.1618,0.1825,0.21,0.2403,0.277,0.2175,0.0024,0.0083,0.0426,0.1015,0.1375,0.0462,3147600,100.0,05/10/2026 12:52:44
49530,False,0.1557,0.1739,0.201,0.2303,0.2633,0.1994,0.0027,0.0109,0.0558,0.1308,0.1736,0.016,3147709,100.0,05/10/2026 12:53:03
49557,False,0.154,0.1758,0.2029,0.2312,0.2659,0.1946,0.0024,0.01,0.0509,0.129,0.1757,0.0428,3147808,100.0,05/10/2026 12:53:05
49573,False,0.1744,0.1999,0.2285,0.2598,0.2931,0.2315,0.0091,0.0282,0.0956,0.1772,0.219,0.1386,3147907,100.0,05/10/2026 12:52:37
49590,False,0.1712,0.1963,0.2247,0.2566,0.2886,0.2304,0.2237,0.2587,0.3215,0.3849,0.4181,0.3773,3148004,100.0,05/10/2026 12:53:03
49611,False,0.1447,0.1646,0.1893,0.2167,0.2474,0.1925,0.1876,0.2218,0.2835,0.3466,0.382,0.3355,3148103,100.0,05/10/2026 12:52:39
49638,False,0.1407,0.16,0.184,0.2103,0.2444,0.1776,0.0035,0.0139,0.0611,0.1218,0.1582,0.0461,3148202,100.0,05/10/2026 12:53:04
49654,False,0.1881,0.2101,0.2402,0.272,0.3099,0.2318,0.2812,0.3133,0.3768,0.4365,0.4662,0.3848,3148301,100.0,05/10/2026 12:52:40
49670,False,0.2563,0.287,0.3258,0.363,0.4097,0.3315,0.4002,0.4297,0.484,0.5349,0.5583,0.4966,3148400,100.0,05/10/2026 12:53:02
49697,False,0.2331,0.2645,0.298,0.3351,0.377,0.3055,0.2037,0.2289,0.2724,0.3148,0.3395,0.2729,3148509,100.0,05/10/2026 12:53:02
49719,False,0.2235,0.2477,0.2807,0.3179,0.358,0.2809,0.0923,0.1255,0.1928,0.2571,0.2913,0.1865,3148608,100.0,05/10/2026 12:53:02
49735,False,0.2661,0.2946,0.3307,0.3715,0.411,0.328,0.0971,0.1243,0.1701,0.2144,0.2371,0.1656,3148707,100.0,05/10/2026 12:53:03
49751,False,0.1677,0.1884,0.2177,0.248,0.2824,0.2069,0.2395,0.2774,0.3397,0.4028,0.4379,0.3438,3148806,100.0,05/10/2026 12:52:59
49778,False,0.1452,0.1638,0.1869,0.2149,0.2456,0.1918,0.1152,0.1561,0.2376,0.3227,0.3612,0.2868,3148905,100.0,05/10/2026 12:52:38
49794,False,0.1656,0.1855,0.214,0.2438,0.2812,0.1939,0.0146,0.0442,0.123,0.1992,0.2372,0.1109,3149002,100.0,05/10/2026 12:53:04
49816,False,0.1776,0.1998,0.2279,0.2597,0.2994,0.2341,0.0648,0.1018,0.1691,0.2329,0.2667,0.2037,3149101,100.0,05/10/2026 12:53:07
49832,False,0.1707,0.197,0.2261,0.2577,0.2981,0.2245,0.0314,0.0753,0.1542,0.2361,0.2793,0.1909,3149200,100.0,05/10/2026 12:53:05
49859,False,0.1607,0.183,0.2096,0.2396,0.2735,0.2094,0.0058,0.026,0.0985,0.1873,0.2317,0.1455,3149309,100.0,05/10/2026 12:52:50
49875,False,0.1343,0.1517,0.1745,0.2004,0.2303,0.1711,0.2318,0.2733,0.3608,0.4418,0.4805,0.368,3149408,100.0,05/10/2026 12:53:03
49891,False,0.1661,0.1893,0.2178,0.249,0.2828,0.212,0.0079,0.0285,0.1025,0.1766,0.2137,0.0894,3149507,100.0,05/10/2026 12:53:05
49913,False,0.1317,0.1489,0.1721,0.1971,0.2231,0.1636,0.0041,0.015,0.083,0.1838,0.2324,0.1229,3149606,100.0,05/10/2026 12:52:51
49930,False,0.1418,0.1603,0.185,0.2122,0.2422,0.1909,0.3822,0.4131,0.4759,0.5379,0.5718,0.5433,3149705,100.0,05/10/2026 12:52:39
49956,False,0.2014,0.2282,0.2595,0.294,0.3323,0.2601,0.1749,0.2093,0.2702,0.3309,0.3659,0.315,3149804,100.0,05/10/2026 12:53:04
49972,False,0.1623,0.1866,0.2124,0.2418,0.2812,0.2213,0.0379,0.0793,0.1508,0.2242,0.2603,0.1948,3149903,100.0,05/10/2026 12:53:02
49999,False,0.2524,0.2842,0.3199,0.3585,0.4073,0.3156,0.1708,0.2053,0.2697,0.3288,0.3653,0.2685,3150000,100.0,05/10/2026 12:52:40
50016,False,0.1446,0.1671,0.1926,0.22,0.2558,0.1902,0.0771,0.119,0.1965,0.2788,0.3193,0.1922,3150109,100.0,05/10/2026 12:52:42
50032,False,0.1939,0.2174,0.2466,0.2812,0.3122,0.2447,0.239,0.2763,0.3408,0.4008,0.4332,0.3449,3150208,100.0,05/10/2026 12:52:41
50059,False,0.1822,0.2047,0.2358,0.2688,0.3033,0.2423,0.0079,0.0235,0.0964,0.1889,0.2367,0.0768,3150307,100.0,05/10/2026 12:52:39
50075,False,0.2039,0.2308,0.2629,0.2973,0.3357,0.2633,0.0043,0.0188,0.087,0.1736,0.2136,0.1227,3150406,100.0,05/10/2026 12:53:02
50091,False,0.1761,0.1986,0.2289,0.2603,0.2952,0.2195,0.1592,0.1937,0.2544,0.3179,0.349,0.293,3150505,100.0,05/10/2026 12:53:06
50113,False,0.1124,0.1281,0.1491,0.1714,0.1984,0.1539,0.0026,0.012,0.0622,0.1507,0.1935,0.0218,3150604,100.0,05/10/2026 12:52:57
50130,False,0.1786,0.2017,0.2311,0.2637,0.3003,0.2374,0.0087,0.0203,0.0814,0.1436,0.1788,0.0989,3150703,100.0,05/10/2026 12:52:43
50156,False,0.2829,0.31,0.3492,0.3897,0.4286,0.3332,0.1277,0.1681,0.245,0.3188,0.3524,0.2395,3150802,100.0,05/10/2026 12:52:35
50172,False,0.1553,0.1744,0.2007,0.2304,0.2608,0.2102,0.0853,0.127,0.204,0.2795,0.3216,0.2464,3150901,100.0,05/10/2026 12:52:42
50199,False,0.144,0.1649,0.1897,0.2179,0.2483,0.1995,0.0183,0.0544,0.1293,0.2064,0.2505,0.1667,3151008,100.0,05/10/2026 12:52:44
50210,False,0.1472,0.166,0.1904,0.2198,0.2512,0.194,0.0029,0.0109,0.05,0.103,0.1301,0.0343,3151107,100.0,05/10/2026 12:52:43
50237,False,0.2,0.2241,0.2555,0.2891,0.3239,0.2597,0.0179,0.0456,0.1084,0.1711,0.2009,0.1425,3151206,100.0,05/10/2026 12:52:50
50253,False,0.161,0.185,0.2114,0.241,0.2751,0.2229,0.0147,0.0393,0.102,0.1635,0.1966,0.0913,3151305,100.0,05/10/2026 12:52:44
50270,False,0.163,0.1817,0.2099,0.2408,0.2788,0.206,0.2296,0.2616,0.3252,0.3898,0.4239,0.3816,3151404,100.0,05/10/2026 12:53:03
50296,False,0.1932,0.2164,0.2478,0.2798,0.3175,0.2608,0.2279,0.26,0.3155,0.3682,0.3989,0.3593,3151503,100.0,05/10/2026 12:53:07
50318,False,0.209,0.2352,0.2686,0.302,0.343,0.2785,0.004,0.0176,0.0665,0.1236,0.153,0.0858,3151602,100.0,05/10/2026 12:52:41
50334,False,0.145,0.1666,0.1922,0.2197,0.2501,0.2074,0.0125,0.0379,0.1005,0.1654,0.2018,0.1336,3151701,100.0,05/10/2026 12:52:37
50350,False,0.2095,0.2325,0.2653,0.3005,0.3406,0.272,0.0249,0.0677,0.1463,0.2269,0.2766,0.1935,3151800,100.0,05/10/2026 12:52:39
50377,False,0.2081,0.2327,0.264,0.2984,0.3426,0.2607,0.0016,0.0048,0.0264,0.0619,0.086,0.0038,3151909,100.0,05/10/2026 12:53:01
50393,False,0.1946,0.2182,0.2482,0.2827,0.3206,0.2583,0.0013,0.0068,0.0329,0.0819,0.1169,0.0169,3152006,100.0,05/10/2026 12:52:40
50415,False,0.189,0.2081,0.2392,0.2723,0.3076,0.227,0.2013,0.2327,0.2966,0.3582,0.3893,0.2998,3152105,100.0,05/10/2026 12:52:36
50431,False,0.1688,0.1935,0.2227,0.2533,0.2871,0.2321,0.1701,0.1925,0.2324,0.2698,0.2898,0.2292,3152204,100.0,05/10/2026 12:53:00
50458,False,0.2174,0.2454,0.2786,0.3126,0.3549,0.2723,0.1352,0.1704,0.232,0.2906,0.3215,0.2282,3152303,100.0,05/10/2026 12:53:02
50474,False,0.2357,0.2645,0.2998,0.3384,0.3807,0.3024,0.0468,0.0712,0.1213,0.1652,0.1887,0.1125,3152402,100.0,05/10/2026 12:53:01
50490,False,0.1729,0.1952,0.2234,0.254,0.2873,0.2271,0.0862,0.123,0.1953,0.2683,0.3067,0.2451,3152501,100.0,05/10/2026 12:52:40
50512,False,0.1521,0.1716,0.1981,0.2264,0.2611,0.2023,0.0424,0.0793,0.1486,0.219,0.2534,0.1812,3152600,100.0,05/10/2026 12:52:35
50539,False,0.1275,0.1453,0.1684,0.193,0.221,0.1767,0.0253,0.0677,0.1496,0.2279,0.2733,0.1343,3152709,100.0,05/10/2026 12:53:03
50555,False,0.2126,0.2365,0.2693,0.3037,0.346,0.2762,0.0048,0.0178,0.0873,0.1673,0.2179,0.1257,3152808,100.0,05/10/2026 12:52:40
50571,False,0.1808,0.2057,0.2357,0.2682,0.3049,0.2373,0.0076,0.0323,0.1057,0.1781,0.2211,0.1364,3152907,100.0,05/10/2026 12:53:06
50598,False,0.1852,0.2098,0.2387,0.2714,0.3038,0.2306,0.196,0.2491,0.3336,0.4127,0.4528,0.3891,3153004,100.0,05/10/2026 12:52:45
50610,False,0.2639,0.2912,0.3276,0.3662,0.4046,0.3039,0.203,0.2361,0.2994,0.3608,0.3908,0.3019,3153103,100.0,05/10/2026 12:52:36
50636,False,0.2793,0.3088,0.3465,0.3858,0.4307,0.334,0.1114,0.1482,0.2182,0.2855,0.3178,0.2152,3153202,100.0,05/10/2026 12:52:39
50652,False,0.1832,0.207,0.2364,0.2693,0.3086,0.2324,0.4701,0.515,0.5863,0.6459,0.6784,0.6129,3153301,100.0,05/10/2026 12:52:42
50679,False,0.1973,0.2252,0.2553,0.2905,0.3276,0.2613,0.0281,0.0652,0.1396,0.2098,0.2497,0.1777,3153400,100.0,05/10/2026 12:53:05
50695,False,0.1467,0.1675,0.1929,0.2205,0.2494,0.2006,0.2153,0.2394,0.2954,0.3455,0.3745,0.3256,3153509,100.0,05/10/2026 12:53:06
50717,False,0.1499,0.1709,0.1973,0.2252,0.2561,0.1912,0.0041,0.0155,0.0756,0.1522,0.1927,0.1072,3153608,100.0,05/10/2026 12:52:55
50733,False,0.2055,0.2278,0.26,0.2941,0.3344,0.2243,0.0019,0.0077,0.0408,0.102,0.1424,0.0012,3153707,100.0,05/10/2026 12:52:36
50750,False,0.1593,0.1793,0.2071,0.2372,0.2732,0.1967,0.0035,0.013,0.0682,0.1602,0.2151,0.026,3153806,100.0,05/10/2026 12:52:38
50776,False,0.1251,0.1456,0.1676,0.1912,0.224,0.1631,0.0282,0.0846,0.1927,0.2894,0.3403,0.1776,3153905,100.0,05/10/2026 12:52:56
50792,False,0.1987,0.2261,0.2572,0.2919,0.3324,0.2547,0.0696,0.1021,0.1526,0.2065,0.2349,0.1452,3154002,100.0,05/10/2026 12:52:57
50814,False,0.2135,0.2395,0.2723,0.3077,0.3448,0.2681,0.1301,0.1523,0.2075,0.2592,0.2833,0.2016,3154101,100.0,05/10/2026 12:53:02
50830,False,0.1487,0.1714,0.1982,0.2269,0.2591,0.1959,0.003,0.0103,0.0475,0.1175,0.1629,0.0363,3154200,100.0,05/10/2026 12:53:04
50857,False,0.2261,0.255,0.2899,0.3262,0.366,0.2926,0.2024,0.2288,0.2702,0.3111,0.3353,0.2948,3154309,100.0,05/10/2026 12:52:35
50873,False,0.1226,0.1392,0.1612,0.1855,0.2143,0.1549,0.05,0.1078,0.2058,0.3035,0.359,0.2015,3154408,100.0,05/10/2026 12:52:51
50890,False,0.2266,0.2527,0.2871,0.3221,0.3664,0.2775,0.2003,0.2313,0.2945,0.3502,0.3794,0.2933,3154507,100.0,05/10/2026 12:52:38
50911,False,0.1631,0.1876,0.2155,0.2463,0.2782,0.2136,0.0018,0.0073,0.0404,0.0972,0.1364,0.0288,3154606,100.0,05/10/2026 12:52:36
50938,False,0.1497,0.1693,0.195,0.2231,0.2572,0.1942,0.0084,0.0339,0.1186,0.1995,0.2407,0.1037,3154705,100.0,05/10/2026 12:52:57
50954,False,0.1356,0.1552,0.1788,0.2048,0.234,0.1779,0.0024,0.0125,0.0631,0.1467,0.199,0.024,3154804,100.0,05/10/2026 12:52:38
50970,False,0.2321,0.2618,0.2961,0.3338,0.3733,0.2972,0.1726,0.2102,0.2733,0.3372,0.3653,0.2735,3154903,100.0,05/10/2026 12:52:58
50997,False,0.1546,0.1757,0.2033,0.2322,0.2628,0.204,0.211,0.2472,0.3184,0.3883,0.4244,0.3218,3155009,100.0,05/10/2026 12:52:52
51012,False,0.2182,0.2416,0.2753,0.3119,0.349,0.2809,0.3757,0.4014,0.4513,0.4968,0.5243,0.4575,3155108,100.0,05/10/2026 12:53:07
51039,False,0.24,0.2698,0.3041,0.3417,0.3825,0.2831,0.0263,0.0732,0.1569,0.2352,0.2747,0.1427,3155207,100.0,05/10/2026 12:52:59
51055,False,0.1675,0.1897,0.2178,0.2498,0.2835,0.2175,0.0024,0.0112,0.0621,0.1455,0.1989,0.0054,3155306,100.0,05/10/2026 12:52:58
51071,False,0.192,0.2174,0.2461,0.2799,0.3139,0.2473,0.0123,0.0363,0.1053,0.1695,0.1996,0.091,3155405,100.0,05/10/2026 12:53:04
51098,False,0.1803,0.2025,0.2305,0.263,0.2983,0.2402,0.0568,0.0886,0.1487,0.2091,0.2385,0.176,3155504,100.0,05/10/2026 12:52:44
51110,False,0.1762,0.2008,0.2287,0.2606,0.2942,0.2349,0.12,0.1448,0.1938,0.2423,0.2676,0.1891,3155603,100.0,05/10/2026 12:52:44
51136,False,0.2051,0.2314,0.264,0.2973,0.3348,0.2567,0.039,0.0825,0.1591,0.2311,0.2673,0.1437,3155702,100.0,05/10/2026 12:52:38
51152,False,0.1518,0.1728,0.1989,0.2279,0.2605,0.2052,0.0187,0.0512,0.1141,0.1728,0.2088,0.1008,3155801,100.0,05/10/2026 12:52:52
51179,False,0.1691,0.1942,0.2242,0.2547,0.2897,0.2302,0.0806,0.1216,0.1914,0.255,0.2868,0.1847,3155900,100.0,05/10/2026 12:52:42
51195,False,0.3343,0.3633,0.4058,0.4476,0.4901,0.4091,0.1937,0.2305,0.2915,0.3486,0.3811,0.2919,3156007,100.0,05/10/2026 12:52:50
51217,False,0.1755,0.1983,0.2274,0.2595,0.294,0.2162,0.0374,0.0852,0.1744,0.2581,0.2959,0.1641,3156106,100.0,05/10/2026 12:53:05
51233,False,0.1947,0.2194,0.2505,0.2838,0.322,0.2497,0.0024,0.0089,0.0492,0.1166,0.161,0.0512,3156205,100.0,05/10/2026 12:53:07
51250,False,0.15,0.171,0.1978,0.2262,0.2598,0.2022,0.0024,0.0106,0.0521,0.113,0.1524,0.0723,3156304,100.0,05/10/2026 12:53:04
51276,False,0.1486,0.1702,0.1961,0.2258,0.2565,0.1918,0.0185,0.0511,0.1262,0.1997,0.2404,0.1162,3156403,100.0,05/10/2026 12:52:36
51292,False,0.2854,0.3159,0.3543,0.3937,0.4367,0.3421,0.4521,0.4741,0.5189,0.5594,0.5809,0.5311,3156502,100.0,05/10/2026 12:52:51
51314,False,0.2312,0.2599,0.2945,0.3327,0.3762,0.2903,0.3123,0.3391,0.3945,0.4447,0.4707,0.4001,3156601,100.0,05/10/2026 12:52:58
51330,False,0.1489,0.1686,0.1938,0.2213,0.2528,0.1938,0.0018,0.0079,0.0439,0.1028,0.144,0.0177,3156700,100.0,05/10/2026 12:53:04
51357,False,0.2764,0.3081,0.3474,0.3867,0.4268,0.3539,0.2723,0.302,0.3587,0.4108,0.4376,0.3645,3156809,100.0,05/10/2026 12:52:43
51373,False,0.1841,0.2083,0.2377,0.2701,0.309,0.2428,0.0961,0.1301,0.197,0.2679,0.3057,0.243,3156908,100.0,05/10/2026 12:52:57
51390,False,0.1969,0.2211,0.2526,0.2861,0.3234,0.2609,0.0927,0.1201,0.1725,0.2195,0.2468,0.1655,3157005,100.0,05/10/2026 12:52:38
51411,False,0.2315,0.2621,0.2975,0.335,0.375,0.2923,0.1672,0.1962,0.2483,0.3011,0.3238,0.2472,3157104,100.0,05/10/2026 12:52:50
51438,False,0.1833,0.21,0.2401,0.2731,0.3089,0.239,0.0655,0.1085,0.2004,0.2809,0.3274,0.1898,3157203,100.0,05/10/2026 12:52:51
51454,False,0.1627,0.1845,0.2118,0.2417,0.2747,0.21,0.2438,0.2794,0.345,0.4041,0.4388,0.3469,3157302,100.0,05/10/2026 12:52:40
51470,False,0.1703,0.1956,0.223,0.2544,0.2898,0.2137,0.2869,0.3148,0.3713,0.4212,0.4552,0.3745,3157401,100.0,05/10/2026 12:52:51
51497,False,0.2262,0.2517,0.2869,0.323,0.3628,0.2854,0.0662,0.1071,0.1825,0.2552,0.2882,0.1755,3157500,100.0,05/10/2026 12:52:41
51519,False,0.3019,0.3337,0.3715,0.4139,0.4574,0.3447,0.343,0.3732,0.4351,0.4909,0.5169,0.4434,3157609,100.0,05/10/2026 12:52:43
51535,False,0.1728,0.1954,0.2232,0.2541,0.2874,0.2297,0.1244,0.1513,0.1994,0.2463,0.2719,0.224,3157708,100.0,05/10/2026 12:53:06
51551,False,0.1554,0.1748,0.2019,0.2296,0.2614,0.1979,0.002,0.009,0.0497,0.1206,0.164,0.0726,3157807,100.0,05/10/2026 12:52:37
51578,False,0.1182,0.1325,0.1542,0.1774,0.2067,0.1655,0.0014,0.0051,0.028,0.0663,0.0893,0.0026,3157906,100.0,05/10/2026 12:52:40
51594,False,0.1867,0.2105,0.2398,0.2722,0.3062,0.2425,0.1627,0.2001,0.2649,0.3289,0.3599,0.2655,3158003,100.0,05/10/2026 12:52:45
51616,False,0.2654,0.3012,0.3378,0.3771,0.4182,0.3276,0.0983,0.1309,0.1888,0.2492,0.2794,0.1861,3158102,100.0,05/10/2026 12:52:43
51632,False,0.3141,0.3461,0.3844,0.4261,0.4664,0.3852,0.1402,0.1723,0.2247,0.274,0.2995,0.2205,3158201,100.0,05/10/2026 12:52:57
51659,False,0.1326,0.1531,0.176,0.2037,0.2342,0.1799,0.0025,0.0104,0.0558,0.1271,0.1753,0.0788,3158300,100.0,05/10/2026 12:53:04
51675,False,0.1382,0.1585,0.1831,0.2108,0.2379,0.1838,0.0022,0.0095,0.0505,0.1144,0.1534,0.061,3158409,100.0,05/10/2026 12:52:38
51691,False,0.1768,0.2005,0.231,0.2623,0.2965,0.223,0.0024,0.0085,0.047,0.1129,0.1523,0.0027,3158508,100.0,05/10/2026 12:52:40
51713,False,0.1468,0.1668,0.1925,0.2212,0.2523,0.193,0.0838,0.1273,0.1971,0.2658,0.3009,0.1914,3158607,100.0,05/10/2026 12:52:55
51730,False,0.1657,0.1905,0.2191,0.2491,0.2818,0.2149,0.1642,0.2063,0.293,0.3708,0.4087,0.2949,3158706,100.0,05/10/2026 12:53:04
51756,False,0.1467,0.1661,0.1918,0.219,0.2478,0.194,0.0021,0.0078,0.0444,0.1067,0.1426,0.0015,3158805,100.0,05/10/2026 12:52:52
51772,False,0.1867,0.2107,0.2402,0.2727,0.3054,0.24,0.0118,0.031,0.0866,0.141,0.1678,0.0741,3158904,100.0,05/10/2026 12:53:02
51799,False,0.2234,0.2482,0.2802,0.3152,0.3559,0.2689,0.0571,0.098,0.1721,0.2454,0.282,0.1637,3159001,100.0,05/10/2026 12:53:02
51810,False,0.1768,0.2004,0.2279,0.2589,0.292,0.2103,0.0126,0.0424,0.1165,0.193,0.2329,0.1046,3159100,100.0,05/10/2026 12:53:04
51837,False,0.1593,0.1816,0.2092,0.2385,0.2705,0.2199,0.2026,0.2389,0.3179,0.3879,0.4237,0.3712,3159209,100.0,05/10/2026 12:52:43
51853,False,0.1479,0.1678,0.192,0.2199,0.2526,0.1926,0.0099,0.0361,0.1075,0.1799,0.2186,0.0975,3159308,100.0,05/10/2026 12:52:39
51870,False,0.2198,0.2454,0.2783,0.3157,0.3479,0.2534,0.1632,0.222,0.3166,0.4074,0.4509,0.3195,3159407,100.0,05/10/2026 12:53:02
51896,False,0.1819,0.2047,0.235,0.2674,0.3007,0.2444,0.1528,0.1817,0.235,0.2915,0.318,0.2599,3159506,100.0,05/10/2026 12:53:06
51918,False,0.1711,0.1945,0.2231,0.2543,0.2868,0.2302,0.1818,0.2276,0.3173,0.4009,0.4443,0.3942,3159605,100.0,05/10/2026 12:52:38
51934,False,0.2249,0.2538,0.2882,0.3243,0.3642,0.2844,0.0062,0.0281,0.0943,0.1653,0.2048,0.1172,3159704,100.0,05/10/2026 12:53:04
51950,False,0.1939,0.2176,0.2486,0.2833,0.3205,0.2523,0.0041,0.016,0.0668,0.1216,0.1541,0.051,3159803,100.0,05/10/2026 12:53:04
51977,False,0.1808,0.2016,0.2312,0.262,0.2935,0.23,0.1409,0.1727,0.2313,0.2894,0.3163,0.2276,3159902,100.0,05/10/2026 12:52:40
51993,False,0.1413,0.1598,0.1838,0.212,0.244,0.1844,0.0033,0.0117,0.0608,0.1362,0.1798,0.0356,3160009,100.0,05/10/2026 12:52:52
52019,False,0.2016,0.2266,0.2575,0.2905,0.3274,0.2489,0.2196,0.2642,0.3312,0.3986,0.4326,0.3354,3160108,100.0,05/10/2026 12:53:05
52035,False,0.3268,0.3656,0.4048,0.4475,0.4943,0.4037,0.3422,0.3802,0.448,0.5104,0.5371,0.4593,3160207,100.0,05/10/2026 12:53:04
52051,False,0.2543,0.2829,0.3201,0.3567,0.4026,0.3244,0.0439,0.0681,0.1126,0.1578,0.1804,0.1065,3160306,100.0,05/10/2026 12:52:38
52078,False,0.1623,0.1818,0.2096,0.2393,0.2757,0.2126,0.3937,0.4182,0.4627,0.5055,0.5287,0.5103,3160405,100.0,05/10/2026 12:53:03
52094,False,0.2683,0.2989,0.3355,0.3757,0.4167,0.333,0.0505,0.1034,0.1899,0.2741,0.3139,0.1822,3160504,100.0,05/10/2026 12:53:04
52116,False,0.3131,0.3468,0.386,0.4269,0.4706,0.3535,0.2008,0.2526,0.3413,0.4198,0.4595,0.3473,3160603,100.0,05/10/2026 12:52:37
52132,False,0.1855,0.208,0.2378,0.2722,0.3073,0.2397,0.1034,0.1452,0.2128,0.2743,0.3056,0.2059,3160702,100.0,05/10/2026 12:52:39
52159,False,0.1812,0.2036,0.232,0.2649,0.3029,0.2425,0.0031,0.0117,0.0558,0.1336,0.1901,0.0428,3160801,100.0,05/10/2026 12:52:52
52175,False,0.1925,0.2158,0.2469,0.2798,0.3176,0.2405,0.0166,0.0548,0.1448,0.2335,0.2771,0.1322,3160900,100.0,05/10/2026 12:52:52
52191,False,0.2094,0.2366,0.2694,0.3055,0.3482,0.2667,0.0741,0.1051,0.169,0.2357,0.2676,0.1611,3161007,100.0,05/10/2026 12:52:42
52213,False,0.2348,0.2661,0.3013,0.3396,0.3815,0.3044,0.2512,0.275,0.3191,0.3608,0.3814,0.3212,3161106,100.0,05/10/2026 12:52:55
52230,False,0.1584,0.1806,0.2073,0.2377,0.2704,0.198,0.0534,0.0985,0.1757,0.2495,0.2899,0.1686,3161205,100.0,05/10/2026 12:52:43
52256,False,0.1519,0.1712,0.1977,0.2249,0.2569,0.2039,0.0209,0.0555,0.1265,0.1903,0.227,0.1148,3161304,100.0,05/10/2026 12:53:03
52272,False,0.153,0.1726,0.199,0.2272,0.2602,0.1916,0.0842,0.1196,0.1833,0.2451,0.2768,0.1798,3161403,100.0,05/10/2026 12:52:58
52299,False,0.1747,0.1997,0.2274,0.2604,0.294,0.2312,0.1686,0.2035,0.2646,0.3235,0.3512,0.2644,3161502,100.0,05/10/2026 12:52:41
52310,False,0.2462,0.2721,0.307,0.3482,0.387,0.3044,0.1139,0.1529,0.2222,0.2916,0.3234,0.2164,3161601,100.0,05/10/2026 12:53:01
52337,False,0.197,0.2224,0.2523,0.2874,0.3231,0.249,0.0059,0.021,0.0806,0.1413,0.1754,0.1014,3161700,100.0,05/10/2026 12:52:40
52353,False,0.1203,0.1387,0.161,0.1858,0.2128,0.164,0.0781,0.1136,0.1951,0.2723,0.313,0.2417,3161809,100.0,05/10/2026 12:52:52
52370,False,0.1432,0.1623,0.1877,0.2149,0.2495,0.1788,0.0019,0.0082,0.0434,0.1067,0.1425,0.0006,3161908,100.0,05/10/2026 12:52:43
52396,False,0.2188,0.2458,0.2778,0.3141,0.3534,0.2741,0.0051,0.0168,0.0727,0.1408,0.1851,0.1064,3162005,100.0,05/10/2026 12:53:02
52418,False,0.1676,0.1898,0.2184,0.2483,0.2821,0.2231,0.2961,0.3253,0.3732,0.4231,0.449,0.4166,3162104,100.0,05/10/2026 12:52:57
52434,False,0.1515,0.172,0.1979,0.2271,0.2609,0.2105,0.1293,0.1697,0.2397,0.3111,0.3456,0.2816,3162203,100.0,05/10/2026 12:53:04
52450,False,0.1733,0.1965,0.2253,0.2584,0.2936,0.2229,0.1804,0.2235,0.2989,0.3678,0.4057,0.3379,3162302,100.0,05/10/2026 12:53:05
52477,False,0.249,0.2798,0.3151,0.3539,0.3981,0.3133,0.4981,0.517,0.5493,0.5792,0.5949,0.5607,3162401,100.0,05/10/2026 12:52:42
52493,False,0.1585,0.1795,0.2044,0.2343,0.269,0.2145,0.0028,0.0095,0.0505,0.1193,0.1552,0.0772,3162500,100.0,05/10/2026 12:52:39
52515,False,0.1751,0.1966,0.2265,0.2585,0.2942,0.2266,0.0015,0.0058,0.033,0.0782,0.1079,0.0125,3162609,100.0,05/10/2026 12:52:40
52531,False,0.1754,0.1994,0.2285,0.2595,0.2975,0.2395,0.0016,0.0064,0.0334,0.0803,0.1098,0.0037,3162708,100.0,05/10/2026 12:52:56
52558,False,0.227,0.2524,0.2867,0.3243,0.3647,0.2955,0.2278,0.2641,0.3241,0.3748,0.4033,0.3257,3162807,100.0,05/10/2026 12:52:36
52574,False,0.1767,0.1968,0.2274,0.259,0.2931,0.23,0.0016,0.0077,0.0427,0.1012,0.1401,0.024,3162906,100.0,05/10/2026 12:53:03
52590,False,0.2427,0.2744,0.3117,0.3506,0.3863,0.2939,0.1097,0.1421,0.2005,0.2579,0.2871,0.1977,3163003,100.0,05/10/2026 12:52:39
52612,False,0.1666,0.1906,0.2179,0.2486,0.2818,0.2148,0.0084,0.0362,0.1127,0.1977,0.2406,0.149,3163102,100.0,05/10/2026 12:52:56
52639,False,0.1648,0.1852,0.2127,0.241,0.2776,0.2147,0.176,0.2153,0.2871,0.3599,0.3962,0.3331,3163201,100.0,05/10/2026 12:52:44
52655,False,0.1831,0.205,0.2349,0.2682,0.3011,0.2238,0.0174,0.0458,0.11,0.1726,0.2085,0.1214,3163300,100.0,05/10/2026 12:52:40
52671,False,0.2094,0.235,0.2659,0.3026,0.3348,0.2645,0.1879,0.2244,0.2883,0.352,0.3868,0.2892,3163409,100.0,05/10/2026 12:52:59
52698,False,0.1916,0.2199,0.2503,0.2844,0.319,0.2539,0.1865,0.2188,0.2846,0.3405,0.3725,0.2817,3163508,100.0,05/10/2026 12:53:05
52710,False,0.1687,0.1899,0.2175,0.2473,0.2838,0.2272,0.0248,0.0574,0.1238,0.1901,0.2244,0.1181,3163607,100.0,05/10/2026 12:52:58
52736,False,0.1865,0.2129,0.2418,0.2743,0.3124,0.2435,0.1499,0.1865,0.2498,0.3107,0.3454,0.2965,3163706,100.0,05/10/2026 12:53:05
52752,False,0.1335,0.1521,0.176,0.2013,0.2316,0.1712,0.2039,0.2408,0.3042,0.3646,0.3955,0.3059,3163805,100.0,05/10/2026 12:53:02
52779,False,0.1721,0.1958,0.2235,0.254,0.2883,0.2329,0.0828,0.1247,0.1998,0.27,0.307,0.2339,3163904,100.0,05/10/2026 12:53:04
52795,False,0.2231,0.2506,0.2838,0.3214,0.3601,0.2833,0.2952,0.3316,0.3949,0.4527,0.4795,0.4044,3164001,100.0,05/10/2026 12:52:37
52817,False,0.2228,0.2515,0.2845,0.3192,0.3594,0.2844,0.1002,0.1406,0.2095,0.2767,0.308,0.2044,3164100,100.0,05/10/2026 12:52:42
52833,False,0.2822,0.3101,0.3499,0.3899,0.4301,0.3443,0.176,0.2058,0.2542,0.3007,0.3258,0.2525,3164209,100.0,05/10/2026 12:52:36
52850,False,0.181,0.2032,0.234,0.2649,0.3014,0.2414,0.3806,0.4077,0.4668,0.5221,0.5546,0.5182,3164308,100.0,05/10/2026 12:52:51
52876,False,0.1857,0.2106,0.2419,0.2739,0.3117,0.2429,0.0583,0.0922,0.1656,0.2302,0.2667,0.1993,3164407,100.0,05/10/2026 12:52:44
52892,False,0.2995,0.3314,0.369,0.4107,0.4529,0.366,0.1182,0.1484,0.2026,0.2525,0.2799,0.1983,3164506,100.0,05/10/2026 12:53:04
52914,False,0.1426,0.1611,0.1875,0.2147,0.2479,0.1848,0.0057,0.0222,0.077,0.1367,0.1694,0.0984,3164605,100.0,05/10/2026 12:52:40
52930,False,0.2135,0.2374,0.2709,0.3066,0.3437,0.2661,0.0192,0.0573,0.1443,0.2354,0.2798,0.2006,3164704,100.0,05/10/2026 12:52:59
52957,False,0.2664,0.2998,0.3366,0.3768,0.4183,0.3251,0.0031,0.0103,0.0525,0.1242,0.1678,0.0098,3164803,100.0,05/10/2026 12:53:06
52973,False,0.1385,0.1587,0.1835,0.2099,0.2437,0.1835,0.0607,0.1179,0.2125,0.3063,0.3548,0.2576,3164902,100.0,05/10/2026 12:53:05
52990,False,0.1547,0.173,0.1992,0.228,0.2615,0.1966,0.0033,0.0104,0.0542,0.1336,0.1786,0.0582,3165008,100.0,05/10/2026 12:52:55
53015,False,0.2032,0.2271,0.2587,0.2934,0.3339,0.251,0.0067,0.0216,0.0908,0.1813,0.2402,0.1367,3165107,100.0,05/10/2026 12:53:05
53031,False,0.1736,0.1956,0.2239,0.2549,0.2925,0.2253,0.1838,0.2281,0.2974,0.3599,0.3893,0.2953,3165206,100.0,05/10/2026 12:52:54
53058,False,0.2006,0.2264,0.2587,0.2917,0.334,0.2569,0.0027,0.011,0.0535,0.1193,0.1576,0.0358,3165305,100.0,05/10/2026 12:53:04
53074,False,0.1921,0.2176,0.248,0.2821,0.3201,0.2463,0.0541,0.0923,0.1641,0.2379,0.2715,0.2038,3165404,100.0,05/10/2026 12:52:45
53090,False,0.2118,0.2392,0.2729,0.3089,0.3467,0.2682,0.0033,0.0133,0.0654,0.1366,0.1773,0.0483,3165503,100.0,05/10/2026 12:52:38
53112,False,0.1856,0.2092,0.2383,0.2715,0.3053,0.2151,0.0236,0.0661,0.1517,0.2337,0.2792,0.1429,3165602,100.0,05/10/2026 12:53:04
53139,False,0.1767,0.2,0.2294,0.2602,0.2958,0.2354,0.1614,0.2014,0.2764,0.3443,0.3775,0.2731,3165701,100.0,05/10/2026 12:53:05
53155,False,0.1623,0.1851,0.212,0.2413,0.2741,0.2087,0.109,0.1508,0.2329,0.3116,0.3503,0.2667,3165800,100.0,05/10/2026 12:52:44
53171,False,0.2799,0.3113,0.3492,0.388,0.4307,0.3497,0.1825,0.2223,0.2879,0.3529,0.3883,0.2886,3165909,100.0,05/10/2026 12:52:40
53198,False,0.1911,0.2167,0.2469,0.2805,0.3185,0.2508,0.1903,0.2336,0.3056,0.374,0.4086,0.3075,3166006,100.0,05/10/2026 12:53:03
53210,False,0.2667,0.2983,0.3343,0.3735,0.4186,0.3246,0.0729,0.1258,0.2088,0.2926,0.3345,0.2017,3166105,100.0,05/10/2026 12:53:02
53236,False,0.1559,0.1749,0.2017,0.2299,0.2583,0.2004,0.0577,0.0974,0.1725,0.246,0.2803,0.1636,3166204,100.0,05/10/2026 12:53:02
53252,False,0.1567,0.1763,0.2032,0.2329,0.2623,0.2031,0.0029,0.0109,0.0508,0.1017,0.1303,0.0638,3166303,100.0,05/10/2026 12:52:42
53279,False,0.1912,0.2174,0.2489,0.2834,0.3152,0.2269,0.0028,0.0101,0.0561,0.1328,0.1736,0.0234,3166402,100.0,05/10/2026 12:53:03
53295,False,0.3219,0.3548,0.3956,0.4367,0.4841,0.3952,0.193,0.2353,0.3166,0.3938,0.4361,0.3207,3166501,100.0,05/10/2026 12:53:05
53317,False,0.2544,0.2833,0.3208,0.3576,0.4033,0.234,0.0165,0.0521,0.1599,0.2652,0.3224,0.1919,3166600,100.0,05/10/2026 12:53:04
53333,False,0.2183,0.2439,0.2768,0.3137,0.3527,0.2724,0.1398,0.1647,0.22,0.2729,0.2982,0.2171,3166709,100.0,05/10/2026 12:53:02
53350,False,0.1498,0.1685,0.1945,0.222,0.2525,0.2018,0.1546,0.1821,0.2386,0.2864,0.3178,0.268,3166808,100.0,05/10/2026 12:52:55
53376,False,0.1858,0.2094,0.2411,0.2744,0.3124,0.2479,0.0018,0.0074,0.0385,0.0922,0.1286,0.0361,3166907,100.0,05/10/2026 12:52:39
53392,False,0.1671,0.1907,0.2178,0.2491,0.2836,0.2045,0.0075,0.0316,0.1137,0.2016,0.246,0.1008,3167004,100.0,05/10/2026 12:53:04
53414,False,0.2758,0.3079,0.344,0.3825,0.4225,0.3413,0.3061,0.3367,0.3932,0.4407,0.4689,0.4006,3167103,100.0,05/10/2026 12:53:04
53430,False,0.1368,0.1595,0.183,0.21,0.2373,0.184,0.0485,0.0922,0.1761,0.2583,0.3001,0.2276,3167202,100.0,05/10/2026 12:52:45
53457,False,0.1538,0.1743,0.2004,0.2298,0.2587,0.17,0.0899,0.1373,0.222,0.3091,0.3488,0.219,3167301,100.0,05/10/2026 12:52:43
53473,False,0.1757,0.1994,0.2283,0.2589,0.2955,0.2336,0.0641,0.1078,0.188,0.2734,0.3158,0.2366,3167400,100.0,05/10/2026 12:53:05
53490,False,0.1477,0.1677,0.1921,0.2202,0.2494,0.1795,0.0048,0.0154,0.0696,0.1464,0.1887,0.0522,3167509,100.0,05/10/2026 12:52:55
53511,False,0.1788,0.2008,0.2308,0.2619,0.2968,0.2305,0.0015,0.0065,0.0335,0.0831,0.1133,0.0439,3167608,100.0,05/10/2026 12:53:02
53538,False,0.1651,0.1866,0.2129,0.244,0.279,0.215,0.002,0.0078,0.0442,0.1033,0.1392,0.0226,3167707,100.0,05/10/2026 12:53:05
53554,False,0.17,0.1936,0.2209,0.2534,0.2872,0.2216,0.0042,0.015,0.0773,0.1512,0.1854,0.1059,3167806,100.0,05/10/2026 12:53:04
53570,False,0.1624,0.185,0.2112,0.2405,0.2757,0.2156,0.0344,0.0665,0.142,0.2125,0.2528,0.1319,3167905,100.0,05/10/2026 12:52:52
53597,False,0.1816,0.204,0.2332,0.2647,0.3013,0.2441,0.1289,0.1549,0.2006,0.2463,0.2706,0.2278,3168002,100.0,05/10/2026 12:52:55
53619,False,0.1712,0.1955,0.2236,0.2543,0.2899,0.2035,0.366,0.4016,0.4633,0.5221,0.5523,0.5194,3168101,100.0,05/10/2026 12:52:52
53635,False,0.1913,0.216,0.247,0.2802,0.3172,0.2159,0.0024,0.0097,0.0528,0.1254,0.1673,0.0301,3168200,100.0,05/10/2026 12:52:38
53651,False,0.2188,0.2435,0.2765,0.313,0.3525,0.2632,0.0096,0.0326,0.1099,0.1899,0.2362,0.1508,3168309,100.0,05/10/2026 12:52:35
53678,False,0.1656,0.189,0.2145,0.245,0.2787,0.2282,0.0015,0.0062,0.0311,0.0735,0.098,0.0391,3168408,100.0,05/10/2026 12:52:43
53694,False,0.1506,0.1719,0.1978,0.2246,0.2589,0.201,0.1281,0.1643,0.2341,0.302,0.3359,0.229,3168507,100.0,05/10/2026 12:53:03
53716,False,0.2184,0.2462,0.28,0.3158,0.3535,0.2822,0.0013,0.0054,0.0287,0.0703,0.0935,0.0059,3168606,100.0,05/10/2026 12:53:02
53732,False,0.186,0.2084,0.2383,0.2708,0.3068,0.2383,0.0952,0.1301,0.1849,0.2419,0.2707,0.2209,3168705,100.0,05/10/2026 12:52:39
53759,False,0.1412,0.1608,0.1846,0.2131,0.2427,0.1915,0.0019,0.0073,0.0391,0.0905,0.12,0.0317,3168804,100.0,05/10/2026 12:52:43
53775,False,0.188,0.2143,0.2451,0.2785,0.3147,0.2455,0.3742,0.4011,0.4533,0.5035,0.5292,0.4947,3168903,100.0,05/10/2026 12:53:05
53791,False,0.1278,0.1461,0.1692,0.1948,0.2206,0.1721,0.0017,0.0062,0.0334,0.0802,0.1081,0.0158,3169000,100.0,05/10/2026 12:53:03
53813,False,0.1777,0.2033,0.232,0.2633,0.294,0.2443,0.198,0.2364,0.2998,0.3592,0.3923,0.343,3169109,100.0,05/10/2026 12:53:04
53830,False,0.1451,0.1654,0.1905,0.2184,0.2501,0.1958,0.0018,0.0065,0.0331,0.0755,0.0994,0.0058,3169208,100.0,05/10/2026 12:53:04
53856,False,0.2019,0.2245,0.2593,0.2935,0.3296,0.2638,0.0638,0.1045,0.179,0.2544,0.2914,0.227,3169307,100.0,05/10/2026 12:52:50
53872,False,0.1721,0.1923,0.2199,0.2493,0.2861,0.224,0.0022,0.008,0.0417,0.1036,0.1423,0.0296,3169406,100.0,05/10/2026 12:53:05
53899,False,0.2337,0.2639,0.2984,0.337,0.3726,0.2915,0.0029,0.0109,0.05,0.1045,0.1325,0.042,3169505,100.0,05/10/2026 12:53:02
53910,False,0.1874,0.2089,0.2398,0.2731,0.3091,0.247,0.0015,0.0051,0.0278,0.0657,0.0917,0.0108,3169604,100.0,05/10/2026 12:52:58
53937,False,0.1716,0.1923,0.2196,0.2505,0.2867,0.225,0.1932,0.2212,0.2756,0.3296,0.3568,0.2756,3169703,100.0,05/10/2026 12:52:40
53953,False,0.1661,0.1854,0.2143,0.2437,0.2786,0.2208,0.0117,0.0427,0.1186,0.1898,0.2321,0.1496,3169802,100.0,05/10/2026 12:53:03
53970,False,0.173,0.1969,0.225,0.2568,0.2892,0.2313,0.0016,0.0066,0.0342,0.0815,0.1104,0.0318,3169901,100.0,05/10/2026 12:53:00
53996,False,0.232,0.2593,0.2941,0.3313,0.3726,0.2815,0.4215,0.4425,0.4814,0.5158,0.5331,0.4891,3170008,100.0,05/10/2026 12:53:03
54011,False,0.1621,0.1859,0.2132,0.2446,0.278,0.2202,0.0067,0.0247,0.0953,0.1761,0.2124,0.1389,3170107,100.0,05/10/2026 12:52:55
54038,False,0.1595,0.179,0.2052,0.2348,0.2707,0.2102,0.0056,0.0179,0.0785,0.1525,0.1976,0.1158,3170206,100.0,05/10/2026 12:53:02
54054,False,0.2278,0.2584,0.294,0.3308,0.3715,0.2887,0.1521,0.191,0.2619,0.3292,0.3607,0.2606,3170305,100.0,05/10/2026 12:52:45
54070,False,0.1827,0.2026,0.2315,0.2641,0.2999,0.2359,0.2293,0.2625,0.3219,0.383,0.415,0.376,3170404,100.0,05/10/2026 12:52:51
54097,False,0.1948,0.2174,0.2494,0.2835,0.3191,0.2484,0.1511,0.1828,0.2362,0.2864,0.3163,0.2326,3170503,100.0,05/10/2026 12:53:06
54119,False,0.2555,0.2822,0.3191,0.3567,0.3981,0.2946,0.126,0.1668,0.2432,0.319,0.3655,0.2769,3170602,100.0,05/10/2026 12:52:54
54135,False,0.1689,0.193,0.221,0.2511,0.285,0.2364,0.0865,0.1228,0.201,0.2728,0.3172,0.254,3170701,100.0,05/10/2026 12:52:59
54151,False,0.2101,0.2361,0.2677,0.3051,0.3429,0.266,0.0012,0.0055,0.0325,0.0796,0.1112,0.0403,3170800,100.0,05/10/2026 12:53:01
54178,False,0.2399,0.2675,0.3037,0.3418,0.3796,0.3055,0.433,0.4498,0.4794,0.5077,0.5215,0.4858,3170909,100.0,05/10/2026 12:53:02
54194,False,0.2012,0.2292,0.2613,0.2951,0.3343,0.2542,0.004,0.015,0.0726,0.1466,0.1929,0.1061,3171006,100.0,05/10/2026 12:52:50
54216,False,0.1552,0.1784,0.2048,0.2336,0.2662,0.2047,0.0108,0.0395,0.1287,0.2165,0.2649,0.1643,3172202,100.0,05/10/2026 12:52:56
54232,False,0.206,0.2322,0.2631,0.2961,0.3343,0.2641,0.0029,0.0108,0.0548,0.1286,0.1651,0.0294,3171105,100.0,05/10/2026 12:52:51
54259,False,0.1523,0.1726,0.1984,0.2268,0.2593,0.1967,0.0029,0.0099,0.053,0.1256,0.1633,0.0812,3171204,100.0,05/10/2026 12:52:52
54275,False,0.1688,0.1927,0.2184,0.2504,0.2855,0.2292,0.2033,0.2389,0.3124,0.381,0.4163,0.316,3171303,100.0,05/10/2026 12:52:39
54291,False,0.1604,0.1865,0.2134,0.2431,0.2733,0.1932,0.0052,0.0244,0.0866,0.1513,0.1865,0.0777,3171402,100.0,05/10/2026 12:52:39
54313,False,0.2239,0.2528,0.2857,0.3207,0.3677,0.2707,0.0446,0.0784,0.14,0.1958,0.2264,0.1352,3171501,100.0,05/10/2026 12:53:03
54330,False,0.2635,0.2942,0.3322,0.3713,0.4151,0.3299,0.2788,0.3053,0.3473,0.3891,0.4087,0.3502,3171600,100.0,05/10/2026 12:53:01
54356,False,0.1569,0.178,0.2039,0.2318,0.2657,0.2082,0.002,0.0075,0.0424,0.0987,0.1334,0.0079,3171709,100.0,05/10/2026 12:52:40
54372,False,0.2426,0.2701,0.3044,0.3442,0.3876,0.3093,0.0599,0.1071,0.1982,0.2944,0.3348,0.1887,3171808,100.0,05/10/2026 12:52:50
54399,False,0.236,0.2644,0.2984,0.336,0.3826,0.2967,0.2777,0.3094,0.3679,0.4286,0.4544,0.3754,3171907,100.0,05/10/2026 12:53:05
54410,False,0.1578,0.1776,0.206,0.2366,0.2688,0.2126,0.0103,0.032,0.0875,0.1442,0.1709,0.0731,3172004,100.0,05/10/2026 12:52:39
54437,False,0.2437,0.272,0.3075,0.3443,0.3838,0.2977,0.099,0.1391,0.2061,0.2708,0.3042,0.2023,3172103,100.0,05/10/2026 12:52:45
54453,False,0.193,0.2153,0.246,0.2792,0.3179,0.2498,0.0587,0.108,0.1956,0.2774,0.3285,0.2502,3133758,100.0,05/10/2026 12:52:59
55000,False,0.2998,0.3289,0.3691,0.4088,0.4549,0.3728,0.0879,0.111,0.1596,0.2086,0.2371,0.1846,5006002,100.0,05/10/2026 12:52:14
55018,False,0.2,0.2284,0.261,0.2954,0.3359,0.2579,0.0142,0.045,0.1239,0.2073,0.248,0.1606,5000252,100.0,05/10/2026 12:52:14
55026,False,0.1884,0.2106,0.2402,0.2739,0.3108,0.2398,0.2288,0.2549,0.3036,0.3529,0.3789,0.3252,5005251,100.0,05/10/2026 12:52:17
55034,False,0.2087,0.2348,0.2679,0.302,0.3408,0.2552,0.3166,0.3392,0.383,0.4255,0.4446,0.3854,5004809,100.0,05/10/2026 12:52:17
55042,False,0.1777,0.2046,0.2325,0.2648,0.3005,0.2303,0.0048,0.021,0.0822,0.1463,0.1843,0.1012,5006259,100.0,05/10/2026 12:52:13
55050,False,0.2405,0.2655,0.3013,0.3382,0.3788,0.2918,0.4118,0.439,0.4914,0.537,0.5583,0.5254,5006275,100.0,05/10/2026 12:52:15
55069,False,0.2,0.2266,0.2592,0.2959,0.3329,0.2559,0.0278,0.0724,0.1534,0.2379,0.284,0.1848,5003900,100.0,05/10/2026 12:52:13
90034,False,0.2899,0.3229,0.3623,0.4035,0.4478,0.3633,0.201,0.2248,0.2735,0.3221,0.3454,0.3042,5000203,100.0,05/10/2026 12:52:14
90115,False,0.2555,0.2887,0.3255,0.3643,0.4011,0.3331,0.1356,0.1551,0.1918,0.2314,0.2509,0.213,5000609,100.0,05/10/2026 12:52:14
90131,False,0.2341,0.2622,0.2968,0.3336,0.3723,0.294,0.0808,0.1077,0.153,0.2003,0.2266,0.1769,5000708,100.0,05/10/2026 12:52:18
90158,False,0.2083,0.2368,0.2694,0.3052,0.3389,0.265,0.0053,0.0227,0.0826,0.1472,0.1816,0.107,5000807,100.0,05/10/2026 12:52:12
90174,False,0.2039,0.2294,0.2611,0.2942,0.3328,0.2618,0.1729,0.1992,0.2462,0.296,0.3224,0.2711,5000906,100.0,05/10/2026 12:52:18
90190,False,0.2217,0.2476,0.282,0.3183,0.3588,0.2984,0.1602,0.1866,0.2385,0.2931,0.3225,0.2753,5001003,100.0,05/10/2026 12:52:15
90212,False,0.2585,0.285,0.3227,0.3608,0.4015,0.3172,0.004,0.0124,0.0513,0.0963,0.1213,0.07,5001102,100.0,05/10/2026 12:52:18
90298,False,0.2336,0.2605,0.2946,0.3309,0.3712,0.2812,0.1103,0.1431,0.2068,0.2711,0.3004,0.2421,5001508,100.0,05/10/2026 12:52:14
90379,False,0.2368,0.2632,0.2994,0.3367,0.3759,0.3044,0.0956,0.125,0.1785,0.2327,0.2643,0.2095,5001904,100.0,05/10/2026 12:52:15
90395,False,0.232,0.2589,0.2914,0.3301,0.3722,0.2969,0.0693,0.0967,0.1453,0.1969,0.2259,0.1671,5002001,100.0,05/10/2026 12:52:18
90417,False,0.2307,0.2604,0.2956,0.3322,0.3749,0.2966,0.1615,0.1835,0.2244,0.2635,0.2846,0.245,5002100,100.0,05/10/2026 12:52:18
90433,False,0.2256,0.2515,0.2853,0.3211,0.3595,0.2884,0.2183,0.2437,0.2908,0.3397,0.3699,0.3276,5002209,100.0,05/10/2026 12:52:13
90450,False,0.2736,0.3048,0.3426,0.379,0.4218,0.3448,0.2112,0.2398,0.2892,0.3405,0.3672,0.3225,5002308,100.0,05/10/2026 12:52:13
90492,False,0.221,0.2457,0.2795,0.314,0.3589,0.2714,0.1831,0.2087,0.2574,0.3028,0.3277,0.2839,5002605,100.0,05/10/2026 12:52:13
90514,False,0.1636,0.1853,0.2124,0.2444,0.2754,0.2219,0.1378,0.1707,0.2372,0.3057,0.3369,0.2888,5002704,100.0,05/10/2026 12:52:19
90530,False,0.2114,0.2348,0.2676,0.3013,0.3406,0.253,0.184,0.2115,0.2609,0.3139,0.3428,0.2816,5002803,100.0,05/10/2026 12:52:15
90557,False,0.224,0.2516,0.2868,0.3221,0.3615,0.2918,0.239,0.2593,0.2964,0.3347,0.3535,0.3215,5002407,100.0,05/10/2026 12:52:18
90573,False,0.225,0.2488,0.2827,0.319,0.359,0.2957,0.2631,0.2938,0.352,0.4083,0.4389,0.4025,5002902,100.0,05/10/2026 12:52:13
90611,False,0.2401,0.2703,0.3054,0.342,0.3857,0.2756,0.0203,0.0513,0.1239,0.1968,0.233,0.1525,5003108,100.0,05/10/2026 12:52:12
90638,False,0.2059,0.2331,0.2645,0.2998,0.3378,0.2639,0.0015,0.0059,0.0314,0.074,0.0969,0.0466,5003207,100.0,05/10/2026 12:52:17
90654,False,0.2331,0.2579,0.293,0.3296,0.3681,0.2939,0.1046,0.1278,0.1724,0.2207,0.2466,0.199,5003306,100.0,05/10/2026 12:52:16
90735,False,0.1626,0.1822,0.2099,0.2382,0.2723,0.2231,0.2026,0.2334,0.2837,0.3361,0.3668,0.3252,5003702,100.0,05/10/2026 12:52:19
90751,False,0.175,0.1973,0.2247,0.2568,0.2879,0.2398,0.07,0.0961,0.1479,0.2032,0.2349,0.1776,5003801,100.0,05/10/2026 12:52:15
90794,False,0.1964,0.2209,0.253,0.2857,0.3228,0.257,0.0907,0.1212,0.1768,0.2292,0.2567,0.2014,5004007,100.0,05/10/2026 12:52:18
90816,False,0.2348,0.2639,0.2983,0.3356,0.3678,0.2962,0.1242,0.1474,0.196,0.2467,0.276,0.2175,5004106,100.0,05/10/2026 12:52:13
90859,False,0.2502,0.28,0.3154,0.3526,0.4003,0.3215,0.2008,0.2244,0.2729,0.3198,0.3449,0.2998,5004304,100.0,05/10/2026 12:52:15
90875,False,0.3219,0.355,0.3966,0.4398,0.4812,0.3835,0.1737,0.1986,0.2525,0.3068,0.3434,0.285,5004403,100.0,05/10/2026 12:52:13
90891,False,0.1452,0.1627,0.1881,0.2158,0.2484,0.2001,0.2817,0.3046,0.3472,0.3884,0.4114,0.378,5004502,100.0,05/10/2026 12:52:14
90930,False,0.219,0.2441,0.2794,0.3139,0.3529,0.2875,0.2284,0.2539,0.3015,0.3512,0.3774,0.339,5004700,100.0,05/10/2026 12:52:18
90972,False,0.2317,0.2587,0.2926,0.3295,0.3696,0.2787,0.0039,0.0133,0.0599,0.1285,0.165,0.0836,5004908,100.0,05/10/2026 12:52:13
90999,False,0.2305,0.26,0.2949,0.3318,0.3701,0.299,0.2341,0.2556,0.2992,0.3417,0.3614,0.3289,5005004,100.0,05/10/2026 12:52:13
91014,False,0.2251,0.2492,0.2844,0.3209,0.3586,0.2467,0.0427,0.0712,0.1254,0.181,0.2119,0.1423,5005103,100.0,05/10/2026 12:52:15
91030,False,0.2124,0.237,0.2691,0.3043,0.3445,0.2709,0.0015,0.0074,0.0407,0.0887,0.1137,0.055,5005202,100.0,05/10/2026 12:52:16
91073,False,0.1828,0.2081,0.2372,0.2696,0.3097,0.2496,0.4157,0.4358,0.4697,0.5037,0.5198,0.5027,5005400,100.0,05/10/2026 12:52:17
91111,False,0.2529,0.2825,0.319,0.355,0.397,0.303,0.0695,0.0907,0.131,0.1676,0.1877,0.1245,5005608,100.0,05/10/2026 12:52:17
91138,False,0.2185,0.2461,0.2778,0.3144,0.3533,0.2871,0.2607,0.2835,0.3287,0.3746,0.3975,0.3655,5005707,100.0,05/10/2026 12:52:14
91154,False,0.2046,0.2306,0.2631,0.2983,0.3372,0.2552,0.0455,0.0681,0.1115,0.1544,0.1776,0.1249,5005806,100.0,05/10/2026 12:52:19
91235,False,0.2452,0.2741,0.3101,0.347,0.3861,0.3193,0.1503,0.1792,0.2309,0.2807,0.3092,0.2637,5006200,100.0,05/10/2026 12:52:17
91251,False,0.207,0.2343,0.2656,0.3014,0.3381,0.2847,0.1096,0.1387,0.1935,0.251,0.2815,0.2296,5006309,100.0,05/10/2026 12:52:16
91278,False,0.2015,0.2281,0.2603,0.2921,0.3336,0.261,0.0705,0.0973,0.1503,0.2019,0.2285,0.1687,5006408,100.0,05/10/2026 12:52:15
91316,False,0.2147,0.2407,0.2726,0.3105,0.3498,0.2787,0.2235,0.2507,0.2951,0.3398,0.3652,0.3301,5006606,100.0,05/10/2026 12:52:19
91375,False,0.3135,0.3451,0.3865,0.4278,0.4762,0.3613,0.0103,0.0321,0.0792,0.1272,0.1548,0.0942,5006903,100.0,05/10/2026 12:52:18
91413,False,0.2649,0.2943,0.333,0.3693,0.4133,0.3381,0.1198,0.1456,0.1976,0.25,0.2814,0.2282,5007109,100.0,05/10/2026 12:52:15
91430,False,0.2031,0.2302,0.2613,0.2967,0.3299,0.2706,0.2094,0.2343,0.2726,0.313,0.336,0.3002,5007208,100.0,05/10/2026 12:52:15
91456,False,0.1927,0.2199,0.2497,0.2832,0.3194,0.2446,0.0654,0.1031,0.1652,0.2253,0.2582,0.1873,5007307,100.0,05/10/2026 12:52:14
91472,False,0.2168,0.2398,0.2726,0.3094,0.3394,0.275,0.1609,0.1878,0.2332,0.2773,0.3041,0.2592,5007406,100.0,05/10/2026 12:52:13
91499,False,0.2326,0.2624,0.2983,0.3349,0.3766,0.2812,0.1362,0.1664,0.2324,0.3006,0.3301,0.2671,5007505,100.0,05/10/2026 12:52:14
91570,False,0.2374,0.2677,0.3025,0.3406,0.3802,0.3,0.0896,0.1137,0.1595,0.2056,0.2325,0.1845,5007901,100.0,05/10/2026 12:52:13
91596,False,0.1982,0.2252,0.2569,0.2893,0.3275,0.2464,0.0065,0.0226,0.0745,0.1348,0.1651,0.0982,5008008,100.0,05/10/2026 12:52:15
91650,False,0.2111,0.2396,0.2724,0.3074,0.3452,0.2892,0.1376,0.1695,0.2247,0.2814,0.3095,0.2644,5008305,100.0,05/10/2026 12:52:14
91693,False,0.2229,0.2549,0.2882,0.3228,0.3581,0.2974,0.0185,0.0475,0.1122,0.1747,0.2069,0.1391,5000856,100.0,05/10/2026 12:52:18
91715,False,0.2056,0.2295,0.262,0.2971,0.3345,0.249,0.0996,0.1211,0.1628,0.2047,0.2295,0.1746,5001243,100.0,05/10/2026 12:52:18
91731,False,0.2502,0.2784,0.3132,0.352,0.3914,0.3257,0.1943,0.2228,0.2728,0.3213,0.3467,0.3007,5003751,100.0,05/10/2026 12:52:17
91758,False,0.1973,0.2234,0.2547,0.2877,0.3258,0.2599,0.0767,0.1084,0.158,0.2096,0.2343,0.1827,5003454,100.0,05/10/2026 12:52:18
91782,False,0.1953,0.2202,0.2521,0.2848,0.3206,0.2668,0.4106,0.4349,0.4758,0.5143,0.5375,0.5188,5002951,100.0,05/10/2026 12:52:12
91790,False,0.2187,0.2452,0.2794,0.3124,0.3507,0.2933,0.2152,0.2388,0.2841,0.3307,0.3568,0.3115,5005681,100.0,05/10/2026 12:52:13
91804,False,0.2129,0.2397,0.2718,0.3061,0.3412,0.2666,0.1067,0.1339,0.1807,0.228,0.2511,0.1758,5003488,100.0,05/10/2026 12:52:18
91820,False,0.241,0.2712,0.3067,0.3439,0.3831,0.3024,0.0073,0.0197,0.065,0.1171,0.1481,0.0794,5005152,100.0,05/10/2026 12:52:16
91847,False,0.2956,0.3276,0.3662,0.4086,0.4489,0.3652,0.0435,0.0681,0.1086,0.1465,0.1675,0.1022,5006358,100.0,05/10/2026 12:52:17
91863,False,0.3075,0.3392,0.3759,0.4173,0.4561,0.366,0.1161,0.15,0.2199,0.286,0.3165,0.2567,5007554,100.0,05/10/2026 12:52:14
91880,False,0.1886,0.2147,0.2458,0.2777,0.3158,0.2557,0.1408,0.1646,0.2114,0.2578,0.2867,0.2347,5007935,100.0,05/10/2026 12:52:16
91901,False,0.1651,0.1896,0.2184,0.2488,0.2827,0.2174,0.0024,0.0078,0.0416,0.0966,0.1274,0.0166,5008404,100.0,05/10/2026 12:52:15
98019,False,0.22,0.2476,0.2793,0.3154,0.3548,0.2634,0.0219,0.0517,0.1152,0.1757,0.2105,0.1397,5002159,100.0,05/10/2026 12:52:15
98035,False,0.2338,0.261,0.2968,0.3332,0.3708,0.3075,0.2606,0.2857,0.3306,0.3798,0.4082,0.3701,5003256,100.0,05/10/2026 12:52:12
98051,False,0.1345,0.154,0.1781,0.2034,0.2329,0.1779,0.197,0.2243,0.2764,0.3262,0.3569,0.2971,5003504,100.0,05/10/2026 12:52:17
98078,False,0.2705,0.3008,0.3368,0.3746,0.4197,0.3348,0.0018,0.0061,0.0329,0.0761,0.1033,0.0425,5004601,100.0,05/10/2026 12:52:19
98094,False,0.2025,0.2289,0.2613,0.2968,0.3289,0.2717,0.3722,0.3952,0.4388,0.4811,0.5035,0.4828,5007695,100.0,05/10/2026 12:52:16
98116,False,0.2442,0.2797,0.3154,0.3532,0.3946,0.3014,0.0014,0.0056,0.0317,0.0801,0.1075,0.0124,5007802,100.0,05/10/2026 12:52:17
98132,False,0.2177,0.2477,0.28,0.316,0.3542,0.285,0.2812,0.3019,0.3469,0.387,0.4081,0.3671,5007703,100.0,05/10/2026 12:52:15
98159,False,0.2955,0.327,0.3659,0.4061,0.4487,0.3625,0.1326,0.1602,0.2118,0.2642,0.2852,0.21,5007950,100.0,05/10/2026 12:52:13
98175,False,0.218,0.2446,0.2778,0.314,0.3598,0.277,0.0017,0.0058,0.0321,0.0746,0.1049,0.0115,5007976,100.0,05/10/2026 12:52:14
98590,False,0.1604,0.1843,0.2119,0.2427,0.2746,0.2021,0.0083,0.0266,0.0636,0.1033,0.1239,0.0747,5003157,100.0,05/10/2026 12:52:17
73709,False,0.2077,0.2354,0.2684,0.3038,0.341,0.2687,0.3559,0.3894,0.4463,0.5017,0.5342,0.4919,5101837,100.0,05/10/2026 12:52:18
89788,False,0.217,0.2452,0.2776,0.3127,0.3527,0.2913,0.516,0.5315,0.562,0.592,0.6089,0.5968,5103254,100.0,05/10/2026 12:52:18
89796,False,0.1738,0.195,0.2236,0.2559,0.2895,0.238,0.5805,0.5999,0.6304,0.6602,0.6795,0.674,5103205,100.0,05/10/2026 12:52:15
89800,False,0.1554,0.1753,0.2027,0.2327,0.2651,0.203,0.2261,0.2497,0.3068,0.3615,0.389,0.3309,5103437,100.0,05/10/2026 12:52:15
89818,False,0.1849,0.2074,0.2373,0.2695,0.3069,0.2381,0.0057,0.0212,0.0828,0.1543,0.1958,0.107,5106208,100.0,05/10/2026 12:52:17
89826,False,0.1966,0.2207,0.251,0.2846,0.3193,0.253,0.4043,0.4312,0.4837,0.5347,0.5608,0.5143,5106190,100.0,05/10/2026 12:52:14
89834,False,0.2124,0.2391,0.2725,0.3082,0.3432,0.273,0.3955,0.4125,0.4481,0.4815,0.5008,0.4782,5106307,100.0,05/10/2026 12:52:15
89843,False,0.2209,0.2482,0.2826,0.3183,0.3543,0.2766,0.1656,0.2029,0.2709,0.3405,0.3728,0.2975,5107792,100.0,05/10/2026 12:52:17
89850,False,0.1677,0.1934,0.2201,0.2509,0.285,0.2443,0.5188,0.5373,0.5688,0.6019,0.6204,0.615,5107909,100.0,05/10/2026 12:52:16
89877,False,0.1798,0.2034,0.2331,0.2636,0.3007,0.2481,0.4174,0.4365,0.4691,0.5019,0.5213,0.5039,5100250,100.0,05/10/2026 12:52:17
89893,False,0.174,0.1971,0.2254,0.2562,0.2913,0.2352,0.4248,0.4464,0.4837,0.5223,0.5382,0.5186,5101258,100.0,05/10/2026 12:52:15
89915,False,0.2117,0.2364,0.2697,0.3055,0.344,0.2765,0.4397,0.4618,0.5015,0.5407,0.559,0.5314,5105002,100.0,05/10/2026 12:52:17
89931,False,0.1733,0.1948,0.2232,0.2536,0.2896,0.2355,0.3666,0.3835,0.419,0.455,0.4718,0.4449,5107107,100.0,05/10/2026 12:52:19
89958,False,0.179,0.2012,0.2299,0.2605,0.2971,0.2342,0.1167,0.1514,0.2213,0.2872,0.324,0.2519,5107206,100.0,05/10/2026 12:52:15
89960,False,0.2174,0.2453,0.2786,0.3139,0.3529,0.2739,0.083,0.1206,0.1854,0.2488,0.2826,0.2013,5107578,100.0,05/10/2026 12:52:17
89974,False,0.1776,0.1993,0.2293,0.2606,0.2988,0.2343,0.2817,0.3139,0.3713,0.4273,0.4559,0.3945,5107750,100.0,05/10/2026 12:52:19
89990,False,0.2075,0.2333,0.2659,0.3003,0.3437,0.272,0.5265,0.5442,0.5744,0.6071,0.622,0.6163,5106752,100.0,05/10/2026 12:52:19
90018,False,0.1826,0.2074,0.236,0.269,0.3059,0.1869,0.0015,0.0051,0.0295,0.0691,0.092,0.0156,5100102,100.0,05/10/2026 12:52:15
90026,False,0.1749,0.1975,0.227,0.2584,0.2965,0.2246,0.0714,0.1089,0.1842,0.257,0.2949,0.2107,5107297,100.0,05/10/2026 12:52:15
90042,False,0.1862,0.2104,0.2411,0.2729,0.311,0.2377,0.4406,0.4671,0.5152,0.5612,0.5844,0.5505,5100359,100.0,05/10/2026 12:52:18
90050,False,0.1933,0.2226,0.2531,0.2873,0.3275,0.2528,0.2307,0.2634,0.3238,0.3848,0.4219,0.3711,5100300,100.0,05/10/2026 12:52:17
90069,False,0.2088,0.2353,0.2672,0.3025,0.337,0.2688,0.469,0.4872,0.5187,0.5494,0.5666,0.5538,5107065,100.0,05/10/2026 12:52:14
90077,False,0.1717,0.1954,0.2239,0.2553,0.2916,0.2382,0.2578,0.283,0.33,0.3747,0.3963,0.3596,5100409,100.0,05/10/2026 12:52:17
90085,False,0.2293,0.2578,0.2928,0.3308,0.3669,0.2962,0.3661,0.3938,0.4405,0.49,0.5158,0.4723,5102694,100.0,05/10/2026 12:52:19
90093,False,0.2126,0.2378,0.2706,0.3074,0.3466,0.249,0.0321,0.0597,0.1129,0.1668,0.1962,0.1075,5100508,100.0,05/10/2026 12:52:16
90107,False,0.139,0.1583,0.1811,0.2075,0.2391,0.187,0.5177,0.5415,0.5849,0.6244,0.6487,0.6218,5107248,100.0,05/10/2026 12:52:20
90123,False,0.2294,0.2578,0.2928,0.3288,0.3682,0.2965,0.4501,0.4704,0.5122,0.5526,0.5708,0.5329,5108907,100.0,05/10/2026 12:52:19
90140,False,0.1756,0.2012,0.2303,0.2619,0.3031,0.2449,0.2911,0.3169,0.371,0.422,0.4481,0.395,5108808,100.0,05/10/2026 12:52:18
90166,False,0.2074,0.2313,0.2654,0.2991,0.3343,0.2548,0.1686,0.2048,0.2707,0.3335,0.3649,0.2949,5108857,100.0,05/10/2026 12:52:20
90182,False,0.1726,0.1951,0.224,0.2555,0.292,0.2153,0.0678,0.0994,0.1615,0.2213,0.2491,0.1586,5106851,100.0,05/10/2026 12:52:14
90204,False,0.1628,0.185,0.2119,0.2412,0.2768,0.222,0.3302,0.3578,0.418,0.478,0.5055,0.4448,5103957,100.0,05/10/2026 12:52:18
90220,False,0.2154,0.2446,0.2776,0.3141,0.3512,0.2826,0.5278,0.5456,0.5788,0.6121,0.6289,0.6092,5107941,100.0,05/10/2026 12:52:14
90239,False,0.2031,0.229,0.2603,0.2967,0.3311,0.2362,0.0059,0.0206,0.0962,0.1939,0.2407,0.1091,5101209,100.0,05/10/2026 12:52:18
90247,False,0.2721,0.3016,0.3387,0.3797,0.4198,0.3301,0.2236,0.2533,0.305,0.3577,0.3844,0.3308,5107354,100.0,05/10/2026 12:52:19
90255,False,0.1722,0.1957,0.2227,0.2536,0.2892,0.2204,0.1534,0.1817,0.2363,0.2896,0.3187,0.2656,5101308,100.0,05/10/2026 12:52:20
90263,False,0.2025,0.2291,0.2613,0.2946,0.3337,0.2617,0.3483,0.3708,0.4132,0.4564,0.4748,0.4386,5100805,100.0,05/10/2026 12:52:17
90271,False,0.252,0.2823,0.3189,0.3566,0.4049,0.3333,0.5115,0.5301,0.5626,0.5942,0.6119,0.6009,5101407,100.0,05/10/2026 12:52:16
90280,False,0.1959,0.2223,0.2526,0.2858,0.3227,0.2529,0.4525,0.4712,0.5044,0.5368,0.5556,0.5413,5103353,100.0,05/10/2026 12:52:19
90301,False,0.182,0.2045,0.2348,0.2655,0.3025,0.2269,0.0258,0.0586,0.126,0.1927,0.228,0.1487,5105234,100.0,05/10/2026 12:52:19
90310,False,0.1924,0.218,0.2485,0.2811,0.3158,0.1944,0.13,0.1593,0.2126,0.2657,0.2912,0.2095,5101605,100.0,05/10/2026 12:52:17
90328,False,0.196,0.2226,0.2534,0.288,0.325,0.2383,0.178,0.2115,0.2845,0.3533,0.3916,0.3148,5107263,100.0,05/10/2026 12:52:16
90336,False,0.1819,0.2025,0.2312,0.2636,0.2995,0.2344,0.0175,0.044,0.0907,0.14,0.1666,0.1132,5101704,100.0,05/10/2026 12:52:19
90344,False,0.1858,0.2091,0.238,0.2709,0.3109,0.2609,0.0061,0.0228,0.0887,0.1645,0.2049,0.1118,5106455,100.0,05/10/2026 12:52:20
90352,False,0.1872,0.2137,0.2432,0.2762,0.316,0.2511,0.166,0.1934,0.2465,0.2985,0.3285,0.284,5101803,100.0,05/10/2026 12:52:19
90360,False,0.1685,0.1927,0.2231,0.2543,0.2862,0.2352,0.4161,0.4436,0.4872,0.5311,0.5533,0.5247,5108956,100.0,05/10/2026 12:52:18
90387,False,0.2032,0.231,0.263,0.2974,0.3391,0.2715,0.6251,0.6387,0.6625,0.6868,0.6983,0.6881,5106158,100.0,05/10/2026 12:52:15
90409,False,0.1727,0.1973,0.225,0.2568,0.2924,0.2144,0.0753,0.1049,0.1619,0.219,0.2473,0.1773,5107404,100.0,05/10/2026 12:52:15
90425,False,0.1765,0.201,0.2321,0.2631,0.3046,0.2427,0.3961,0.4195,0.4586,0.4987,0.5192,0.49,5103379,100.0,05/10/2026 12:52:19
90441,False,0.1791,0.2022,0.2314,0.2638,0.3001,0.2135,0.032,0.071,0.1592,0.2471,0.2973,0.2023,5107198,100.0,05/10/2026 12:52:19
90468,False,0.2209,0.2482,0.2827,0.3185,0.3596,0.2927,0.4438,0.4598,0.4894,0.52,0.5354,0.5145,5101902,100.0,05/10/2026 12:52:14
90476,False,0.1929,0.2201,0.2494,0.2827,0.32,0.258,0.02,0.0436,0.09,0.1396,0.1673,0.1133,5102504,100.0,05/10/2026 12:52:17
90484,False,0.1867,0.2094,0.2396,0.2722,0.3086,0.2546,0.4093,0.4276,0.4622,0.497,0.5169,0.4991,5102637,100.0,05/10/2026 12:52:19
90506,False,0.1819,0.2081,0.2385,0.2702,0.3075,0.2416,0.378,0.401,0.4455,0.4861,0.5118,0.488,5102678,100.0,05/10/2026 12:52:18
90522,False,0.1541,0.1741,0.2015,0.2305,0.2615,0.2168,0.4987,0.5165,0.5503,0.5842,0.6033,0.581,5103056,100.0,05/10/2026 12:52:18
90549,False,0.2057,0.2271,0.2594,0.2948,0.3349,0.2612,0.344,0.3684,0.415,0.4597,0.4805,0.4441,5102850,100.0,05/10/2026 12:52:18
90565,False,0.1907,0.2124,0.2424,0.2754,0.3082,0.2007,0.0033,0.0149,0.0608,0.1137,0.1404,0.0505,5104906,100.0,05/10/2026 12:52:14
90581,False,0.2196,0.2452,0.2797,0.3146,0.3473,0.2893,0.4196,0.4407,0.4797,0.5157,0.5353,0.5076,5105176,100.0,05/10/2026 12:52:19
90590,False,0.2072,0.2307,0.2628,0.2969,0.3347,0.2441,0.0017,0.0087,0.0449,0.0931,0.1204,0.0632,5103007,100.0,05/10/2026 12:52:16
90603,False,0.1774,0.202,0.2323,0.2628,0.3012,0.2431,0.4692,0.4857,0.5194,0.5555,0.5727,0.561,5105259,100.0,05/10/2026 12:52:18
90620,False,0.1902,0.2113,0.2408,0.2746,0.3118,0.2498,0.5321,0.549,0.577,0.6088,0.627,0.6135,5105606,100.0,05/10/2026 12:52:19
90646,False,0.1665,0.1901,0.2187,0.2499,0.2821,0.2274,0.4895,0.5099,0.5462,0.5815,0.6036,0.5907,5106224,100.0,05/10/2026 12:52:19
90662,False,0.2019,0.2264,0.2579,0.292,0.3325,0.2544,0.3677,0.3868,0.4287,0.4674,0.4904,0.4552,5107180,100.0,05/10/2026 12:52:17
90670,False,0.1475,0.1696,0.194,0.2214,0.2559,0.1973,0.1148,0.1499,0.2128,0.2784,0.3129,0.2574,5103403,100.0,05/10/2026 12:52:18
90689,False,0.1648,0.1878,0.2162,0.2477,0.2808,0.2285,0.548,0.5654,0.5967,0.6248,0.6396,0.6267,5108006,100.0,05/10/2026 12:52:16
90697,False,0.1985,0.226,0.2566,0.2902,0.3321,0.2557,0.2908,0.3106,0.3488,0.3856,0.4058,0.3765,5103502,100.0,05/10/2026 12:52:16
90700,False,0.1618,0.1808,0.208,0.2373,0.2714,0.2051,0.1124,0.1558,0.238,0.307,0.3406,0.2785,5106653,100.0,05/10/2026 12:52:18
90719,False,0.1707,0.1938,0.2229,0.2545,0.2858,0.2139,0.1919,0.2205,0.2776,0.3335,0.3613,0.3093,5103601,100.0,05/10/2026 12:52:14
90727,False,0.2134,0.2403,0.2742,0.3097,0.3489,0.2872,0.4073,0.4266,0.4621,0.5003,0.5193,0.497,5107875,100.0,05/10/2026 12:52:20
90743,False,0.2277,0.2512,0.2865,0.3232,0.3657,0.2855,0.4268,0.4486,0.49,0.532,0.55,0.5224,5102686,100.0,05/10/2026 12:52:15
90760,False,0.206,0.2307,0.2641,0.2974,0.3363,0.2724,0.1797,0.2066,0.2579,0.3064,0.3298,0.2847,5102793,100.0,05/10/2026 12:52:19
90778,False,0.2525,0.285,0.3193,0.3575,0.4033,0.2937,0.0047,0.0185,0.0743,0.1336,0.1707,0.0949,5103908,100.0,05/10/2026 12:52:19
90786,False,0.202,0.228,0.2599,0.2938,0.3345,0.2663,0.3437,0.3694,0.4112,0.4521,0.476,0.4344,5103700,100.0,05/10/2026 12:52:20
90808,False,0.1999,0.2269,0.2584,0.2929,0.3309,0.2683,0.4369,0.4569,0.4945,0.5325,0.5514,0.519,5106265,100.0,05/10/2026 12:52:19
90824,False,0.2089,0.2348,0.2669,0.3014,0.3383,0.2767,0.2812,0.3029,0.3466,0.3901,0.4127,0.3686,5103858,100.0,05/10/2026 12:52:14
90832,False,0.185,0.2075,0.2376,0.2699,0.3069,0.2354,0.0729,0.1031,0.164,0.2232,0.2565,0.1951,5104203,100.0,05/10/2026 12:52:19
90840,False,0.2138,0.2394,0.2724,0.3074,0.3464,0.2808,0.3946,0.4197,0.4681,0.5127,0.5358,0.4862,5108303,100.0,05/10/2026 12:52:20
90867,False,0.2651,0.2963,0.3334,0.3731,0.417,0.3256,0.264,0.2914,0.3493,0.4045,0.4303,0.3847,5106182,100.0,05/10/2026 12:52:16
90883,False,0.2121,0.2399,0.2722,0.3072,0.3478,0.2751,0.4589,0.4786,0.5188,0.5565,0.5775,0.553,5106240,100.0,05/10/2026 12:52:16
90905,False,0.2317,0.2605,0.2928,0.3282,0.373,0.2847,0.2548,0.286,0.3465,0.4062,0.4316,0.3888,5101852,100.0,05/10/2026 12:52:14
90913,False,0.2118,0.2436,0.2761,0.3132,0.3472,0.2725,0.2231,0.2501,0.3021,0.3525,0.3785,0.3352,5104609,100.0,05/10/2026 12:52:19
90921,False,0.2895,0.3237,0.3627,0.4049,0.446,0.3357,0.3631,0.4077,0.4793,0.5433,0.577,0.5104,5107883,100.0,05/10/2026 12:52:15
90948,False,0.2632,0.2941,0.3325,0.3699,0.4128,0.3145,0.2727,0.315,0.3933,0.4651,0.5041,0.4329,5106315,100.0,05/10/2026 12:52:20
90956,False,0.1798,0.204,0.2336,0.2658,0.3045,0.2393,0.3428,0.3664,0.4084,0.4511,0.4736,0.4469,5104807,100.0,05/10/2026 12:52:14
90964,False,0.2396,0.2656,0.3015,0.3371,0.3813,0.3385,0.0027,0.0151,0.0658,0.132,0.1711,0.0817,5106174,100.0,05/10/2026 12:52:17
90980,False,0.2307,0.2599,0.2932,0.3309,0.3726,0.2919,0.3908,0.4284,0.4902,0.5458,0.5751,0.521,5107743,100.0,05/10/2026 12:52:16
91006,False,0.2494,0.2792,0.3126,0.3507,0.3897,0.3089,0.4243,0.4491,0.4991,0.547,0.5703,0.5293,5103361,100.0,05/10/2026 12:52:14
91022,False,0.1752,0.2018,0.2307,0.2625,0.2989,0.2281,0.4885,0.5134,0.5641,0.61,0.6339,0.5901,5108352,100.0,05/10/2026 12:52:14
91049,False,0.1951,0.2163,0.2485,0.2825,0.3202,0.2396,0.3148,0.3613,0.4347,0.4986,0.5334,0.4835,5107768,100.0,05/10/2026 12:52:20
91057,False,0.1859,0.2112,0.2429,0.2746,0.3115,0.2323,0.0268,0.0606,0.1337,0.2067,0.2482,0.1524,5105309,100.0,05/10/2026 12:52:18
91081,False,0.158,0.1798,0.2066,0.2368,0.2731,0.2203,0.4337,0.4558,0.5008,0.5433,0.5687,0.5361,5104526,100.0,05/10/2026 12:52:17
91090,False,0.2389,0.2665,0.3001,0.3382,0.3807,0.2763,0.1924,0.2162,0.2571,0.3018,0.3247,0.2812,5105507,100.0,05/10/2026 12:52:20
91103,False,0.1655,0.1898,0.2177,0.2469,0.2797,0.2251,0.6236,0.6393,0.6696,0.6973,0.7107,0.6903,5104542,100.0,05/10/2026 12:52:17
91170,False,0.1771,0.1998,0.228,0.2591,0.2889,0.2219,0.3354,0.3588,0.3985,0.4372,0.4592,0.4292,5105903,100.0,05/10/2026 12:52:15
91197,False,0.1848,0.2043,0.2336,0.2655,0.3024,0.2185,0.0017,0.0073,0.0401,0.097,0.1306,0.039,5106000,100.0,05/10/2026 12:52:19
91219,False,0.1768,0.2003,0.2285,0.26,0.2939,0.1927,0.203,0.2274,0.2732,0.3153,0.334,0.2718,5106109,100.0,05/10/2026 12:52:18
91294,False,0.2055,0.2313,0.2644,0.2965,0.3356,0.2568,0.1098,0.1338,0.1741,0.213,0.2326,0.1682,5106505,100.0,05/10/2026 12:52:18
91332,False,0.2286,0.258,0.2932,0.3296,0.3656,0.2584,0.003,0.0103,0.0537,0.1313,0.1712,0.0173,5106703,100.0,05/10/2026 12:52:18
91359,False,0.1815,0.2078,0.2365,0.2686,0.3031,0.2476,0.505,0.5282,0.5719,0.6118,0.6308,0.6029,5106802,100.0,05/10/2026 12:52:16
91391,False,0.2162,0.2445,0.2778,0.3116,0.3536,0.2746,0.067,0.0964,0.1498,0.2002,0.2285,0.1749,5107008,100.0,05/10/2026 12:52:16
91510,False,0.1814,0.2049,0.2335,0.2654,0.2981,0.2469,0.2667,0.2936,0.3432,0.3916,0.4212,0.3861,5107602,100.0,05/10/2026 12:52:19
91537,False,0.211,0.2391,0.2709,0.3055,0.3503,0.2433,0.0236,0.0484,0.0871,0.1288,0.1514,0.1024,5107701,100.0,05/10/2026 12:52:18
91553,False,0.1943,0.2192,0.249,0.2811,0.3192,0.2165,0.0015,0.0055,0.03,0.0703,0.0923,0.0041,5107800,100.0,05/10/2026 12:52:19
91618,False,0.2303,0.2585,0.2928,0.3299,0.3676,0.2567,0.0026,0.0116,0.0597,0.1348,0.1815,0.0762,5108105,100.0,05/10/2026 12:52:20
91634,False,0.1721,0.1974,0.2245,0.2572,0.2869,0.2132,0.0727,0.1167,0.1893,0.2648,0.3021,0.2228,5108204,100.0,05/10/2026 12:52:18
91677,False,0.1572,0.1812,0.2084,0.2378,0.2735,0.2121,0.1009,0.1288,0.1801,0.2363,0.2651,0.2147,5108402,100.0,05/10/2026 12:52:19
91774,False,0.1723,0.1972,0.2257,0.2559,0.2911,0.2359,0.3636,0.3858,0.426,0.4639,0.4838,0.4621,5105622,100.0,05/10/2026 12:52:15
91812,False,0.1901,0.2167,0.2476,0.2798,0.3128,0.2559,0.148,0.1734,0.2244,0.2732,0.2971,0.2523,5106372,100.0,05/10/2026 12:52:14
91839,False,0.2619,0.2951,0.3311,0.371,0.4147,0.3228,0.2095,0.2326,0.2803,0.3256,0.3519,0.3041,5107859,100.0,05/10/2026 12:52:19
91855,False,0.1751,0.1995,0.2288,0.2604,0.2926,0.2441,0.4221,0.4429,0.4814,0.5197,0.5425,0.5264,5107958,100.0,05/10/2026 12:52:15
91898,False,0.1499,0.1696,0.1946,0.223,0.2559,0.1939,0.1784,0.2045,0.2514,0.296,0.3188,0.2729,5105200,100.0,05/10/2026 12:52:16
91910,False,0.1905,0.2143,0.2457,0.2788,0.3135,0.2567,0.5676,0.5833,0.6145,0.6461,0.6648,0.6598,5100201,100.0,05/10/2026 12:52:18
91936,False,0.1875,0.2097,0.2394,0.2725,0.306,0.2511,0.5596,0.5728,0.6021,0.6298,0.6447,0.6361,5102702,100.0,05/10/2026 12:52:16
91952,False,0.2104,0.2337,0.2675,0.3022,0.3365,0.2783,0.3839,0.4056,0.4457,0.4865,0.5089,0.4838,5106257,100.0,05/10/2026 12:52:18
91979,False,0.2333,0.2634,0.2966,0.3324,0.3722,0.2882,0.0021,0.0083,0.048,0.1068,0.1333,0.06,5107776,100.0,05/10/2026 12:52:15
91995,False,0.1717,0.1941,0.222,0.2507,0.2848,0.2285,0.5057,0.5218,0.5521,0.5819,0.5994,0.581,5107305,100.0,05/10/2026 12:52:16
98191,False,0.1917,0.2152,0.2448,0.28,0.3157,0.2606,0.5028,0.5199,0.5501,0.5816,0.5968,0.5858,5105101,100.0,05/10/2026 12:52:14
98310,False,0.2125,0.2383,0.2702,0.306,0.3419,0.2872,0.4091,0.4276,0.4599,0.4939,0.5136,0.4938,5105150,100.0,05/10/2026 12:52:14
98337,False,0.1546,0.1764,0.2043,0.2335,0.2707,0.2018,0.0792,0.1069,0.1599,0.2124,0.243,0.179,5103452,100.0,05/10/2026 12:52:18
98612,False,0.21,0.232,0.264,0.3007,0.3381,0.2654,0.3166,0.3439,0.3935,0.4438,0.4711,0.4359,5100607,100.0,05/10/2026 12:52:19
98639,False,0.2205,0.2479,0.28,0.317,0.355,0.2689,0.0268,0.0719,0.1595,0.254,0.2975,0.208,5101001,100.0,05/10/2026 12:52:18
98655,False,0.2324,0.2613,0.2961,0.3342,0.3721,0.2918,0.0683,0.0892,0.1291,0.1677,0.186,0.1244,5102603,100.0,05/10/2026 12:52:18
98671,False,0.2704,0.3068,0.3425,0.3833,0.425,0.3249,0.1538,0.1949,0.268,0.3371,0.3767,0.312,5103106,100.0,05/10/2026 12:52:19
98698,False,0.1979,0.2234,0.2562,0.2917,0.3294,0.2625,0.4481,0.4719,0.5189,0.5622,0.581,0.5488,5104559,100.0,05/10/2026 12:52:19
98710,False,0.2166,0.2455,0.279,0.3142,0.3552,0.2898,0.552,0.5665,0.5947,0.6185,0.6323,0.6142,5105580,100.0,05/10/2026 12:52:14
98736,False,0.1758,0.1973,0.2263,0.2595,0.2934,0.2318,0.0026,0.0124,0.0503,0.1004,0.1232,0.0684,5106232,100.0,05/10/2026 12:52:19
98752,False,0.1926,0.2178,0.2482,0.282,0.319,0.2591,0.5051,0.5231,0.5548,0.5881,0.6039,0.5869,5106216,100.0,05/10/2026 12:52:15
98779,False,0.2098,0.2366,0.2701,0.3065,0.3436,0.2646,0.3458,0.3738,0.4235,0.4731,0.5024,0.4597,5106281,100.0,05/10/2026 12:52:19
98795,False,0.1641,0.1842,0.2131,0.242,0.2766,0.2289,0.3396,0.3711,0.4309,0.4868,0.5147,0.466,5106273,100.0,05/10/2026 12:52:16
98817,False,0.2105,0.2355,0.2676,0.3043,0.3443,0.2764,0.2367,0.2595,0.3003,0.34,0.3647,0.328,5106422,100.0,05/10/2026 12:52:20
98833,False,0.1806,0.2024,0.2325,0.2634,0.3018,0.2472,0.4306,0.4536,0.4888,0.5241,0.545,0.5192,5106299,100.0,05/10/2026 12:52:18
98850,False,0.1955,0.2244,0.2561,0.2904,0.3292,0.2533,0.2746,0.2981,0.3438,0.3869,0.4111,0.3694,5106778,100.0,05/10/2026 12:52:14
98876,False,0.2286,0.2576,0.29,0.3271,0.369,0.2813,0.1759,0.1963,0.2408,0.2838,0.3073,0.2585,5106828,100.0,05/10/2026 12:52:18
98892,False,0.1782,0.2014,0.2311,0.2637,0.2961,0.2418,0.5022,0.5201,0.5539,0.5895,0.6099,0.5994,5107040,100.0,05/10/2026 12:52:18
98914,False,0.18,0.2014,0.2309,0.2641,0.2985,0.2192,0.0553,0.1014,0.1894,0.2734,0.3132,0.2156,5107156,100.0,05/10/2026 12:52:18
98930,False,0.1654,0.1893,0.2172,0.2472,0.2787,0.2316,0.4923,0.5085,0.5379,0.5674,0.5847,0.5762,5107925,100.0,05/10/2026 12:52:15
98957,False,0.1913,0.2171,0.2471,0.28,0.3169,0.2542,0.3221,0.3422,0.3868,0.4313,0.4533,0.4205,5108055,100.0,05/10/2026 12:52:19
98973,False,0.1694,0.1896,0.2179,0.2484,0.2808,0.2304,0.4349,0.4567,0.4974,0.5389,0.5585,0.5337,5108501,100.0,05/10/2026 12:52:17
98990,False,0.2053,0.2309,0.2631,0.2979,0.3383,0.2741,0.4563,0.4755,0.5085,0.5412,0.5581,0.5406,5108600,100.0,05/10/2026 12:52:18
99015,False,0.2232,0.2556,0.2897,0.326,0.3645,0.2863,0.3509,0.3703,0.409,0.4458,0.4635,0.4386,5103304,100.0,05/10/2026 12:52:17
99031,False,0.1622,0.1814,0.2088,0.2373,0.2668,0.2042,0.5155,0.5399,0.5875,0.6305,0.6524,0.6173,5103809,100.0,05/10/2026 12:52:18
99058,False,0.1769,0.2011,0.2299,0.2613,0.2965,0.2417,0.6081,0.6216,0.6445,0.6681,0.6815,0.6766,5104104,100.0,05/10/2026 12:52:19
99074,False,0.1631,0.1839,0.2114,0.241,0.2724,0.1949,0.1925,0.2353,0.3124,0.3845,0.4261,0.3398,5104500,100.0,05/10/2026 12:52:20
4006,False,0.1993,0.2256,0.2563,0.2912,0.3249,0.2526,0.0013,0.0051,0.0279,0.0636,0.0825,0.0105,1503093,100.0,05/10/2026 12:52:20
4014,False,0.1241,0.1392,0.1612,0.1847,0.2115,0.1709,0.4425,0.4606,0.49,0.5181,0.5301,0.4987,1500107,100.0,05/10/2026 12:52:20
4022,False,0.1898,0.2142,0.245,0.2774,0.3142,0.2496,0.0715,0.0941,0.1348,0.1792,0.2041,0.1586,1507953,100.0,05/10/2026 12:52:19
4030,False,0.1597,0.1805,0.2072,0.2365,0.2727,0.1954,0.3073,0.3276,0.3616,0.3922,0.4084,0.3643,1500206,100.0,05/10/2026 12:52:21
4049,False,0.2057,0.2327,0.2648,0.298,0.3333,0.2693,0.0009,0.0043,0.0226,0.0557,0.0767,0.0181,1501576,100.0,05/10/2026 12:52:20
4057,False,0.2071,0.2307,0.2643,0.2985,0.3337,0.2569,0.2694,0.2917,0.3338,0.373,0.3926,0.3361,1500305,100.0,05/10/2026 12:52:19
4065,False,0.2066,0.2349,0.2685,0.3018,0.3383,0.2469,0.358,0.3762,0.412,0.4444,0.4615,0.4169,1507474,100.0,05/10/2026 12:52:21
4073,False,0.1657,0.1904,0.2194,0.2492,0.2837,0.2247,0.005,0.016,0.0504,0.0869,0.1083,0.0643,1500404,100.0,05/10/2026 12:52:21
4081,False,0.2232,0.2472,0.283,0.3188,0.3595,0.2986,0.3793,0.3985,0.4382,0.477,0.4969,0.4767,1508084,100.0,05/10/2026 12:52:19
4090,False,0.2436,0.2709,0.3058,0.3432,0.378,0.2955,0.2804,0.2995,0.3324,0.3626,0.3781,0.3342,1500503,100.0,05/10/2026 12:52:21
4103,False,0.156,0.176,0.2017,0.2312,0.2653,0.2107,0.0015,0.0055,0.0293,0.0666,0.0871,0.0164,1504059,100.0,05/10/2026 12:52:20
4111,False,0.1848,0.2106,0.2397,0.2725,0.31,0.2629,0.2457,0.2641,0.3036,0.3418,0.3655,0.3352,1500602,100.0,05/10/2026 12:52:21
4120,False,0.1739,0.197,0.2265,0.2594,0.2991,0.2372,0.0087,0.0277,0.0659,0.1071,0.1272,0.0801,1502954,100.0,05/10/2026 12:52:18
4138,False,0.2005,0.2236,0.2558,0.2877,0.3203,0.2476,0.0057,0.0221,0.0771,0.1385,0.1665,0.0628,1500701,100.0,05/10/2026 12:52:21
4146,False,0.178,0.1998,0.2302,0.2639,0.2998,0.2298,0.3191,0.3362,0.3693,0.4018,0.4162,0.3731,1506559,100.0,05/10/2026 12:52:20
4154,False,0.1518,0.1717,0.1967,0.2247,0.2571,0.2033,0.0018,0.0062,0.0378,0.0909,0.1276,0.0131,1500800,100.0,05/10/2026 12:52:19
4162,False,0.1872,0.2103,0.2416,0.2744,0.3137,0.2506,0.0015,0.0069,0.0378,0.086,0.1118,0.0282,1505494,100.0,05/10/2026 12:52:18
4170,False,0.1956,0.2225,0.2527,0.2848,0.3213,0.2299,0.3543,0.3787,0.4182,0.4546,0.4739,0.426,1500909,100.0,05/10/2026 12:52:21
4189,False,0.1956,0.2212,0.2521,0.284,0.322,0.2564,0.1709,0.1915,0.2276,0.2629,0.2788,0.2263,1503457,100.0,05/10/2026 12:52:20
4197,False,0.2394,0.267,0.3022,0.3377,0.3809,0.2759,0.0062,0.0201,0.0609,0.099,0.1195,0.0533,1501006,100.0,05/10/2026 12:52:18
4200,False,0.2263,0.2525,0.2855,0.3221,0.3581,0.3022,0.0009,0.0037,0.0182,0.0436,0.0589,0.0154,1503754,100.0,05/10/2026 12:52:20
4219,False,0.2169,0.2451,0.2789,0.315,0.3498,0.2463,0.4886,0.5011,0.528,0.5534,0.5661,0.5358,1501105,100.0,05/10/2026 12:52:21
4227,False,0.1496,0.1701,0.1968,0.226,0.2617,0.2297,0.3817,0.3995,0.4306,0.4608,0.4775,0.4554,1501725,100.0,05/10/2026 12:52:20
4235,False,0.1673,0.189,0.2159,0.2463,0.2882,0.2009,0.3928,0.4089,0.436,0.4618,0.4735,0.4404,1501204,100.0,05/10/2026 12:52:20
4243,False,0.1678,0.1871,0.2147,0.2457,0.2822,0.2156,0.0837,0.1107,0.1592,0.2063,0.2304,0.1535,1506351,100.0,05/10/2026 12:52:20
4251,False,0.1683,0.1911,0.2186,0.2483,0.2819,0.2222,0.1805,0.2134,0.2716,0.328,0.3569,0.2694,1501303,100.0,05/10/2026 12:52:20
4260,False,0.194,0.2219,0.253,0.2856,0.3258,0.2728,0.275,0.3001,0.3412,0.384,0.4062,0.372,1500347,100.0,05/10/2026 12:52:19
4278,False,0.1397,0.1605,0.1845,0.21,0.2401,0.2078,0.0041,0.0158,0.0686,0.1293,0.164,0.0464,1501402,100.0,05/10/2026 12:52:20
4286,False,0.2392,0.2672,0.303,0.3391,0.3789,0.3064,0.4852,0.5032,0.5352,0.5679,0.5842,0.5675,1508050,100.0,05/10/2026 12:52:21
4294,False,0.1399,0.1586,0.1832,0.2101,0.2394,0.1927,0.0143,0.0366,0.0869,0.1356,0.1585,0.0751,1501501,100.0,05/10/2026 12:52:20
4308,False,0.2147,0.2445,0.2769,0.3133,0.3531,0.2688,0.1345,0.1591,0.2048,0.2499,0.2726,0.2239,1505551,100.0,05/10/2026 12:52:21
4316,False,0.1719,0.1955,0.2231,0.2546,0.2902,0.2109,0.2718,0.2942,0.3392,0.3817,0.401,0.3426,1501600,100.0,05/10/2026 12:52:19
4324,False,0.176,0.1989,0.2289,0.2607,0.2957,0.2403,0.0562,0.0781,0.114,0.1526,0.1724,0.1302,1508126,100.0,05/10/2026 12:52:19
4332,False,0.1818,0.2058,0.2363,0.2689,0.3031,0.2316,0.1411,0.1731,0.2259,0.274,0.2997,0.2219,1501709,100.0,05/10/2026 12:52:20
4340,False,0.1758,0.199,0.2278,0.2589,0.2913,0.2355,0.28,0.2992,0.3343,0.3691,0.3863,0.3357,1500958,100.0,05/10/2026 12:52:20
4359,False,0.2004,0.2291,0.2607,0.2966,0.3264,0.2367,0.21,0.2301,0.2649,0.2977,0.3151,0.264,1501808,100.0,05/10/2026 12:52:21
4367,False,0.1757,0.1991,0.2283,0.2604,0.2933,0.2466,0.0013,0.0056,0.0315,0.0748,0.0975,0.0081,1507979,100.0,05/10/2026 12:52:20
4375,False,0.1303,0.1466,0.1697,0.1949,0.2247,0.1628,0.3443,0.366,0.3984,0.4297,0.4441,0.4029,1501907,100.0,05/10/2026 12:52:20
4383,False,0.223,0.2525,0.2844,0.3205,0.3594,0.3158,0.6723,0.6823,0.7007,0.718,0.7265,0.7252,1505031,100.0,05/10/2026 12:52:19
4391,False,0.1966,0.2212,0.2526,0.2873,0.3279,0.2337,0.5352,0.5497,0.5732,0.595,0.6073,0.5811,1502004,100.0,05/10/2026 12:52:20
4405,False,0.1965,0.2225,0.2544,0.2877,0.3265,0.2408,0.0779,0.0973,0.1364,0.1798,0.2005,0.1556,1508357,100.0,05/10/2026 12:52:21
4413,False,0.1217,0.1394,0.1608,0.1859,0.2141,0.1581,0.5149,0.5264,0.5457,0.5646,0.5747,0.5534,1502103,100.0,05/10/2026 12:52:22
4421,False,0.2018,0.2257,0.2552,0.2882,0.3263,0.2532,0.1758,0.1916,0.2257,0.2595,0.2757,0.2468,1505064,100.0,05/10/2026 12:52:22
4430,False,0.1592,0.1785,0.2049,0.2353,0.267,0.2116,0.0982,0.122,0.1708,0.215,0.2381,0.1635,1502202,100.0,05/10/2026 12:52:20
4448,False,0.2247,0.2534,0.2875,0.3239,0.3631,0.2858,0.0146,0.0337,0.0704,0.1085,0.1264,0.0618,1501782,100.0,05/10/2026 12:52:19
4456,False,0.1683,0.1875,0.2164,0.2459,0.2838,0.1933,0.1649,0.1861,0.2228,0.2589,0.2772,0.2208,1502301,100.0,05/10/2026 12:52:20
4464,False,0.1738,0.1979,0.2258,0.2581,0.2921,0.2433,0.0021,0.0083,0.0371,0.0726,0.0933,0.0275,1507151,100.0,05/10/2026 12:52:19
4472,False,0.1385,0.1567,0.182,0.2088,0.237,0.1963,0.0032,0.0123,0.0574,0.1152,0.1524,0.0831,1502400,100.0,05/10/2026 12:52:22
4480,False,0.1812,0.2067,0.2365,0.2681,0.3048,0.2338,0.0008,0.0035,0.0198,0.0489,0.0672,0.0039,1504950,100.0,05/10/2026 12:52:20
4499,False,0.2837,0.3153,0.3522,0.3926,0.4345,0.3272,0.2998,0.3226,0.3601,0.3961,0.415,0.3646,1502509,100.0,05/10/2026 12:52:19
4502,False,0.1943,0.2212,0.2529,0.2872,0.323,0.2764,0.0021,0.007,0.0354,0.0829,0.1089,0.0237,1500131,100.0,05/10/2026 12:52:21
4510,False,0.2018,0.2256,0.2582,0.2913,0.331,0.2125,0.4148,0.4374,0.4765,0.5136,0.5323,0.4864,1502608,100.0,05/10/2026 12:52:20
4529,False,0.2298,0.2601,0.2941,0.3317,0.3691,0.302,0.264,0.2824,0.3207,0.3557,0.3753,0.334,1502764,100.0,05/10/2026 12:52:20
4537,False,0.2126,0.2399,0.2711,0.3059,0.3464,0.2958,0.1236,0.1421,0.1875,0.2334,0.2584,0.214,1502707,100.0,05/10/2026 12:52:21
4545,False,0.2061,0.233,0.2645,0.2972,0.3374,0.2515,0.2282,0.2518,0.2942,0.332,0.3552,0.293,1507961,100.0,05/10/2026 12:52:21
4553,False,0.1715,0.1926,0.2207,0.251,0.286,0.2078,0.5416,0.5521,0.5734,0.5945,0.6048,0.5814,1502806,100.0,05/10/2026 12:52:21
4561,False,0.1817,0.2079,0.2365,0.2681,0.3066,0.2513,0.0973,0.1238,0.1659,0.2079,0.2267,0.184,1503044,100.0,05/10/2026 12:52:21
4570,False,0.2036,0.2272,0.2598,0.2944,0.3318,0.2439,0.3925,0.4086,0.4401,0.4685,0.4853,0.447,1502905,100.0,05/10/2026 12:52:22
4588,False,0.214,0.2421,0.2736,0.3101,0.3524,0.2883,0.2493,0.2827,0.3467,0.4078,0.4391,0.377,1501253,100.0,05/10/2026 12:52:18
4596,False,0.2269,0.2536,0.2886,0.3257,0.3665,0.283,0.4533,0.4728,0.5089,0.5427,0.5617,0.5164,1503002,100.0,05/10/2026 12:52:19
4600,False,0.1847,0.2121,0.2414,0.2758,0.3136,0.2408,0.0019,0.0067,0.0367,0.0834,0.1081,0.0477,1504976,100.0,05/10/2026 12:52:20
4618,False,0.1504,0.1707,0.1959,0.2257,0.2585,0.1892,0.3573,0.3724,0.3971,0.4244,0.4376,0.4019,1503101,100.0,05/10/2026 12:52:21
4626,False,0.1818,0.206,0.2356,0.2696,0.302,0.231,0.4304,0.4457,0.476,0.5061,0.521,0.5011,1505650,100.0,05/10/2026 12:52:18
4634,False,0.1398,0.1563,0.1811,0.2083,0.2378,0.1878,0.3362,0.3543,0.3885,0.4213,0.4388,0.3931,1503200,100.0,05/10/2026 12:52:19
4642,False,0.1544,0.1769,0.2027,0.2328,0.2678,0.2081,0.0095,0.0304,0.0929,0.1519,0.1869,0.0767,1504422,100.0,05/10/2026 12:52:20
4650,False,0.1408,0.1606,0.1858,0.2135,0.2459,0.1729,0.2443,0.2658,0.2995,0.3325,0.3503,0.3015,1503309,100.0,05/10/2026 12:52:22
4669,False,0.1788,0.201,0.2296,0.2632,0.2986,0.223,0.4966,0.5118,0.5382,0.5626,0.5755,0.5462,1508035,100.0,05/10/2026 12:52:21
4677,False,0.145,0.1644,0.1889,0.2154,0.2478,0.1749,0.1398,0.1674,0.2201,0.2695,0.2903,0.2154,1503408,100.0,05/10/2026 12:52:21
4685,False,0.2496,0.2763,0.3127,0.3517,0.3983,0.302,0.4051,0.4271,0.4698,0.509,0.5281,0.4791,1506112,100.0,05/10/2026 12:52:19
4693,False,0.1467,0.1678,0.194,0.223,0.2518,0.1959,0.3724,0.3913,0.4301,0.4644,0.4818,0.4365,1503507,100.0,05/10/2026 12:52:20
4707,False,0.209,0.2351,0.2665,0.3003,0.3419,0.2938,0.2243,0.253,0.2994,0.345,0.3686,0.3359,1502152,100.0,05/10/2026 12:52:19
4715,False,0.2306,0.2565,0.2928,0.331,0.3671,0.2984,0.3626,0.3823,0.4138,0.4462,0.4638,0.445,1503606,100.0,05/10/2026 12:52:22
4723,False,0.2198,0.2462,0.2794,0.3161,0.3511,0.2862,0.3992,0.4164,0.4438,0.4707,0.487,0.4665,1500859,100.0,05/10/2026 12:52:21
4731,False,0.2075,0.2335,0.2642,0.2981,0.3347,0.2614,0.0088,0.0271,0.0678,0.1031,0.1215,0.0583,1503705,100.0,05/10/2026 12:52:20
4740,False,0.1506,0.1706,0.1964,0.2238,0.258,0.1926,0.4251,0.4435,0.4809,0.5139,0.5313,0.4884,1502855,100.0,05/10/2026 12:52:19
4758,False,0.1839,0.2082,0.2367,0.2697,0.3077,0.2358,0.0013,0.0045,0.0232,0.0592,0.0809,0.0286,1503804,100.0,05/10/2026 12:52:21
4766,False,0.1833,0.2063,0.2355,0.2663,0.3032,0.2256,0.2724,0.2966,0.3309,0.3669,0.3868,0.334,1501956,100.0,05/10/2026 12:52:22
4774,False,0.166,0.1896,0.2176,0.2488,0.2816,0.2234,0.1497,0.167,0.2006,0.2317,0.2478,0.1974,1503903,100.0,05/10/2026 12:52:20
4782,False,0.1807,0.205,0.2334,0.2661,0.302,0.2338,0.0514,0.0742,0.1168,0.1603,0.1823,0.1303,1505635,100.0,05/10/2026 12:52:21
4790,False,0.1306,0.1494,0.172,0.1981,0.2295,0.1776,0.4719,0.4867,0.5124,0.5364,0.5485,0.5193,1504000,100.0,05/10/2026 12:52:20
4804,False,0.1754,0.1984,0.2279,0.2594,0.2917,0.2294,0.0091,0.0275,0.0703,0.1139,0.1377,0.0873,1501451,100.0,05/10/2026 12:52:20
4812,False,0.2024,0.229,0.2608,0.295,0.3309,0.2205,0.3011,0.324,0.3675,0.407,0.4298,0.3712,1504109,100.0,05/10/2026 12:52:18
4820,False,0.1963,0.2229,0.254,0.2889,0.3275,0.2275,0.2782,0.3079,0.361,0.4116,0.4402,0.3663,1507466,100.0,05/10/2026 12:52:19
4839,False,0.1643,0.1843,0.2103,0.2417,0.2767,0.2268,0.062,0.0826,0.1266,0.1724,0.1933,0.1507,1504208,100.0,05/10/2026 12:52:20
4847,False,0.2411,0.2737,0.3081,0.3443,0.3894,0.2975,0.0315,0.0613,0.1154,0.1708,0.1999,0.1303,1507755,100.0,05/10/2026 12:52:21
4855,False,0.1768,0.2031,0.2325,0.2646,0.3024,0.2081,0.3064,0.3253,0.3597,0.3932,0.4104,0.3637,1504307,100.0,05/10/2026 12:52:22
4863,False,0.1888,0.2139,0.2446,0.2779,0.3132,0.2485,0.2661,0.2859,0.3246,0.3616,0.3813,0.3501,1504752,100.0,05/10/2026 12:52:20
4871,False,0.201,0.2259,0.2566,0.2911,0.3241,0.2128,0.2862,0.3067,0.3422,0.3745,0.3928,0.3437,1504406,100.0,05/10/2026 12:52:21
4898,False,0.2278,0.2558,0.2926,0.3298,0.3684,0.2576,0.2521,0.2702,0.3008,0.3326,0.3494,0.3022,1504505,100.0,05/10/2026 12:52:18
4910,False,0.1581,0.1815,0.2074,0.236,0.2676,0.2021,0.4219,0.4378,0.4686,0.4963,0.5113,0.4752,1504604,100.0,05/10/2026 12:52:21
4936,False,0.1603,0.1807,0.2079,0.2383,0.2704,0.2019,0.3204,0.3369,0.3742,0.4079,0.426,0.3781,1504703,100.0,05/10/2026 12:52:19
4952,False,0.1614,0.1826,0.2098,0.2374,0.2713,0.2181,0.0082,0.0266,0.0588,0.0926,0.1129,0.0714,1504802,100.0,05/10/2026 12:52:19
4979,False,0.1747,0.1973,0.2261,0.2577,0.2924,0.2192,0.4832,0.4974,0.5236,0.5481,0.5584,0.5317,1504901,100.0,05/10/2026 12:52:21
4995,False,0.1607,0.1841,0.2103,0.2398,0.2711,0.2086,0.3114,0.3317,0.3765,0.4158,0.4342,0.3809,1505007,100.0,05/10/2026 12:52:22
5010,False,0.1694,0.1916,0.2195,0.2493,0.2844,0.223,0.289,0.3075,0.3433,0.3781,0.3936,0.3454,1505106,100.0,05/10/2026 12:52:21
5037,False,0.1567,0.1767,0.2026,0.2299,0.2681,0.1915,0.5522,0.5656,0.5893,0.6108,0.6217,0.5977,1505205,100.0,05/10/2026 12:52:19
5053,False,0.2255,0.2529,0.2853,0.3242,0.3627,0.2701,0.002,0.0076,0.0356,0.0685,0.0869,0.0251,1505304,100.0,05/10/2026 12:52:19
5070,False,0.1606,0.1809,0.2075,0.2356,0.2674,0.2129,0.3792,0.4003,0.4358,0.4717,0.4913,0.4428,1505403,100.0,05/10/2026 12:52:19
5096,False,0.1906,0.213,0.2447,0.2777,0.3139,0.245,0.1655,0.1838,0.2213,0.2595,0.2799,0.2469,1505502,100.0,05/10/2026 12:52:20
5118,False,0.1709,0.1917,0.221,0.2511,0.2843,0.2044,0.26,0.2815,0.3249,0.3653,0.3871,0.3264,1505601,100.0,05/10/2026 12:52:20
5134,False,0.1892,0.2151,0.2452,0.2788,0.3145,0.2436,0.476,0.4906,0.5215,0.5501,0.5657,0.5303,1505700,100.0,05/10/2026 12:52:21
5150,False,0.2178,0.2428,0.2757,0.3125,0.3493,0.2743,0.232,0.249,0.276,0.3036,0.3179,0.2762,1505809,100.0,05/10/2026 12:52:20
5177,False,0.2134,0.2391,0.2714,0.3072,0.3454,0.2566,0.0755,0.0975,0.1304,0.1661,0.1848,0.1262,1505908,100.0,05/10/2026 12:52:18
5193,False,0.1696,0.1926,0.2206,0.2519,0.2875,0.2329,0.0042,0.0133,0.0415,0.0682,0.0821,0.0361,1506005,100.0,05/10/2026 12:52:18
5215,False,0.2112,0.2356,0.2691,0.3041,0.3391,0.2732,0.3861,0.4134,0.4533,0.4944,0.5124,0.4616,1506104,100.0,05/10/2026 12:52:20
5231,False,0.1764,0.1984,0.229,0.2596,0.2966,0.2251,0.1607,0.1862,0.2314,0.2757,0.2997,0.2286,1506203,100.0,05/10/2026 12:52:19
5258,False,0.1748,0.1982,0.2293,0.2598,0.298,0.2184,0.4064,0.4255,0.4582,0.4902,0.5057,0.4662,1506302,100.0,05/10/2026 12:52:18
5274,False,0.2712,0.3036,0.342,0.3812,0.4228,0.3304,0.3471,0.3676,0.4034,0.4365,0.4545,0.4051,1506401,100.0,05/10/2026 12:52:19
5290,False,0.1336,0.1538,0.177,0.2039,0.2368,0.1872,0.0068,0.0235,0.07,0.1151,0.1375,0.0557,1506500,100.0,05/10/2026 12:52:21
5312,False,0.1436,0.1625,0.1879,0.2162,0.247,0.2104,0.0028,0.0093,0.0454,0.0897,0.1146,0.0305,1506609,100.0,05/10/2026 12:52:18
5339,False,0.23,0.2559,0.2903,0.3273,0.3649,0.2994,0.3392,0.3525,0.3836,0.4143,0.4284,0.407,1506708,100.0,05/10/2026 12:52:19
5355,False,0.1607,0.1845,0.211,0.2405,0.2738,0.2242,0.0573,0.0831,0.1318,0.1808,0.208,0.1593,1506807,100.0,05/10/2026 12:52:18
5371,False,0.1772,0.2002,0.2287,0.2597,0.2958,0.1899,0.4085,0.4312,0.4721,0.5089,0.5272,0.4791,1506906,100.0,05/10/2026 12:52:20
5398,False,0.1379,0.1576,0.1811,0.2088,0.239,0.1826,0.1772,0.2068,0.2509,0.2954,0.318,0.2495,1507003,100.0,05/10/2026 12:52:21
5410,False,0.1643,0.1873,0.2146,0.2441,0.28,0.1989,0.3806,0.4057,0.4521,0.4922,0.5156,0.4625,1507102,100.0,05/10/2026 12:52:20
5436,False,0.1691,0.1879,0.2172,0.2455,0.28,0.2113,0.4123,0.4311,0.4634,0.4936,0.509,0.4717,1507201,100.0,05/10/2026 12:52:20
5452,False,0.2047,0.2311,0.2626,0.2957,0.3363,0.2763,0.4254,0.4438,0.4756,0.5066,0.5219,0.5086,1507300,100.0,05/10/2026 12:52:18
5479,False,0.1231,0.1413,0.1633,0.1877,0.2179,0.1721,0.1388,0.1613,0.2029,0.2381,0.2587,0.1974,1507409,100.0,05/10/2026 12:52:19
5495,False,0.2091,0.2322,0.2648,0.3016,0.3423,0.265,0.0676,0.0847,0.1242,0.163,0.1822,0.1195,1507508,100.0,05/10/2026 12:52:22
5517,False,0.1486,0.1702,0.1956,0.2241,0.2543,0.1981,0.2104,0.2365,0.2857,0.329,0.3509,0.2848,1507607,100.0,05/10/2026 12:52:22
5533,False,0.1783,0.203,0.233,0.2652,0.2982,0.2197,0.4666,0.4811,0.5084,0.5352,0.5487,0.5165,1507706,100.0,05/10/2026 12:52:20
5550,False,0.2206,0.2496,0.2829,0.3184,0.3569,0.277,0.1955,0.2149,0.2517,0.2887,0.3074,0.2697,1507805,100.0,05/10/2026 12:52:19
5576,False,0.2057,0.2296,0.2626,0.2967,0.3368,0.2423,0.4861,0.5028,0.5314,0.5575,0.573,0.5398,1507904,100.0,05/10/2026 12:52:21
5592,False,0.1933,0.2169,0.2488,0.2827,0.3203,0.258,0.0411,0.0624,0.1052,0.1441,0.1653,0.096,1508001,100.0,05/10/2026 12:52:19
5614,False,0.2138,0.2393,0.2724,0.3084,0.3492,0.2752,0.0063,0.022,0.0671,0.1128,0.1351,0.0535,1508100,100.0,05/10/2026 12:52:21
5630,False,0.1852,0.2064,0.2357,0.2698,0.3069,0.2353,0.2797,0.3019,0.3478,0.3913,0.415,0.3524,1508209,100.0,05/10/2026 12:52:21
5657,False,0.1771,0.2006,0.2292,0.264,0.2991,0.2337,0.5295,0.5429,0.5647,0.5861,0.5978,0.574,1508308,100.0,05/10/2026 12:52:20
5673,False,0.1692,0.194,0.2222,0.2534,0.287,0.2348,0.4134,0.4313,0.4621,0.4931,0.512,0.4955,1506138,100.0,05/10/2026 12:52:20
5690,False,0.1959,0.2212,0.253,0.2863,0.3237,0.2667,0.2189,0.2423,0.2843,0.3284,0.3493,0.3136,1506161,100.0,05/10/2026 12:52:18
5711,False,0.1851,0.2084,0.2377,0.2691,0.3032,0.2545,0.2868,0.3096,0.3479,0.3895,0.4103,0.3808,1508407,100.0,05/10/2026 12:52:19
5738,False,0.1901,0.2146,0.2441,0.2771,0.3189,0.2623,0.1338,0.1503,0.1835,0.2193,0.2377,0.2009,1506187,100.0,05/10/2026 12:52:18
5754,False,0.1856,0.2056,0.2361,0.2696,0.3061,0.2505,0.5273,0.541,0.5655,0.5912,0.6048,0.5959,1508159,100.0,05/10/2026 12:52:21
5770,False,0.1677,0.1899,0.2178,0.2486,0.2802,0.238,0.4149,0.4315,0.4643,0.4967,0.516,0.4967,1504455,100.0,05/10/2026 12:52:20
5797,False,0.1752,0.1997,0.2279,0.2603,0.2967,0.2366,0.1392,0.1588,0.2004,0.238,0.2576,0.2205,1507458,100.0,05/10/2026 12:52:19
5819,False,0.147,0.1663,0.1899,0.217,0.2489,0.1957,0.1376,0.1549,0.1843,0.2142,0.229,0.1811,1502756,100.0,05/10/2026 12:52:22
5835,False,0.1838,0.2062,0.2356,0.2693,0.3051,0.2616,0.1444,0.1738,0.2285,0.2823,0.3117,0.2669,1505536,100.0,05/10/2026 12:52:21
5851,False,0.196,0.22,0.2518,0.2838,0.3245,0.2726,0.1164,0.1411,0.1824,0.2245,0.2447,0.2043,1502772,100.0,05/10/2026 12:52:18
5878,False,0.1683,0.188,0.216,0.2465,0.2825,0.2234,0.2431,0.2658,0.3081,0.3463,0.3645,0.3088,1503077,100.0,05/10/2026 12:52:21
5894,False,0.1807,0.2074,0.2367,0.2701,0.3062,0.2512,0.3842,0.4032,0.4354,0.4707,0.4874,0.4657,1506195,100.0,05/10/2026 12:52:19
5916,False,0.1999,0.2289,0.2598,0.2935,0.3335,0.2607,0.3512,0.3657,0.3953,0.4267,0.4425,0.4209,1505486,100.0,05/10/2026 12:52:18
5932,False,0.1868,0.2109,0.2394,0.2733,0.306,0.2445,0.0028,0.0111,0.0506,0.095,0.1173,0.0423,1501758,100.0,05/10/2026 12:52:20
5959,False,0.2134,0.2401,0.274,0.3085,0.3426,0.2909,0.2411,0.2628,0.3014,0.3383,0.3571,0.3283,1505437,100.0,05/10/2026 12:52:18
5975,False,0.1698,0.1915,0.2196,0.2515,0.2845,0.2373,0.0328,0.0511,0.088,0.1259,0.1471,0.104,1502939,100.0,05/10/2026 12:52:18
5991,False,0.234,0.2608,0.2966,0.3323,0.3677,0.2892,0.3272,0.3456,0.3843,0.4218,0.441,0.4111,1506583,100.0,05/10/2026 12:52:20
19003,False,0.1186,0.1335,0.1547,0.1797,0.2073,0.1653,0.2468,0.2808,0.3362,0.3884,0.4146,0.3393,2512762,100.0,05/10/2026 12:52:22
19011,False,0.1635,0.1866,0.2135,0.2447,0.279,0.2124,0.5538,0.5742,0.6111,0.6463,0.6653,0.6285,2500106,100.0,05/10/2026 12:52:20
19020,False,0.1227,0.1416,0.1641,0.1901,0.2153,0.1775,0.2889,0.3128,0.3559,0.3981,0.4178,0.3583,2515971,100.0,05/10/2026 12:52:22
19038,False,0.1673,0.1905,0.2184,0.2494,0.2845,0.2029,0.5262,0.5461,0.5877,0.625,0.6431,0.5984,2500205,100.0,05/10/2026 12:52:20
19046,False,0.1476,0.1665,0.1921,0.2211,0.2522,0.2046,0.3972,0.4215,0.4646,0.5048,0.5233,0.4704,2514453,100.0,05/10/2026 12:52:22
19054,False,0.1649,0.1871,0.214,0.2445,0.2774,0.2187,0.4084,0.4274,0.4601,0.4908,0.5078,0.4676,2500304,100.0,05/10/2026 12:52:22
19062,False,0.1658,0.1864,0.2137,0.2448,0.2779,0.2259,0.3499,0.3758,0.4202,0.4619,0.4818,0.4255,2504033,100.0,05/10/2026 12:52:22
19070,False,0.144,0.1649,0.1901,0.2187,0.2504,0.2056,0.426,0.4546,0.4998,0.5445,0.5656,0.5143,2500403,100.0,05/10/2026 12:52:22
19089,False,0.1638,0.1859,0.2138,0.2439,0.2744,0.2113,0.4452,0.4642,0.5019,0.538,0.5548,0.5103,2505238,100.0,05/10/2026 12:52:20
19097,False,0.1411,0.1602,0.184,0.2114,0.2424,0.192,0.5308,0.5509,0.584,0.6155,0.6314,0.597,2500502,100.0,05/10/2026 12:52:18
19100,False,0.1622,0.1828,0.2096,0.2393,0.2691,0.2023,0.4305,0.4641,0.5114,0.5557,0.5792,0.5221,2505279,100.0,05/10/2026 12:52:20
19119,False,0.1348,0.1526,0.1767,0.2024,0.2324,0.1944,0.0913,0.113,0.1561,0.2006,0.2205,0.151,2500601,100.0,05/10/2026 12:52:22
19127,False,0.1314,0.1481,0.1717,0.1996,0.2255,0.1681,0.3294,0.3598,0.4077,0.4565,0.4819,0.4134,2512754,100.0,05/10/2026 12:52:21
19135,False,0.1233,0.1395,0.1614,0.1862,0.212,0.1659,0.543,0.5606,0.592,0.6225,0.6352,0.6055,2500700,100.0,05/10/2026 12:52:21
19143,False,0.1499,0.1698,0.1962,0.2235,0.2621,0.2087,0.4977,0.5231,0.5638,0.6026,0.6232,0.5755,2509339,100.0,05/10/2026 12:52:21
19151,False,0.1444,0.1636,0.1887,0.2164,0.2462,0.1944,0.5344,0.551,0.5821,0.612,0.6259,0.5953,2500809,100.0,05/10/2026 12:52:19
19160,False,0.1391,0.159,0.1836,0.2114,0.2416,0.179,0.2092,0.2399,0.3015,0.357,0.3877,0.3012,2508554,100.0,05/10/2026 12:52:19
19178,False,0.1636,0.1856,0.2132,0.2418,0.2724,0.2235,0.4239,0.4522,0.5002,0.5403,0.5623,0.5112,2500908,100.0,05/10/2026 12:52:19
19186,False,0.1209,0.1385,0.1612,0.1859,0.2156,0.1744,0.3717,0.403,0.4601,0.5113,0.5365,0.4715,2515930,100.0,05/10/2026 12:52:20
19194,False,0.1823,0.2029,0.2319,0.2647,0.2999,0.2454,0.3207,0.3419,0.3795,0.4128,0.4323,0.3814,2501005,100.0,05/10/2026 12:52:20
19208,False,0.1666,0.1893,0.2181,0.248,0.284,0.2211,0.4625,0.4863,0.5333,0.5762,0.5988,0.5412,2512747,100.0,05/10/2026 12:52:21
19216,False,0.1448,0.1646,0.1905,0.2189,0.2502,0.1935,0.507,0.5278,0.5614,0.5945,0.612,0.576,2501104,100.0,05/10/2026 12:52:22
19224,False,0.1545,0.1736,0.2001,0.2288,0.2604,0.1969,0.3194,0.353,0.4152,0.4754,0.5069,0.424,2513943,100.0,05/10/2026 12:52:18
19232,False,0.1232,0.1403,0.1629,0.1876,0.2183,0.1756,0.3254,0.3555,0.4122,0.4655,0.4942,0.4229,2501203,100.0,05/10/2026 12:52:20
19240,False,0.1117,0.1273,0.1482,0.1719,0.1975,0.1432,0.4332,0.4619,0.5098,0.552,0.5726,0.5194,2504074,100.0,05/10/2026 12:52:22
19259,False,0.1267,0.1454,0.1683,0.1935,0.2224,0.1786,0.4844,0.5051,0.5423,0.5768,0.5941,0.5553,2501302,100.0,05/10/2026 12:52:21
19267,False,0.1568,0.1808,0.2076,0.2371,0.2692,0.1938,0.4147,0.4483,0.5018,0.5516,0.5761,0.5112,2513851,100.0,05/10/2026 12:52:19
19275,False,0.159,0.1801,0.2069,0.2374,0.2698,0.2237,0.5556,0.5823,0.6235,0.6624,0.6827,0.6398,2505352,100.0,05/10/2026 12:52:22
19283,False,0.1066,0.1216,0.1421,0.1635,0.191,0.1416,0.5505,0.576,0.6177,0.654,0.6721,0.6293,2516151,100.0,05/10/2026 12:52:22
19291,False,0.1624,0.181,0.2079,0.2374,0.2732,0.2006,0.5304,0.5475,0.5782,0.6074,0.6236,0.5869,2501401,100.0,05/10/2026 12:52:22
19305,False,0.128,0.1459,0.17,0.1957,0.2272,0.1677,0.4661,0.4908,0.5429,0.5914,0.6138,0.5578,2501534,100.0,05/10/2026 12:52:19
19313,False,0.1523,0.1736,0.2005,0.2277,0.2642,0.2121,0.4019,0.4263,0.4655,0.5034,0.5249,0.4747,2501500,100.0,05/10/2026 12:52:22
19321,False,0.1786,0.2026,0.2298,0.2614,0.298,0.2127,0.3276,0.3578,0.4065,0.4572,0.4793,0.4129,2501351,100.0,05/10/2026 12:52:21
19330,False,0.1344,0.1509,0.1752,0.2005,0.2315,0.1852,0.525,0.5444,0.5766,0.6078,0.6221,0.5885,2501609,100.0,05/10/2026 12:52:19
19348,False,0.1553,0.176,0.2024,0.2312,0.2653,0.1976,0.5929,0.6155,0.6601,0.6995,0.7169,0.6711,2517407,100.0,05/10/2026 12:52:21
19356,False,0.1084,0.1251,0.1441,0.1666,0.1938,0.1415,0.3315,0.3612,0.406,0.4494,0.4716,0.4121,2501708,100.0,05/10/2026 12:52:20
19364,False,0.2169,0.2421,0.275,0.3122,0.3447,0.2757,0.5868,0.6075,0.6441,0.6752,0.6916,0.6584,2503555,100.0,05/10/2026 12:52:19
19372,False,0.1142,0.1306,0.1516,0.1748,0.2037,0.1578,0.0018,0.0066,0.0359,0.0823,0.1066,0.0093,2501807,100.0,05/10/2026 12:52:20
19380,False,0.1705,0.1903,0.2186,0.2513,0.2868,0.2041,0.4617,0.488,0.5342,0.5755,0.5954,0.5413,2503753,100.0,05/10/2026 12:52:19
19399,False,0.1508,0.171,0.1957,0.2246,0.2567,0.2164,0.2958,0.3192,0.3589,0.3972,0.4159,0.3631,2501906,100.0,05/10/2026 12:52:23
19402,False,0.1809,0.2053,0.235,0.2667,0.3054,0.218,0.5585,0.5802,0.6227,0.6611,0.682,0.6354,2513927,100.0,05/10/2026 12:52:21
19410,False,0.1941,0.2193,0.2501,0.2842,0.3198,0.2217,0.363,0.3859,0.4284,0.47,0.4907,0.4357,2502003,100.0,05/10/2026 12:52:20
19429,False,0.1646,0.1876,0.2154,0.2447,0.2836,0.2101,0.3955,0.4248,0.4763,0.5229,0.5463,0.481,2513968,100.0,05/10/2026 12:52:20
19437,False,0.1994,0.2267,0.2574,0.292,0.331,0.2402,0.5495,0.5731,0.614,0.6499,0.6676,0.6295,2502102,100.0,05/10/2026 12:52:18
19445,False,0.1594,0.18,0.2069,0.2362,0.2679,0.2077,0.6563,0.676,0.7126,0.7455,0.7608,0.7252,2514552,100.0,05/10/2026 12:52:21
19453,False,0.1125,0.1255,0.146,0.1688,0.195,0.153,0.6186,0.6449,0.6886,0.7268,0.7447,0.7072,2502201,100.0,05/10/2026 12:52:20
19461,False,0.1324,0.1512,0.176,0.2002,0.2298,0.1701,0.24,0.2715,0.3321,0.3888,0.4132,0.3355,2509156,100.0,05/10/2026 12:52:22
19470,False,0.1623,0.1854,0.213,0.2442,0.2783,0.2019,0.6299,0.6481,0.6787,0.7077,0.7218,0.6895,2502300,100.0,05/10/2026 12:52:18
19488,False,0.2825,0.3163,0.3553,0.3958,0.439,0.3395,0.5288,0.5512,0.5936,0.6351,0.6555,0.6037,2509370,100.0,05/10/2026 12:52:21
19496,False,0.1519,0.1722,0.1985,0.2272,0.2592,0.2041,0.4286,0.4479,0.4873,0.5233,0.5413,0.4943,2502409,100.0,05/10/2026 12:52:21
19500,False,0.1956,0.2231,0.2528,0.2861,0.3258,0.2575,0.5719,0.5922,0.6327,0.6678,0.6896,0.643,2502052,100.0,05/10/2026 12:52:21
19518,False,0.1164,0.1319,0.1534,0.1775,0.2026,0.1632,0.2697,0.2928,0.3358,0.3781,0.4005,0.3371,2502508,100.0,05/10/2026 12:52:20
19526,False,0.1231,0.1406,0.1639,0.1879,0.2168,0.1696,0.5892,0.6079,0.6477,0.6855,0.7007,0.6648,2512077,100.0,05/10/2026 12:52:21
19534,False,0.2088,0.2362,0.2691,0.3018,0.3418,0.2413,0.4035,0.4308,0.4821,0.5324,0.5564,0.4956,2502607,100.0,05/10/2026 12:52:19
19542,False,0.1861,0.214,0.2441,0.2777,0.3145,0.1992,0.2373,0.2745,0.3493,0.4118,0.4449,0.3518,2514651,100.0,05/10/2026 12:52:20
19550,False,0.1479,0.1678,0.194,0.2235,0.2554,0.1912,0.3941,0.4253,0.474,0.5185,0.5427,0.4811,2502706,100.0,05/10/2026 12:52:17
19569,False,0.18,0.2053,0.2333,0.2668,0.2983,0.2218,0.6816,0.6986,0.73,0.7567,0.772,0.7423,2513356,100.0,05/10/2026 12:52:20
19577,False,0.1442,0.1655,0.1911,0.2193,0.2505,0.1805,0.2682,0.2923,0.3367,0.3812,0.4043,0.3402,2502805,100.0,05/10/2026 12:52:20
19585,False,0.1287,0.1477,0.1697,0.1942,0.2263,0.1581,0.6325,0.6552,0.6963,0.7326,0.7488,0.7067,2500734,100.0,05/10/2026 12:52:20
19593,False,0.1358,0.1535,0.1771,0.2041,0.2332,0.1673,0.3947,0.4159,0.4591,0.4995,0.5202,0.465,2502904,100.0,05/10/2026 12:52:19
19607,False,0.1676,0.1916,0.2191,0.2511,0.2828,0.2265,0.5032,0.5298,0.571,0.6089,0.6264,0.5846,2504157,100.0,05/10/2026 12:52:19
19615,False,0.1293,0.1491,0.1716,0.1964,0.2242,0.1776,0.268,0.2924,0.3309,0.3699,0.3907,0.3344,2503001,100.0,05/10/2026 12:52:21
19623,False,0.1288,0.1478,0.1703,0.1969,0.2283,0.1698,0.5346,0.5575,0.5951,0.6313,0.6499,0.6104,2506251,100.0,05/10/2026 12:52:21
19631,False,0.1094,0.1246,0.1443,0.1681,0.1933,0.1419,0.2422,0.2746,0.3314,0.3898,0.4224,0.3345,2503100,100.0,05/10/2026 12:52:19
19640,False,0.1669,0.1926,0.2209,0.2509,0.2855,0.2238,0.676,0.6938,0.7283,0.7603,0.7738,0.7482,2512036,100.0,05/10/2026 12:52:22
19658,False,0.1641,0.1876,0.2137,0.2441,0.2786,0.2162,0.0021,0.0082,0.0429,0.092,0.1203,0.0147,2503209,100.0,05/10/2026 12:52:23
19666,False,0.1676,0.1888,0.2164,0.2465,0.2783,0.2137,0.5705,0.6018,0.6508,0.6957,0.7124,0.6687,2513653,100.0,05/10/2026 12:52:18
19674,False,0.1503,0.1693,0.1956,0.2245,0.2541,0.1912,0.6336,0.6528,0.688,0.7211,0.7371,0.7078,2503308,100.0,05/10/2026 12:52:20
19682,False,0.1406,0.161,0.186,0.2128,0.2445,0.177,0.4199,0.4493,0.4977,0.5457,0.5692,0.5046,2516755,100.0,05/10/2026 12:52:19
19690,False,0.1447,0.1665,0.1914,0.2192,0.249,0.1856,0.5044,0.5261,0.5684,0.6087,0.6289,0.5778,2503407,100.0,05/10/2026 12:52:19
19704,False,0.124,0.1413,0.1637,0.1879,0.2167,0.1675,0.455,0.4907,0.5537,0.609,0.6378,0.5664,2504850,100.0,05/10/2026 12:52:20
19712,False,0.1679,0.1891,0.2172,0.2473,0.2821,0.2344,0.3658,0.3877,0.4274,0.4647,0.4834,0.4343,2503506,100.0,05/10/2026 12:52:21
19720,False,0.1311,0.1495,0.1717,0.1977,0.2266,0.1524,0.4455,0.4803,0.5344,0.5893,0.616,0.5444,2510659,100.0,05/10/2026 12:52:18
19739,False,0.1765,0.198,0.2286,0.2603,0.2911,0.2147,0.2695,0.2964,0.3448,0.3974,0.422,0.3493,2503605,100.0,05/10/2026 12:52:20
19747,False,0.1965,0.2218,0.2544,0.2864,0.323,0.2553,0.2248,0.2533,0.3161,0.3678,0.3971,0.3158,2512721,100.0,05/10/2026 12:52:20
19755,False,0.1335,0.1523,0.1762,0.2028,0.2322,0.1734,0.5062,0.5298,0.5643,0.5966,0.6142,0.5801,2503704,100.0,05/10/2026 12:52:20
19763,False,0.106,0.1186,0.1384,0.1597,0.1876,0.1399,0.112,0.1506,0.2214,0.284,0.3131,0.2145,2500536,100.0,05/10/2026 12:52:20
19771,False,0.1179,0.1351,0.1559,0.1801,0.2079,0.1586,0.3814,0.4044,0.4491,0.4889,0.5109,0.4547,2503803,100.0,05/10/2026 12:52:20
19780,False,0.1276,0.1465,0.1702,0.1956,0.2273,0.1703,0.3783,0.4003,0.4475,0.4886,0.5111,0.4546,2501575,100.0,05/10/2026 12:52:21
19798,False,0.1313,0.1507,0.1733,0.2001,0.2294,0.1834,0.706,0.7199,0.7432,0.7657,0.7753,0.7547,2503902,100.0,05/10/2026 12:52:23
19801,False,0.1037,0.1158,0.1348,0.1569,0.1825,0.1443,0.4104,0.4365,0.4932,0.5404,0.5686,0.5049,2504355,100.0,05/10/2026 12:52:20
19810,False,0.1022,0.1182,0.1368,0.1589,0.1808,0.143,0.0041,0.0154,0.0616,0.115,0.1518,0.043,2504009,100.0,05/10/2026 12:52:20
19828,False,0.123,0.1394,0.1623,0.1872,0.2119,0.1561,0.1698,0.2075,0.2725,0.3348,0.3621,0.2697,2512788,100.0,05/10/2026 12:52:17
19836,False,0.1816,0.2062,0.2355,0.268,0.301,0.2006,0.6083,0.6344,0.6809,0.7203,0.7379,0.6958,2504108,100.0,05/10/2026 12:52:21
19844,False,0.1319,0.15,0.1738,0.1992,0.2289,0.182,0.417,0.44,0.4821,0.5219,0.5439,0.4907,2500775,100.0,05/10/2026 12:52:21
19852,False,0.2037,0.226,0.2578,0.2933,0.3331,0.2449,0.3774,0.4031,0.4467,0.4886,0.513,0.4519,2504207,100.0,05/10/2026 12:52:17
19860,False,0.1199,0.1357,0.1578,0.1821,0.2087,0.159,0.3787,0.4119,0.4693,0.5188,0.5461,0.4799,2513984,100.0,05/10/2026 12:52:20
19879,False,0.133,0.15,0.1736,0.1999,0.229,0.1727,0.411,0.4305,0.4633,0.4948,0.5138,0.4719,2504306,100.0,05/10/2026 12:52:21
19887,False,0.1399,0.1558,0.1797,0.207,0.2339,0.1807,0.4937,0.5176,0.5599,0.5958,0.6145,0.5686,2517209,100.0,05/10/2026 12:52:21
19895,False,0.1739,0.1964,0.2265,0.2567,0.2962,0.2201,0.4552,0.4749,0.5072,0.5362,0.551,0.5151,2504405,100.0,05/10/2026 12:52:21
19909,False,0.2128,0.2394,0.2718,0.3068,0.3478,0.2355,0.3875,0.4237,0.4824,0.5376,0.5627,0.4911,2501153,100.0,05/10/2026 12:52:22
19917,False,0.1692,0.1919,0.2198,0.2492,0.2859,0.2142,0.5172,0.5349,0.574,0.6097,0.6275,0.5853,2504504,100.0,05/10/2026 12:52:20
19925,False,0.1486,0.1694,0.1945,0.2231,0.2562,0.1946,0.6457,0.6663,0.7015,0.7341,0.7505,0.7158,2500577,100.0,05/10/2026 12:52:19
19933,False,0.1519,0.1738,0.2009,0.2299,0.2636,0.2129,0.1253,0.152,0.2003,0.2438,0.2668,0.1952,2504603,100.0,05/10/2026 12:52:23
19941,False,0.094,0.1069,0.1256,0.145,0.1674,0.1286,0.2629,0.2909,0.3441,0.3968,0.4227,0.3487,2502151,100.0,05/10/2026 12:52:22
19950,False,0.1262,0.1432,0.1672,0.192,0.2207,0.1595,0.5205,0.5402,0.5813,0.6173,0.6337,0.5914,2504702,100.0,05/10/2026 12:52:22
19968,False,0.1421,0.1612,0.1849,0.2132,0.2445,0.1929,0.5347,0.551,0.5829,0.6134,0.6283,0.5921,2509057,100.0,05/10/2026 12:52:22
19976,False,0.173,0.1961,0.2243,0.2569,0.2929,0.2247,0.3479,0.3669,0.4061,0.4412,0.4601,0.4098,2504801,100.0,05/10/2026 12:52:18
19984,False,0.1471,0.1662,0.1925,0.2221,0.2538,0.197,0.5579,0.5771,0.6107,0.6411,0.6575,0.6206,2509396,100.0,05/10/2026 12:52:19
19992,False,0.1202,0.1359,0.1577,0.1829,0.2093,0.1618,0.3191,0.3388,0.3743,0.4095,0.4246,0.3786,2504900,100.0,05/10/2026 12:52:22
20001,False,0.0973,0.1126,0.1315,0.1541,0.1758,0.1355,0.3581,0.3881,0.4343,0.4793,0.5011,0.4427,2513158,100.0,05/10/2026 12:52:23
20010,False,0.1533,0.1746,0.1999,0.2297,0.2599,0.1952,0.3654,0.3906,0.4389,0.4863,0.5089,0.4483,2505006,100.0,05/10/2026 12:52:22
20036,False,0.1572,0.1787,0.2045,0.2335,0.2664,0.2075,0.5257,0.5451,0.5752,0.604,0.62,0.5869,2505105,100.0,05/10/2026 12:52:17
20052,False,0.1439,0.1636,0.1891,0.2166,0.2453,0.2097,0.411,0.4384,0.4765,0.5162,0.5355,0.4851,2505204,100.0,05/10/2026 12:52:18
20079,False,0.1761,0.1998,0.2287,0.2598,0.2975,0.2159,0.406,0.4474,0.5199,0.5854,0.6134,0.5374,2505303,100.0,05/10/2026 12:52:20
20095,False,0.1645,0.1857,0.2136,0.2436,0.2728,0.2091,0.4423,0.46,0.4957,0.5309,0.5503,0.5039,2505402,100.0,05/10/2026 12:52:20
20117,False,0.1878,0.2133,0.2408,0.275,0.3117,0.2327,0.482,0.5113,0.5623,0.6094,0.6341,0.5756,2505501,100.0,05/10/2026 12:52:19
20133,False,0.188,0.2115,0.2413,0.2726,0.3118,0.2399,0.5531,0.5758,0.6125,0.6464,0.663,0.6259,2505600,100.0,05/10/2026 12:52:17
20150,False,0.152,0.1736,0.2002,0.2282,0.264,0.1986,0.5643,0.5805,0.6123,0.6431,0.6585,0.6241,2505709,100.0,05/10/2026 12:52:21
20176,False,0.1641,0.1845,0.2118,0.2434,0.2769,0.202,0.2917,0.3226,0.3772,0.4307,0.4568,0.3815,2505808,100.0,05/10/2026 12:52:18
20192,False,0.2097,0.236,0.269,0.3039,0.3396,0.2466,0.3307,0.3611,0.4153,0.4671,0.498,0.4211,2505907,100.0,05/10/2026 12:52:19
20214,False,0.121,0.139,0.1604,0.1837,0.2126,0.1745,0.2451,0.2752,0.3257,0.3707,0.393,0.3278,2506004,100.0,05/10/2026 12:52:20
20230,False,0.1379,0.1535,0.1786,0.2047,0.2344,0.1904,0.4967,0.52,0.5601,0.5967,0.6143,0.5737,2506103,100.0,05/10/2026 12:52:18
20257,False,0.1421,0.1618,0.187,0.2148,0.2496,0.1701,0.2885,0.3291,0.4042,0.4704,0.5061,0.4116,2506202,100.0,05/10/2026 12:52:17
20273,False,0.1208,0.1377,0.1601,0.1852,0.2183,0.1657,0.1554,0.1821,0.2377,0.2866,0.3095,0.2314,2506301,100.0,05/10/2026 12:52:19
20290,False,0.1424,0.1637,0.1881,0.216,0.2494,0.1958,0.4267,0.4446,0.4815,0.5153,0.5344,0.4892,2506400,100.0,05/10/2026 12:52:21
20311,False,0.1142,0.1298,0.1514,0.175,0.2034,0.1477,0.5589,0.5856,0.6287,0.6708,0.6887,0.6426,2506509,100.0,05/10/2026 12:52:17
20338,False,0.1861,0.2105,0.2409,0.2724,0.3083,0.2221,0.5506,0.5731,0.6154,0.6535,0.6713,0.6307,2506608,100.0,05/10/2026 12:52:20
20354,False,0.1714,0.1933,0.2207,0.2526,0.2879,0.226,0.5853,0.603,0.6327,0.6596,0.6729,0.6438,2506707,100.0,05/10/2026 12:52:20
20370,False,0.1455,0.1676,0.1926,0.2194,0.25,0.196,0.3001,0.3204,0.3567,0.3904,0.41,0.3605,2506806,100.0,05/10/2026 12:52:20
20397,False,0.1294,0.15,0.1729,0.1994,0.2301,0.175,0.1732,0.1958,0.2411,0.2835,0.309,0.2407,2506905,100.0,05/10/2026 12:52:20
20419,False,0.1694,0.1903,0.2178,0.2479,0.2854,0.2156,0.4093,0.4302,0.4719,0.5114,0.5313,0.4832,2507002,100.0,05/10/2026 12:52:18
20435,False,0.1235,0.1406,0.1623,0.1865,0.2171,0.1709,0.3727,0.3965,0.4386,0.4764,0.4956,0.446,2507101,100.0,05/10/2026 12:52:22
20451,False,0.1269,0.146,0.1696,0.1951,0.2252,0.1686,0.3473,0.3699,0.406,0.4437,0.4609,0.4104,2507200,100.0,05/10/2026 12:52:22
20478,False,0.1758,0.1963,0.2251,0.2575,0.2934,0.2294,0.2076,0.2374,0.2895,0.3396,0.3639,0.2904,2507309,100.0,05/10/2026 12:52:23
20494,False,0.1816,0.2057,0.2346,0.2674,0.3036,0.2428,0.4386,0.462,0.4992,0.5349,0.5511,0.5061,2507408,100.0,05/10/2026 12:52:20
20516,False,0.1207,0.1378,0.1594,0.1846,0.212,0.168,0.0017,0.0067,0.0391,0.0931,0.1244,0.0091,2507507,100.0,05/10/2026 12:52:21
20532,False,0.1452,0.1644,0.1896,0.217,0.247,0.1828,0.4191,0.4414,0.4803,0.5169,0.5342,0.4875,2507606,100.0,05/10/2026 12:52:21
20559,False,0.1524,0.1728,0.2005,0.2296,0.2634,0.1922,0.3985,0.4158,0.4497,0.4814,0.4986,0.455,2507705,100.0,05/10/2026 12:52:20
20575,False,0.142,0.1614,0.1853,0.2138,0.2489,0.1788,0.3568,0.3888,0.443,0.4965,0.5225,0.4531,2507804,100.0,05/10/2026 12:52:19
20591,False,0.1348,0.1532,0.1783,0.2042,0.2354,0.183,0.3017,0.3248,0.367,0.4069,0.4311,0.3713,2507903,100.0,05/10/2026 12:52:18
20613,False,0.1768,0.198,0.2269,0.2582,0.2923,0.2318,0.5803,0.5974,0.6296,0.6588,0.6725,0.6417,2508000,100.0,05/10/2026 12:52:19
20630,False,0.1634,0.1868,0.2136,0.2446,0.2757,0.2033,0.5657,0.5896,0.6301,0.6695,0.6874,0.6471,2508109,100.0,05/10/2026 12:52:19
20656,False,0.1815,0.2056,0.2353,0.2676,0.3044,0.2499,0.3474,0.3739,0.4236,0.4703,0.4921,0.4303,2508208,100.0,05/10/2026 12:52:22
20672,False,0.1079,0.1222,0.1416,0.1632,0.1928,0.156,0.167,0.1939,0.2408,0.2855,0.3104,0.2391,2508307,100.0,05/10/2026 12:52:21
20699,False,0.1476,0.1709,0.1962,0.2245,0.2605,0.1802,0.4921,0.5144,0.5589,0.5999,0.6199,0.5701,2508406,100.0,05/10/2026 12:52:20
20710,False,0.1633,0.1847,0.2129,0.2425,0.2754,0.2121,0.4261,0.4533,0.4978,0.5399,0.5609,0.5074,2508505,100.0,05/10/2026 12:52:19
20737,False,0.1568,0.1766,0.2029,0.2333,0.2633,0.1895,0.2326,0.259,0.3067,0.3511,0.3738,0.3074,2508604,100.0,05/10/2026 12:52:20
20753,False,0.1352,0.1522,0.1761,0.2019,0.2297,0.1726,0.4846,0.5095,0.5572,0.6038,0.6245,0.5699,2508703,100.0,05/10/2026 12:52:17
20770,False,0.1603,0.1801,0.2062,0.2334,0.2691,0.2085,0.5738,0.5932,0.6288,0.6609,0.6781,0.6423,2508802,100.0,05/10/2026 12:52:17
20796,False,0.1409,0.1598,0.1841,0.2103,0.2372,0.191,0.1745,0.1994,0.2493,0.2953,0.3198,0.2477,2508901,100.0,05/10/2026 12:52:21
20818,False,0.1591,0.1812,0.2076,0.238,0.2723,0.2197,0.6584,0.6727,0.6989,0.7226,0.7332,0.7132,2509008,100.0,05/10/2026 12:52:23
20834,False,0.1199,0.1382,0.159,0.1835,0.2122,0.1621,0.3379,0.3621,0.4002,0.4374,0.4581,0.4062,2509107,100.0,05/10/2026 12:52:19
20850,False,0.1167,0.1347,0.156,0.1789,0.2074,0.1661,0.3397,0.3623,0.4032,0.4431,0.4642,0.4091,2509206,100.0,05/10/2026 12:52:19
20877,False,0.1875,0.2127,0.2424,0.2732,0.3111,0.2263,0.2766,0.3009,0.3485,0.3911,0.4135,0.3502,2509305,100.0,05/10/2026 12:52:21
20893,False,0.1342,0.1512,0.1753,0.2,0.2312,0.1798,0.2862,0.3074,0.3489,0.3873,0.4088,0.3519,2509404,100.0,05/10/2026 12:52:22
20915,False,0.1132,0.1295,0.1499,0.1738,0.1992,0.1655,0.316,0.3493,0.4019,0.455,0.4806,0.411,2509503,100.0,05/10/2026 12:52:21
20931,False,0.1658,0.1849,0.2139,0.245,0.2793,0.2275,0.506,0.5346,0.5818,0.6262,0.6454,0.5971,2509602,100.0,05/10/2026 12:52:18
20958,False,0.138,0.1561,0.18,0.207,0.2367,0.1855,0.4684,0.4906,0.5237,0.5558,0.5704,0.5347,2509701,100.0,05/10/2026 12:52:21
20974,False,0.1318,0.1518,0.1747,0.2002,0.229,0.1572,0.4062,0.4323,0.4756,0.5169,0.5392,0.4862,2509800,100.0,05/10/2026 12:52:20
20990,False,0.151,0.1702,0.1958,0.2234,0.2549,0.1953,0.3957,0.4209,0.4683,0.5143,0.5338,0.4759,2509909,100.0,05/10/2026 12:52:22
21016,False,0.1369,0.1559,0.1803,0.2084,0.2391,0.1816,0.5469,0.5643,0.5991,0.6306,0.6473,0.6112,2510006,100.0,05/10/2026 12:52:19
21032,False,0.1496,0.1687,0.194,0.2228,0.2567,0.2063,0.3778,0.4095,0.4591,0.5062,0.5316,0.4704,2510105,100.0,05/10/2026 12:52:19
21059,False,0.2253,0.2508,0.2854,0.3234,0.3617,0.2907,0.5572,0.5783,0.6147,0.6476,0.6646,0.6269,2510204,100.0,05/10/2026 12:52:19
21075,False,0.0922,0.1063,0.1241,0.1436,0.1656,0.1218,0.5377,0.5676,0.6154,0.6594,0.6803,0.6332,2510303,100.0,05/10/2026 12:52:18
21091,False,0.186,0.209,0.2396,0.2714,0.3108,0.2382,0.4258,0.4499,0.4911,0.5304,0.5474,0.5004,2510402,100.0,05/10/2026 12:52:22
21113,False,0.1346,0.1521,0.1767,0.2024,0.2324,0.172,0.3015,0.3344,0.3954,0.453,0.4823,0.4029,2510501,100.0,05/10/2026 12:52:18
21130,False,0.1169,0.1334,0.1546,0.1775,0.205,0.1422,0.5333,0.5592,0.6031,0.6428,0.6615,0.6116,2510600,100.0,05/10/2026 12:52:19
21156,False,0.1668,0.1894,0.2174,0.2489,0.2829,0.2062,0.318,0.3557,0.416,0.4715,0.504,0.4217,2510709,100.0,05/10/2026 12:52:18
21172,False,0.1434,0.1631,0.1874,0.2145,0.2425,0.1851,0.2005,0.2303,0.28,0.3263,0.3466,0.28,2510808,100.0,05/10/2026 12:52:19
21199,False,0.1433,0.1635,0.1886,0.2161,0.2451,0.1841,0.2978,0.3229,0.3685,0.4141,0.4364,0.3746,2510907,100.0,05/10/2026 12:52:23
21210,False,0.1743,0.1976,0.2264,0.2585,0.2946,0.2253,0.3229,0.3541,0.4141,0.468,0.4977,0.4206,2511004,100.0,05/10/2026 12:52:19
21237,False,0.1161,0.1321,0.1523,0.1748,0.203,0.1468,0.4662,0.4964,0.5445,0.5889,0.6116,0.5595,2511103,100.0,05/10/2026 12:52:19
21253,False,0.1339,0.1521,0.1766,0.2021,0.2314,0.1869,0.2548,0.275,0.3116,0.3486,0.3677,0.3131,2511202,100.0,05/10/2026 12:52:23
21270,False,0.1629,0.1849,0.212,0.2429,0.2742,0.2133,0.3573,0.3817,0.4261,0.4637,0.4845,0.4328,2511301,100.0,05/10/2026 12:52:22
21296,False,0.1316,0.1504,0.1728,0.1991,0.2298,0.1738,0.3309,0.3538,0.3983,0.4387,0.4592,0.4052,2511400,100.0,05/10/2026 12:52:20
21318,False,0.1201,0.1351,0.1567,0.1811,0.2083,0.1584,0.2641,0.2883,0.3398,0.3855,0.4076,0.3404,2511509,100.0,05/10/2026 12:52:20
21334,False,0.1494,0.1697,0.196,0.2249,0.2614,0.1982,0.4459,0.473,0.5159,0.5546,0.5744,0.5255,2511608,100.0,05/10/2026 12:52:21
21350,False,0.126,0.1444,0.1673,0.193,0.2204,0.1895,0.4558,0.482,0.5245,0.565,0.5869,0.5353,2511707,100.0,05/10/2026 12:52:23
21377,False,0.1301,0.1466,0.1689,0.194,0.2242,0.1774,0.3693,0.398,0.4499,0.498,0.522,0.4593,2511806,100.0,05/10/2026 12:52:20
21393,False,0.1595,0.1834,0.2104,0.2399,0.2734,0.2136,0.2815,0.3032,0.3451,0.3845,0.4023,0.3486,2511905,100.0,05/10/2026 12:52:22
21415,False,0.1247,0.1432,0.1638,0.1885,0.2188,0.1747,0.2167,0.2477,0.2983,0.3443,0.369,0.2989,2512002,100.0,05/10/2026 12:52:19
21431,False,0.1522,0.1726,0.197,0.2264,0.2558,0.1939,0.2393,0.2649,0.3079,0.3503,0.3717,0.3095,2512101,100.0,05/10/2026 12:52:21
21458,False,0.1473,0.1678,0.1923,0.2194,0.2521,0.1847,0.3486,0.3762,0.4255,0.4733,0.4937,0.4309,2512200,100.0,05/10/2026 12:52:18
21474,False,0.1695,0.1943,0.2222,0.2527,0.2886,0.2295,0.5442,0.5651,0.5986,0.6295,0.6457,0.6133,2512309,100.0,05/10/2026 12:52:23
21490,False,0.1043,0.1189,0.1379,0.1594,0.1854,0.1504,0.226,0.2597,0.3185,0.3707,0.3972,0.3202,2512408,100.0,05/10/2026 12:52:20
21512,False,0.1227,0.142,0.1635,0.1886,0.2174,0.173,0.35,0.3699,0.409,0.4448,0.4642,0.4161,2512507,100.0,05/10/2026 12:52:19
21539,False,0.1386,0.1566,0.1811,0.2084,0.2373,0.1717,0.2621,0.301,0.3667,0.4316,0.4619,0.371,2512606,100.0,05/10/2026 12:52:20
21555,False,0.1418,0.1615,0.1842,0.2113,0.2428,0.1972,0.4574,0.4775,0.5159,0.5526,0.5708,0.5282,2512705,100.0,05/10/2026 12:52:19
21571,False,0.1386,0.1575,0.1815,0.2085,0.238,0.1611,0.5105,0.5303,0.5615,0.5926,0.6098,0.5707,2512804,100.0,05/10/2026 12:52:22
21598,False,0.1143,0.1298,0.1504,0.174,0.1996,0.1573,0.2762,0.2999,0.3405,0.3778,0.3957,0.3432,2512903,100.0,05/10/2026 12:52:21
21610,False,0.2109,0.2389,0.2711,0.3077,0.3439,0.2313,0.2669,0.3088,0.377,0.4388,0.4676,0.3806,2513000,100.0,05/10/2026 12:52:22
21636,False,0.1553,0.1746,0.2008,0.2306,0.2633,0.2045,0.3743,0.3964,0.4352,0.4743,0.498,0.4435,2513109,100.0,05/10/2026 12:52:21
21652,False,0.1198,0.1355,0.1568,0.1808,0.2078,0.1596,0.575,0.5927,0.6293,0.6621,0.6771,0.6415,2513208,100.0,05/10/2026 12:52:19
21679,False,0.1352,0.1543,0.178,0.203,0.2371,0.191,0.6527,0.6714,0.7019,0.7314,0.748,0.7196,2513307,100.0,05/10/2026 12:52:21
21695,False,0.1254,0.1412,0.1636,0.1881,0.2168,0.1585,0.2605,0.2885,0.3387,0.3879,0.4168,0.3427,2513406,100.0,05/10/2026 12:52:17
21717,False,0.1806,0.2063,0.2362,0.2684,0.3037,0.2281,0.6526,0.6714,0.7063,0.7375,0.7521,0.7226,2513505,100.0,05/10/2026 12:52:20
21733,False,0.1749,0.1995,0.228,0.2601,0.3004,0.2249,0.4414,0.4669,0.5114,0.5556,0.5772,0.524,2513604,100.0,05/10/2026 12:52:20
21750,False,0.1217,0.1383,0.1603,0.1822,0.2092,0.166,0.0592,0.0887,0.1384,0.1884,0.2142,0.1296,2513703,100.0,05/10/2026 12:52:23
21776,False,0.1521,0.1722,0.1987,0.2279,0.2617,0.1983,0.3404,0.3714,0.4203,0.4679,0.4929,0.428,2513802,100.0,05/10/2026 12:52:19
21792,False,0.1668,0.1872,0.2153,0.2448,0.2768,0.1734,0.0028,0.0124,0.0591,0.1127,0.1465,0.0404,2513901,100.0,05/10/2026 12:52:23
21814,False,0.1262,0.1447,0.1668,0.1927,0.221,0.1556,0.5144,0.534,0.5724,0.6101,0.6261,0.5831,2514008,100.0,05/10/2026 12:52:20
21830,False,0.1294,0.1486,0.1721,0.198,0.2297,0.1667,0.5436,0.5659,0.6071,0.643,0.6627,0.6167,2514107,100.0,05/10/2026 12:52:23
21857,False,0.1372,0.156,0.1798,0.2071,0.2364,0.1865,0.5315,0.5511,0.588,0.6187,0.6341,0.5982,2514206,100.0,05/10/2026 12:52:21
21873,False,0.2241,0.2499,0.2841,0.3211,0.356,0.2865,0.5081,0.5298,0.5714,0.6089,0.6297,0.5835,2514305,100.0,05/10/2026 12:52:19
21890,False,0.1307,0.1504,0.1749,0.1998,0.228,0.1647,0.4708,0.4956,0.5392,0.5799,0.6019,0.5497,2514404,100.0,05/10/2026 12:52:21
21911,False,0.1534,0.1755,0.2015,0.2311,0.263,0.1988,0.5696,0.5858,0.6186,0.6496,0.6658,0.6349,2514503,100.0,05/10/2026 12:52:22
21938,False,0.1394,0.1557,0.1794,0.2052,0.2356,0.1803,0.3226,0.3478,0.402,0.4528,0.4763,0.4077,2514602,100.0,05/10/2026 12:52:18
21954,False,0.0821,0.0932,0.1087,0.1256,0.1462,0.099,0.3235,0.3544,0.4075,0.4569,0.4821,0.4126,2514701,100.0,05/10/2026 12:52:19
21970,False,0.1369,0.155,0.1794,0.2056,0.2355,0.1861,0.5349,0.56,0.601,0.6384,0.6548,0.6097,2514800,100.0,05/10/2026 12:52:20
21997,False,0.1698,0.1951,0.2238,0.2552,0.2911,0.2205,0.2783,0.3045,0.3543,0.4019,0.4264,0.3598,2514909,100.0,05/10/2026 12:52:21
22012,False,0.1248,0.143,0.1649,0.1901,0.2153,0.1749,0.092,0.118,0.1688,0.2168,0.245,0.1651,2515005,100.0,05/10/2026 12:52:23
22039,False,0.1301,0.1466,0.1702,0.1947,0.2243,0.1884,0.3005,0.332,0.3841,0.4333,0.4568,0.3898,2515104,100.0,05/10/2026 12:52:21
22055,False,0.1413,0.1599,0.1858,0.2141,0.2437,0.1832,0.6385,0.6589,0.696,0.7285,0.7457,0.7076,2515203,100.0,05/10/2026 12:52:21
22071,False,0.1364,0.154,0.1776,0.2034,0.2331,0.1799,0.2605,0.2837,0.3205,0.3558,0.3735,0.323,2515302,100.0,05/10/2026 12:52:19
22098,False,0.1391,0.1577,0.1826,0.2101,0.2421,0.1867,0.5179,0.5384,0.5768,0.6134,0.6309,0.5924,2515401,100.0,05/10/2026 12:52:21
22110,False,0.1389,0.1592,0.1823,0.2087,0.2398,0.1855,0.3619,0.3864,0.4259,0.4619,0.483,0.4319,2515500,100.0,05/10/2026 12:52:21
22136,False,0.1656,0.185,0.2121,0.2428,0.279,0.1881,0.2644,0.3025,0.3637,0.4182,0.4472,0.3643,2515609,100.0,05/10/2026 12:52:20
22152,False,0.1778,0.199,0.2279,0.2607,0.293,0.2197,0.6276,0.6535,0.6938,0.731,0.7473,0.7106,2515708,100.0,05/10/2026 12:52:21
22179,False,0.1126,0.1308,0.1513,0.1757,0.2051,0.1544,0.437,0.4579,0.5008,0.541,0.5632,0.5109,2515807,100.0,05/10/2026 12:52:19
22195,False,0.1622,0.1847,0.2115,0.2425,0.2797,0.2193,0.3971,0.4266,0.4817,0.5342,0.5595,0.4947,2515906,100.0,05/10/2026 12:52:17
22217,False,0.1461,0.1665,0.1928,0.2203,0.2518,0.2037,0.3202,0.3445,0.3885,0.4307,0.4515,0.3941,2516003,100.0,05/10/2026 12:52:21
22233,False,0.1227,0.1378,0.1603,0.1838,0.2125,0.1651,0.3365,0.3606,0.4026,0.4435,0.4636,0.4092,2516102,100.0,05/10/2026 12:52:21
22250,False,0.1202,0.1369,0.1593,0.1836,0.2077,0.1606,0.2853,0.311,0.3562,0.4,0.4199,0.3608,2516201,100.0,05/10/2026 12:52:22
22276,False,0.146,0.1653,0.1909,0.2185,0.254,0.1944,0.4804,0.4999,0.5314,0.5609,0.5751,0.5392,2516300,100.0,05/10/2026 12:52:21
22292,False,0.1724,0.1954,0.2237,0.2555,0.2909,0.2209,0.3615,0.3864,0.4284,0.4678,0.4899,0.4337,2516409,100.0,05/10/2026 12:52:20
22314,False,0.1709,0.1926,0.2206,0.2505,0.2875,0.2289,0.4774,0.4981,0.5293,0.5607,0.5776,0.5395,2516508,100.0,05/10/2026 12:52:20
22330,False,0.191,0.215,0.2453,0.2774,0.3134,0.2485,0.6702,0.6828,0.7045,0.7253,0.7348,0.7163,2516607,100.0,05/10/2026 12:52:21
22357,False,0.1543,0.1736,0.2007,0.231,0.2631,0.2027,0.5153,0.5313,0.5614,0.5895,0.6052,0.5708,2516706,100.0,05/10/2026 12:52:23
22373,False,0.1408,0.1614,0.186,0.2132,0.2462,0.1926,0.641,0.6616,0.6926,0.7219,0.7361,0.7098,2516805,100.0,05/10/2026 12:52:19
22390,False,0.1468,0.166,0.1911,0.2188,0.2523,0.1893,0.4779,0.4992,0.5391,0.575,0.5933,0.5523,2516904,100.0,05/10/2026 12:52:22
22411,False,0.1334,0.1522,0.1746,0.2007,0.2331,0.1848,0.4383,0.463,0.5073,0.5479,0.569,0.519,2517001,100.0,05/10/2026 12:52:22
22438,False,0.1078,0.1245,0.1445,0.1665,0.1946,0.1372,0.45,0.4854,0.5404,0.591,0.615,0.5552,2517100,100.0,05/10/2026 12:52:18
23000,False,0.1345,0.1517,0.175,0.2007,0.2305,0.1747,0.7004,0.7166,0.7429,0.7663,0.7766,0.7558,2611533,100.0,05/10/2026 12:52:19
23019,False,0.151,0.1686,0.1936,0.2225,0.2522,0.2002,0.4644,0.48,0.512,0.5402,0.5551,0.5211,2600104,100.0,05/10/2026 12:52:21
23027,False,0.1138,0.1289,0.1501,0.1731,0.1974,0.1506,0.3204,0.3457,0.3872,0.4246,0.4447,0.3915,2608453,100.0,05/10/2026 12:52:19
23035,False,0.1817,0.2071,0.2362,0.2691,0.3079,0.209,0.3002,0.3279,0.3756,0.4196,0.4467,0.3803,2600203,100.0,05/10/2026 12:52:19
23043,False,0.1274,0.1432,0.1661,0.1915,0.2219,0.185,0.5398,0.5659,0.6101,0.6496,0.6702,0.6307,2612471,100.0,05/10/2026 12:52:19
23051,False,0.1249,0.1421,0.1649,0.1896,0.2207,0.1803,0.4153,0.4408,0.4749,0.5097,0.5276,0.4851,2600302,100.0,05/10/2026 12:52:21
23060,False,0.1906,0.2169,0.2478,0.2813,0.3176,0.2396,0.3746,0.3972,0.4403,0.4789,0.5003,0.4464,2616506,100.0,05/10/2026 12:52:18
23078,False,0.1815,0.2074,0.2369,0.2706,0.3079,0.2295,0.4624,0.4807,0.5089,0.5379,0.5518,0.518,2600401,100.0,05/10/2026 12:52:22
23086,False,0.1397,0.1577,0.1836,0.2102,0.2406,0.1769,0.4749,0.4975,0.5393,0.5752,0.5958,0.5508,2616183,100.0,05/10/2026 12:52:21
23094,False,0.2117,0.2398,0.2703,0.3048,0.3438,0.2796,0.4729,0.4948,0.5312,0.5653,0.5805,0.5438,2600500,100.0,05/10/2026 12:52:20
23108,False,0.1509,0.1674,0.1932,0.22,0.2532,0.1723,0.5922,0.6134,0.6489,0.6793,0.6944,0.6674,2612455,100.0,05/10/2026 12:52:19
23116,False,0.1243,0.1435,0.1661,0.191,0.2206,0.1678,0.6752,0.6904,0.7169,0.7423,0.756,0.7335,2600609,100.0,05/10/2026 12:52:20
23124,False,0.136,0.1554,0.1791,0.2057,0.2356,0.1912,0.6172,0.6332,0.6615,0.6869,0.7003,0.6741,2608255,100.0,05/10/2026 12:52:18
23132,False,0.1647,0.1853,0.2115,0.2408,0.2764,0.2219,0.3603,0.3825,0.4219,0.4577,0.4755,0.4288,2600708,100.0,05/10/2026 12:52:21
23140,False,0.1367,0.1554,0.1795,0.2069,0.2354,0.1747,0.338,0.3741,0.4253,0.4715,0.4971,0.4346,2605152,100.0,05/10/2026 12:52:21
23159,False,0.1227,0.1417,0.1638,0.1884,0.2184,0.171,0.4613,0.4807,0.5178,0.5505,0.5675,0.5284,2600807,100.0,05/10/2026 12:52:20
23167,False,0.1607,0.1823,0.2103,0.2427,0.2735,0.2056,0.7745,0.7861,0.8053,0.8218,0.8312,0.8208,2603926,100.0,05/10/2026 12:52:21
23175,False,0.1652,0.1863,0.2128,0.2428,0.2806,0.2053,0.3219,0.3419,0.3783,0.4116,0.4306,0.3826,2600906,100.0,05/10/2026 12:52:23
23183,False,0.1658,0.1874,0.217,0.2458,0.2777,0.2048,0.4777,0.5029,0.5466,0.5857,0.6053,0.5626,2608750,100.0,05/10/2026 12:52:20
23191,False,0.1508,0.1715,0.1963,0.2262,0.2606,0.2041,0.4775,0.4967,0.5333,0.5674,0.584,0.5436,2601003,100.0,05/10/2026 12:52:21
23205,False,0.1392,0.1571,0.1811,0.2084,0.2375,0.181,0.343,0.3709,0.414,0.4586,0.4793,0.4237,2601052,100.0,05/10/2026 12:52:19
23213,False,0.154,0.1735,0.199,0.2289,0.2615,0.2048,0.4292,0.4496,0.4852,0.5194,0.5364,0.4965,2601102,100.0,05/10/2026 12:52:19
23221,False,0.1535,0.1723,0.197,0.2258,0.2559,0.1984,0.5209,0.5411,0.5773,0.6113,0.6293,0.5911,2604155,100.0,05/10/2026 12:52:20
23230,False,0.1447,0.1629,0.1872,0.2138,0.2435,0.1868,0.4043,0.4233,0.4592,0.494,0.5122,0.4691,2601201,100.0,05/10/2026 12:52:20
23248,False,0.1919,0.2163,0.2473,0.2794,0.3209,0.2587,0.7092,0.725,0.7513,0.7742,0.7862,0.77,2609154,100.0,05/10/2026 12:52:21
23256,False,0.1477,0.1706,0.1951,0.2243,0.2568,0.169,0.2136,0.2342,0.2758,0.3146,0.3327,0.2752,2601300,100.0,05/10/2026 12:52:20
23264,False,0.1872,0.2097,0.2387,0.2701,0.3083,0.241,0.6489,0.6684,0.6986,0.7257,0.7375,0.7169,2608057,100.0,05/10/2026 12:52:19
23272,False,0.1808,0.2052,0.235,0.267,0.3029,0.231,0.2628,0.2835,0.3201,0.3531,0.3712,0.3204,2601409,100.0,05/10/2026 12:52:21
23280,False,0.1693,0.1904,0.2182,0.2476,0.285,0.2157,0.2766,0.2969,0.3313,0.3645,0.3824,0.3338,2614857,100.0,05/10/2026 12:52:20
23299,False,0.1371,0.1562,0.1809,0.2077,0.236,0.1669,0.3882,0.4128,0.4575,0.498,0.5189,0.4657,2601508,100.0,05/10/2026 12:52:22
23302,False,0.1815,0.2084,0.2389,0.2714,0.3084,0.2341,0.3946,0.418,0.4575,0.493,0.5147,0.463,2607950,100.0,05/10/2026 12:52:21
23310,False,0.1858,0.2082,0.2388,0.2718,0.3064,0.214,0.588,0.6073,0.6397,0.6699,0.6854,0.6569,2601607,100.0,05/10/2026 12:52:21
23329,False,0.1536,0.1763,0.2022,0.232,0.2654,0.1914,0.5793,0.6,0.6347,0.6652,0.6823,0.6512,2612554,100.0,05/10/2026 12:52:20
23337,False,0.1361,0.1547,0.1784,0.2046,0.2343,0.184,0.2989,0.3269,0.375,0.4154,0.4367,0.3799,2601706,100.0,05/10/2026 12:52:20
23353,False,0.184,0.2073,0.2368,0.2696,0.3029,0.2121,0.6945,0.7132,0.7408,0.7652,0.7781,0.7589,2601805,100.0,05/10/2026 12:52:21
23370,False,0.1233,0.1421,0.1628,0.1886,0.2178,0.1729,0.349,0.3706,0.4103,0.4463,0.464,0.4159,2601904,100.0,05/10/2026 12:52:20
23396,False,0.1439,0.161,0.1852,0.2132,0.2451,0.1941,0.6597,0.6771,0.7026,0.7259,0.7372,0.7205,2602001,100.0,05/10/2026 12:52:21
23418,False,0.1637,0.1855,0.213,0.2436,0.2741,0.2173,0.5177,0.5355,0.5665,0.5969,0.6106,0.5793,2602100,100.0,05/10/2026 12:52:20
23434,False,0.1534,0.1712,0.1978,0.2274,0.2607,0.1947,0.4639,0.4814,0.5118,0.5402,0.556,0.5213,2602209,100.0,05/10/2026 12:52:22
23450,False,0.1532,0.171,0.1966,0.2256,0.2563,0.2011,0.2555,0.2807,0.3213,0.3613,0.381,0.3239,2602308,100.0,05/10/2026 12:52:21
23477,False,0.1226,0.1394,0.161,0.1866,0.2149,0.1733,0.4932,0.5148,0.5535,0.5863,0.6055,0.5655,2602407,100.0,05/10/2026 12:52:21
23493,False,0.1834,0.2071,0.2382,0.2702,0.3112,0.2416,0.5442,0.5675,0.6068,0.6436,0.662,0.6234,2602506,100.0,05/10/2026 12:52:20
23515,False,0.1627,0.188,0.2158,0.246,0.2826,0.2204,0.2366,0.2658,0.3088,0.3494,0.3715,0.3091,2602605,100.0,05/10/2026 12:52:21
23531,False,0.1549,0.1775,0.2028,0.231,0.2647,0.1897,0.4756,0.4917,0.5234,0.5531,0.5665,0.5311,2602704,100.0,05/10/2026 12:52:22
23558,False,0.2152,0.2399,0.2723,0.305,0.3456,0.2816,0.6485,0.6636,0.6881,0.7114,0.7237,0.7049,2602803,100.0,05/10/2026 12:52:20
23574,False,0.1271,0.1471,0.17,0.1956,0.2262,0.1704,0.327,0.3507,0.3941,0.4375,0.4608,0.4026,2602902,100.0,05/10/2026 12:52:20
23590,False,0.1551,0.1747,0.2021,0.2326,0.264,0.1869,0.5612,0.58,0.614,0.6439,0.6581,0.6309,2603009,100.0,05/10/2026 12:52:20
23612,False,0.126,0.1456,0.1687,0.1949,0.2255,0.1757,0.4244,0.4448,0.483,0.519,0.5343,0.4923,2603108,100.0,05/10/2026 12:52:19
23639,False,0.1885,0.2126,0.2423,0.2759,0.3092,0.2568,0.7472,0.759,0.7771,0.7946,0.8033,0.7922,2603207,100.0,05/10/2026 12:52:20
23655,False,0.1431,0.1631,0.1876,0.2151,0.2461,0.1867,0.616,0.638,0.6726,0.7064,0.7232,0.6923,2603306,100.0,05/10/2026 12:52:22
23671,False,0.1511,0.1733,0.1988,0.2272,0.2594,0.1954,0.6719,0.6886,0.7182,0.7452,0.7581,0.7356,2603405,100.0,05/10/2026 12:52:19
23698,False,0.1367,0.1537,0.1776,0.2033,0.232,0.182,0.3456,0.3639,0.4085,0.4478,0.4673,0.4127,2603504,100.0,05/10/2026 12:52:20
23710,False,0.1618,0.182,0.2099,0.2394,0.2748,0.2084,0.3159,0.3412,0.3906,0.4327,0.4556,0.3958,2603603,100.0,05/10/2026 12:52:22
23736,False,0.1631,0.1838,0.2113,0.2402,0.2741,0.2074,0.3966,0.4107,0.4397,0.4677,0.4831,0.4438,2603702,100.0,05/10/2026 12:52:19
23752,False,0.1777,0.2043,0.234,0.2654,0.2994,0.2447,0.6702,0.6873,0.7152,0.7398,0.7518,0.7339,2603801,100.0,05/10/2026 12:52:20
23779,False,0.17,0.1956,0.2235,0.2537,0.2895,0.2266,0.6318,0.6454,0.671,0.6945,0.7059,0.6846,2603900,100.0,05/10/2026 12:52:19
23795,False,0.1129,0.1281,0.1492,0.1719,0.1973,0.155,0.069,0.094,0.1407,0.1837,0.2071,0.1321,2604007,100.0,05/10/2026 12:52:20
23817,False,0.1105,0.1233,0.1432,0.1657,0.191,0.1525,0.0676,0.1001,0.1513,0.1987,0.2238,0.1399,2604106,100.0,05/10/2026 12:52:20
23833,False,0.1707,0.1946,0.2226,0.2562,0.2891,0.2165,0.4004,0.4221,0.456,0.4894,0.505,0.4646,2604205,100.0,05/10/2026 12:52:19
23850,False,0.2141,0.2429,0.2749,0.3097,0.3481,0.2504,0.5741,0.5991,0.6388,0.6763,0.6939,0.66,2604304,100.0,05/10/2026 12:52:21
23876,False,0.1348,0.1547,0.1781,0.2032,0.231,0.1739,0.3545,0.3741,0.4101,0.4443,0.4639,0.4145,2604403,100.0,05/10/2026 12:52:22
23892,False,0.1188,0.1355,0.1576,0.1815,0.2085,0.1643,0.2584,0.2834,0.33,0.3714,0.3938,0.3308,2604502,100.0,05/10/2026 12:52:21
23914,False,0.1351,0.1535,0.1776,0.2045,0.2301,0.1829,0.3368,0.357,0.393,0.431,0.4478,0.3985,2604601,100.0,05/10/2026 12:52:20
23930,False,0.2336,0.2592,0.2943,0.3295,0.3699,0.2967,0.5502,0.5701,0.6028,0.6309,0.6457,0.6157,2604700,100.0,05/10/2026 12:52:21
23957,False,0.179,0.204,0.2331,0.2652,0.3025,0.222,0.3909,0.4185,0.4634,0.5028,0.5239,0.4737,2604809,100.0,05/10/2026 12:52:22
23973,False,0.1321,0.1519,0.1757,0.2017,0.2322,0.1649,0.4618,0.4804,0.5143,0.5459,0.5601,0.5227,2604908,100.0,05/10/2026 12:52:19
23990,False,0.1325,0.1518,0.1751,0.2007,0.2278,0.1835,0.2385,0.2611,0.3045,0.3455,0.3662,0.3047,2605004,100.0,05/10/2026 12:52:21
24015,False,0.1869,0.2086,0.2384,0.2709,0.3076,0.2409,0.6187,0.6399,0.6699,0.6965,0.7117,0.6883,2605103,100.0,05/10/2026 12:52:21
24031,False,0.1374,0.1535,0.1769,0.2035,0.2315,0.1754,0.3467,0.3708,0.4099,0.45,0.4681,0.4179,2605202,100.0,05/10/2026 12:52:21
24058,False,0.157,0.1811,0.2072,0.2376,0.2701,0.2217,0.6148,0.6311,0.659,0.6844,0.699,0.6755,2605301,100.0,05/10/2026 12:52:21
24074,False,0.1278,0.1457,0.1683,0.1925,0.2234,0.1691,0.2468,0.2715,0.3146,0.3567,0.3772,0.3158,2605400,100.0,05/10/2026 12:52:23
24090,False,0.1342,0.1529,0.1768,0.2044,0.2345,0.1805,0.3546,0.3826,0.427,0.4695,0.4881,0.4341,2605509,100.0,05/10/2026 12:52:21
24112,False,0.1716,0.1949,0.2231,0.2543,0.2878,0.2302,0.6278,0.6435,0.6722,0.6988,0.7122,0.6883,2605608,100.0,05/10/2026 12:52:18
24139,False,0.1861,0.2114,0.2428,0.2735,0.3099,0.2214,0.626,0.643,0.6695,0.6942,0.7072,0.6861,2605707,100.0,05/10/2026 12:52:19
24155,False,0.1047,0.1205,0.1401,0.1621,0.1892,0.1407,0.306,0.3279,0.3733,0.4164,0.437,0.3778,2605806,100.0,05/10/2026 12:52:21
24171,False,0.1798,0.2007,0.2305,0.2621,0.301,0.2299,0.3216,0.3452,0.3838,0.421,0.4406,0.3884,2605905,100.0,05/10/2026 12:52:22
24198,False,0.1365,0.1551,0.1793,0.2054,0.2377,0.1923,0.3915,0.4142,0.4509,0.4883,0.5078,0.4616,2606002,100.0,05/10/2026 12:52:20
24210,False,0.1321,0.1507,0.1743,0.2006,0.2313,0.1823,0.4237,0.4436,0.4793,0.5123,0.5267,0.4876,2606101,100.0,05/10/2026 12:52:21
24236,False,0.1193,0.1367,0.1577,0.1825,0.2104,0.1567,0.2265,0.2496,0.2889,0.3261,0.3471,0.2894,2606200,100.0,05/10/2026 12:52:20
24252,False,0.1351,0.1531,0.1771,0.2039,0.2378,0.1712,0.5815,0.603,0.6403,0.6722,0.6873,0.6562,2606309,100.0,05/10/2026 12:52:19
24279,False,0.1301,0.1476,0.1708,0.1959,0.2262,0.1813,0.1832,0.2052,0.2528,0.3003,0.3236,0.2524,2606408,100.0,05/10/2026 12:52:22
24295,False,0.2276,0.2556,0.2896,0.3271,0.3668,0.2951,0.6277,0.6433,0.6707,0.6952,0.7085,0.6858,2606507,100.0,05/10/2026 12:52:22
24317,False,0.195,0.2198,0.2494,0.284,0.3187,0.2463,0.7038,0.7181,0.7389,0.7597,0.7694,0.755,2606606,100.0,05/10/2026 12:52:20
24333,False,0.1462,0.1631,0.1892,0.2167,0.2507,0.1947,0.5142,0.5364,0.5747,0.6113,0.6298,0.5868,2606705,100.0,05/10/2026 12:52:21
24350,False,0.1268,0.1426,0.1646,0.1903,0.22,0.1696,0.2331,0.2568,0.3029,0.3481,0.3702,0.3054,2606804,100.0,05/10/2026 12:52:20
24376,False,0.1649,0.1849,0.2118,0.2427,0.276,0.209,0.6052,0.6225,0.6531,0.6792,0.6945,0.6665,2606903,100.0,05/10/2026 12:52:20
24392,False,0.1839,0.2059,0.2358,0.2669,0.3025,0.234,0.7511,0.763,0.7796,0.795,0.8021,0.7915,2607000,100.0,05/10/2026 12:52:21
24414,False,0.1236,0.1406,0.1635,0.1877,0.2143,0.1652,0.655,0.6744,0.706,0.7352,0.7497,0.7192,2607109,100.0,05/10/2026 12:52:18
24430,False,0.1416,0.1624,0.1873,0.2156,0.2439,0.1873,0.3814,0.4068,0.4453,0.4799,0.4969,0.4534,2607208,100.0,05/10/2026 12:52:20
24457,False,0.1979,0.2265,0.2593,0.2926,0.3272,0.259,0.4652,0.4911,0.5337,0.5751,0.5985,0.5511,2607307,100.0,05/10/2026 12:52:19
24473,False,0.1966,0.2191,0.2515,0.2836,0.3224,0.2032,0.6573,0.6749,0.7042,0.7334,0.7464,0.7174,2607406,100.0,05/10/2026 12:52:20
24490,False,0.1688,0.1921,0.2206,0.2523,0.2828,0.227,0.546,0.5689,0.6075,0.6421,0.6622,0.6257,2607505,100.0,05/10/2026 12:52:18
24511,False,0.1532,0.1764,0.2019,0.2321,0.2648,0.1995,0.3896,0.4093,0.4495,0.4869,0.5062,0.4574,2607604,100.0,05/10/2026 12:52:22
24538,False,0.1483,0.1697,0.1946,0.224,0.2559,0.1978,0.5417,0.5632,0.5968,0.6292,0.6427,0.6115,2607703,100.0,05/10/2026 12:52:21
24554,False,0.1315,0.1484,0.1716,0.197,0.2248,0.159,0.3214,0.3423,0.384,0.4248,0.4461,0.3897,2607802,100.0,05/10/2026 12:52:21
24570,False,0.163,0.1849,0.2127,0.2429,0.2743,0.2114,0.081,0.1074,0.1585,0.2101,0.2365,0.1509,2607901,100.0,05/10/2026 12:52:20
24597,False,0.1883,0.2134,0.2466,0.2791,0.3203,0.2313,0.4868,0.5067,0.5443,0.5795,0.5954,0.5579,2608008,100.0,05/10/2026 12:52:21
24619,False,0.1688,0.1897,0.2178,0.2488,0.2821,0.2198,0.4589,0.4808,0.5202,0.5559,0.5732,0.533,2608107,100.0,05/10/2026 12:52:21
24635,False,0.1634,0.1857,0.2113,0.2423,0.2768,0.2177,0.3459,0.3661,0.4046,0.4427,0.4617,0.4106,2608206,100.0,05/10/2026 12:52:20
24651,False,0.1122,0.1281,0.1484,0.1722,0.1986,0.1563,0.5834,0.6028,0.639,0.6715,0.6905,0.6582,2608305,100.0,05/10/2026 12:52:22
24678,False,0.1636,0.1858,0.2136,0.2445,0.2779,0.2224,0.5266,0.5429,0.576,0.6063,0.6223,0.5886,2608404,100.0,05/10/2026 12:52:18
24694,False,0.1241,0.1432,0.1654,0.1895,0.2193,0.1686,0.3217,0.3473,0.3885,0.4278,0.4488,0.3932,2608503,100.0,05/10/2026 12:52:19
24716,False,0.1808,0.2047,0.235,0.266,0.3038,0.2423,0.5762,0.5963,0.6291,0.6613,0.6739,0.6458,2608602,100.0,05/10/2026 12:52:19
24732,False,0.1344,0.1554,0.1779,0.2031,0.234,0.1777,0.5024,0.5245,0.5579,0.5872,0.6019,0.5669,2608701,100.0,05/10/2026 12:52:21
24759,False,0.1476,0.1684,0.193,0.2202,0.2586,0.1982,0.278,0.3041,0.3502,0.3908,0.4105,0.3529,2608800,100.0,05/10/2026 12:52:18
24775,False,0.1211,0.1389,0.1601,0.1851,0.2136,0.1602,0.374,0.3937,0.4299,0.4642,0.4802,0.4373,2608909,100.0,05/10/2026 12:52:22
24791,False,0.1766,0.1991,0.2279,0.2588,0.2927,0.219,0.2299,0.2548,0.304,0.3484,0.3695,0.3047,2609006,100.0,05/10/2026 12:52:19
24813,False,0.1418,0.1614,0.1867,0.2132,0.2476,0.19,0.4532,0.4736,0.5126,0.5462,0.564,0.5218,2609105,100.0,05/10/2026 12:52:20
24830,False,0.1922,0.2161,0.2462,0.2801,0.3192,0.2281,0.3539,0.375,0.4146,0.4521,0.4716,0.4198,2609204,100.0,05/10/2026 12:52:21
24856,False,0.1934,0.2189,0.2489,0.2815,0.319,0.2442,0.544,0.5601,0.59,0.6166,0.6303,0.5998,2609303,100.0,05/10/2026 12:52:20
24872,False,0.1341,0.1519,0.1763,0.2039,0.2313,0.1798,0.2507,0.2813,0.3253,0.3679,0.3882,0.3283,2609402,100.0,05/10/2026 12:52:20
24899,False,0.1266,0.1454,0.1677,0.1922,0.2223,0.1763,0.2453,0.2657,0.3082,0.3494,0.37,0.3105,2609501,100.0,05/10/2026 12:52:20
24910,False,0.1142,0.1312,0.1517,0.1761,0.2025,0.1537,0.1458,0.1746,0.2229,0.2692,0.2935,0.2191,2609600,100.0,05/10/2026 12:52:21
24937,False,0.154,0.1752,0.2018,0.2308,0.2621,0.1923,0.5325,0.5532,0.5867,0.6174,0.6311,0.6012,2609709,100.0,05/10/2026 12:52:20
24953,False,0.1372,0.1571,0.181,0.2094,0.2421,0.1669,0.5099,0.5332,0.5723,0.6078,0.6267,0.5866,2609808,100.0,05/10/2026 12:52:21
24970,False,0.1534,0.1762,0.2028,0.2331,0.2677,0.207,0.6048,0.6229,0.6502,0.6771,0.6898,0.6669,2609907,100.0,05/10/2026 12:52:19
24996,False,0.1597,0.1803,0.2072,0.2372,0.2731,0.2141,0.3517,0.376,0.4144,0.4503,0.4663,0.4202,2610004,100.0,05/10/2026 12:52:19
25011,False,0.2267,0.2527,0.2855,0.3225,0.3618,0.2943,0.5483,0.5704,0.6135,0.6491,0.6698,0.63,2610103,100.0,05/10/2026 12:52:23
25038,False,0.1412,0.1611,0.185,0.2138,0.2458,0.1899,0.4707,0.4952,0.5333,0.5661,0.5834,0.5437,2610202,100.0,05/10/2026 12:52:23
25054,False,0.1279,0.1449,0.1681,0.1934,0.2244,0.179,0.586,0.6076,0.6411,0.6722,0.689,0.6592,2610301,100.0,05/10/2026 12:52:21
25070,False,0.1746,0.1975,0.2247,0.2561,0.2906,0.2039,0.7222,0.7343,0.7548,0.7727,0.7815,0.7687,2610400,100.0,05/10/2026 12:52:20
25097,False,0.1496,0.1692,0.1958,0.2241,0.2551,0.1903,0.4125,0.433,0.4662,0.4977,0.5151,0.474,2610509,100.0,05/10/2026 12:52:19
25119,False,0.1205,0.1355,0.1586,0.1818,0.2115,0.1582,0.1563,0.1809,0.2242,0.2666,0.2885,0.2208,2610608,100.0,05/10/2026 12:52:19
25135,False,0.124,0.1412,0.1626,0.1892,0.2168,0.1635,0.127,0.1544,0.2074,0.255,0.282,0.2005,2610707,100.0,05/10/2026 12:52:20
25151,False,0.1461,0.1663,0.191,0.219,0.2494,0.1926,0.5688,0.585,0.609,0.6324,0.6454,0.6196,2610806,100.0,05/10/2026 12:52:19
25178,False,0.1852,0.207,0.2365,0.2697,0.3023,0.2381,0.5736,0.5892,0.6157,0.6398,0.6526,0.6291,2610905,100.0,05/10/2026 12:52:21
25194,False,0.1903,0.2139,0.2445,0.2767,0.3129,0.2481,0.5036,0.5202,0.5534,0.5833,0.5992,0.5648,2611002,100.0,05/10/2026 12:52:22
25216,False,0.1374,0.1555,0.1799,0.2056,0.2344,0.1851,0.2081,0.2399,0.2934,0.3456,0.3728,0.2949,2611101,100.0,05/10/2026 12:52:19
25232,False,0.1781,0.2006,0.2306,0.2623,0.2928,0.2348,0.5773,0.5993,0.6337,0.6648,0.6816,0.648,2611200,100.0,05/10/2026 12:52:20
25259,False,0.1093,0.1241,0.1443,0.1665,0.1897,0.1531,0.22,0.2376,0.2774,0.3193,0.3409,0.279,2611309,100.0,05/10/2026 12:52:20
25275,False,0.1554,0.1751,0.2012,0.2299,0.2625,0.1919,0.3671,0.3902,0.4327,0.4721,0.4941,0.4394,2611408,100.0,05/10/2026 12:52:21
25291,False,0.2046,0.2298,0.2623,0.2989,0.3345,0.2606,0.5506,0.5694,0.5996,0.6287,0.6444,0.6127,2611507,100.0,05/10/2026 12:52:19
25313,False,0.1236,0.1436,0.1654,0.1893,0.2176,0.1626,0.1076,0.1367,0.1876,0.2353,0.2636,0.1806,2611606,100.0,05/10/2026 12:52:20
25330,False,0.0916,0.1067,0.1241,0.1435,0.1659,0.133,0.301,0.3221,0.3645,0.4019,0.4215,0.3688,2611705,100.0,05/10/2026 12:52:19
25356,False,0.1797,0.2011,0.2303,0.2614,0.2964,0.2204,0.3567,0.3735,0.4082,0.4436,0.4601,0.4142,2611804,100.0,05/10/2026 12:52:20
25372,False,0.1688,0.1897,0.2181,0.2488,0.2834,0.2141,0.3882,0.4064,0.4407,0.4737,0.4918,0.4481,2611903,100.0,05/10/2026 12:52:22
25399,False,0.1171,0.1333,0.1546,0.1793,0.2072,0.1503,0.2767,0.3046,0.3557,0.4043,0.4279,0.3604,2612000,100.0,05/10/2026 12:52:20
25410,False,0.2021,0.2252,0.2558,0.2877,0.3243,0.2356,0.4578,0.481,0.5239,0.5635,0.581,0.5346,2612109,100.0,05/10/2026 12:52:19
25437,False,0.1401,0.1594,0.1837,0.2099,0.2417,0.1939,0.4929,0.5108,0.5467,0.5771,0.5973,0.5601,2612208,100.0,05/10/2026 12:52:20
25453,False,0.2262,0.2535,0.2872,0.3226,0.3647,0.2951,0.6602,0.6751,0.7018,0.7274,0.74,0.7191,2612307,100.0,05/10/2026 12:52:19
25470,False,0.1475,0.1699,0.1955,0.2247,0.2614,0.2062,0.4933,0.511,0.5431,0.5739,0.5897,0.5544,2612406,100.0,05/10/2026 12:52:20
25496,False,0.1044,0.1186,0.1379,0.1595,0.186,0.1393,0.0232,0.0478,0.1041,0.1642,0.1952,0.1357,2612505,100.0,05/10/2026 12:52:19
25518,False,0.1403,0.159,0.1836,0.2105,0.2393,0.1749,0.541,0.5571,0.586,0.6123,0.6264,0.5991,2612604,100.0,05/10/2026 12:52:20
25534,False,0.1262,0.1459,0.1706,0.1949,0.2265,0.1848,0.316,0.3457,0.3892,0.4309,0.4522,0.3942,2612703,100.0,05/10/2026 12:52:20
25550,False,0.1663,0.1898,0.2167,0.2467,0.2838,0.2108,0.5294,0.5528,0.5926,0.6292,0.6459,0.6079,2612802,100.0,05/10/2026 12:52:21
25577,False,0.1905,0.2153,0.245,0.2793,0.3183,0.2465,0.4912,0.5131,0.5502,0.5867,0.6068,0.5636,2612901,100.0,05/10/2026 12:52:22
25593,False,0.1872,0.2122,0.2421,0.2763,0.312,0.245,0.4185,0.4378,0.4714,0.5056,0.5223,0.4816,2613008,100.0,05/10/2026 12:52:19
25615,False,0.1118,0.1288,0.1484,0.1719,0.198,0.1557,0.4688,0.4905,0.5259,0.5566,0.5755,0.5372,2613107,100.0,05/10/2026 12:52:20
25631,False,0.1634,0.1842,0.2117,0.2442,0.2776,0.2237,0.6334,0.6526,0.6794,0.7052,0.7189,0.6974,2613206,100.0,05/10/2026 12:52:22
25658,False,0.1381,0.1569,0.1809,0.2071,0.2368,0.184,0.4143,0.4382,0.4753,0.5087,0.5262,0.4831,2613305,100.0,05/10/2026 12:52:20
25674,False,0.21,0.2361,0.2677,0.3028,0.3426,0.2511,0.1455,0.1662,0.2055,0.2436,0.2627,0.2023,2613404,100.0,05/10/2026 12:52:18
25690,False,0.1793,0.2024,0.2323,0.2639,0.2998,0.2373,0.6345,0.6492,0.6741,0.6971,0.7082,0.6889,2613503,100.0,05/10/2026 12:52:19
25712,False,0.1477,0.1687,0.1942,0.2211,0.2481,0.1989,0.4952,0.5144,0.548,0.577,0.5923,0.5597,2613602,100.0,05/10/2026 12:52:20
25739,False,0.1168,0.1314,0.1525,0.1758,0.2051,0.1607,0.1964,0.2241,0.2715,0.3173,0.3427,0.2711,2613701,100.0,05/10/2026 12:52:20
25755,False,0.1586,0.1815,0.2077,0.2379,0.2746,0.1991,0.4026,0.424,0.4614,0.4945,0.5128,0.467,2613800,100.0,05/10/2026 12:52:21
25771,False,0.1423,0.1648,0.1896,0.2177,0.2499,0.1877,0.4129,0.4408,0.4812,0.52,0.5386,0.4935,2613909,100.0,05/10/2026 12:52:21
25798,False,0.2056,0.2315,0.2647,0.2996,0.3361,0.2532,0.6239,0.6415,0.671,0.6968,0.7126,0.6868,2614006,100.0,05/10/2026 12:52:21
25810,False,0.1995,0.2249,0.2579,0.2914,0.3295,0.2409,0.6269,0.6432,0.6671,0.6911,0.7034,0.6825,2614105,100.0,05/10/2026 12:52:19
25836,False,0.1522,0.1747,0.2009,0.2303,0.264,0.2125,0.2813,0.3056,0.3457,0.383,0.4018,0.3489,2614204,100.0,05/10/2026 12:52:19
25852,False,0.1611,0.1834,0.2086,0.2382,0.2767,0.2213,0.6788,0.6941,0.7204,0.7468,0.759,0.7385,2614303,100.0,05/10/2026 12:52:21
25879,False,0.1435,0.1636,0.189,0.2167,0.2502,0.2022,0.6826,0.6992,0.7255,0.7494,0.7623,0.7375,2614402,100.0,05/10/2026 12:52:21
25895,False,0.1204,0.1365,0.1573,0.1814,0.2098,0.1667,0.2543,0.2769,0.3187,0.3588,0.3831,0.3219,2614501,100.0,05/10/2026 12:52:18
25917,False,0.1367,0.1578,0.1819,0.207,0.2383,0.194,0.4899,0.51,0.5446,0.5766,0.5955,0.5575,2614600,100.0,05/10/2026 12:52:20
25933,False,0.1314,0.148,0.1703,0.195,0.2257,0.1787,0.4017,0.4278,0.4756,0.5189,0.5388,0.4873,2614709,100.0,05/10/2026 12:52:22
25950,False,0.1654,0.1879,0.216,0.2454,0.28,0.2139,0.6604,0.675,0.6981,0.7192,0.7297,0.7121,2614808,100.0,05/10/2026 12:52:22
25976,False,0.1404,0.1583,0.1833,0.2103,0.2436,0.2001,0.3547,0.3775,0.413,0.4469,0.4627,0.4198,2607653,100.0,05/10/2026 12:52:19
25992,False,0.1073,0.1239,0.1454,0.1667,0.1927,0.1511,0.0087,0.0248,0.0683,0.111,0.1321,0.0576,2615003,100.0,05/10/2026 12:52:20
26018,False,0.1537,0.1742,0.2011,0.2295,0.26,0.2042,0.55,0.5736,0.6129,0.6464,0.662,0.6265,2615102,100.0,05/10/2026 12:52:19
26034,False,0.1557,0.1777,0.2037,0.2315,0.2662,0.1807,0.7542,0.768,0.7933,0.8154,0.8256,0.8135,2615201,100.0,05/10/2026 12:52:20
26050,False,0.1569,0.1781,0.2049,0.2338,0.2707,0.1953,0.2765,0.3012,0.3469,0.3877,0.4125,0.3499,2615300,100.0,05/10/2026 12:52:23
26077,False,0.1091,0.1234,0.1444,0.1681,0.1915,0.1457,0.0068,0.0235,0.0686,0.1119,0.135,0.0567,2615409,100.0,05/10/2026 12:52:22
26093,False,0.1273,0.1461,0.1699,0.1959,0.2229,0.1718,0.3442,0.366,0.4083,0.4471,0.4659,0.4137,2615508,100.0,05/10/2026 12:52:21
26115,False,0.19,0.219,0.2509,0.2834,0.3215,0.2495,0.343,0.3644,0.4032,0.4385,0.4585,0.4088,2615607,100.0,05/10/2026 12:52:20
26131,False,0.1343,0.1532,0.1766,0.2034,0.236,0.1768,0.5569,0.5799,0.6183,0.6556,0.6747,0.6388,2615706,100.0,05/10/2026 12:52:21
26158,False,0.1706,0.1959,0.2248,0.255,0.2897,0.2274,0.533,0.5523,0.584,0.6159,0.6313,0.5982,2615805,100.0,05/10/2026 12:52:21
26174,False,0.1464,0.1677,0.1922,0.2206,0.249,0.1925,0.6316,0.65,0.6771,0.702,0.715,0.689,2615904,100.0,05/10/2026 12:52:20
26190,False,0.1488,0.1668,0.1916,0.2193,0.2516,0.1984,0.5072,0.528,0.5629,0.5953,0.6112,0.5761,2616001,100.0,05/10/2026 12:52:21
26212,False,0.1596,0.1821,0.2091,0.2383,0.2711,0.1956,0.6585,0.6752,0.7064,0.7337,0.7462,0.7238,2616100,100.0,05/10/2026 12:52:21
26239,False,0.1025,0.1185,0.138,0.1609,0.1851,0.14,0.2705,0.2946,0.3365,0.3779,0.397,0.3408,2616209,100.0,05/10/2026 12:52:18
26255,False,0.1628,0.1855,0.2138,0.242,0.2764,0.2115,0.287,0.31,0.3535,0.3949,0.4145,0.3571,2616308,100.0,05/10/2026 12:52:20
26271,False,0.1153,0.1291,0.151,0.1746,0.2029,0.1583,0.1011,0.1281,0.1752,0.2182,0.2419,0.1666,2616407,100.0,05/10/2026 12:52:20
26298,False,0.1169,0.1308,0.1522,0.1758,0.2022,0.1544,0.0817,0.1088,0.1624,0.213,0.2386,0.1537,2603454,100.0,05/10/2026 12:52:21
26310,False,0.1106,0.1273,0.1476,0.1705,0.197,0.1473,0.1289,0.156,0.2033,0.2477,0.2709,0.1984,2600054,100.0,05/10/2026 12:52:21
26336,False,0.1213,0.1376,0.1587,0.182,0.21,0.1505,0.3519,0.3746,0.4149,0.4544,0.4736,0.4221,2607752,100.0,05/10/2026 12:52:22
30015,False,0.3457,0.3765,0.4179,0.4602,0.5061,0.3318,0.004,0.016,0.0796,0.1594,0.1977,0.0617,2605459,100.0,05/10/2026 12:52:20
10006,False,0.1912,0.2135,0.2456,0.2772,0.3181,0.257,0.5687,0.5888,0.6222,0.6519,0.669,0.6367,2201960,100.0,05/10/2026 12:52:21
10014,False,0.1805,0.2065,0.237,0.27,0.3066,0.2225,0.543,0.5698,0.6074,0.6406,0.6588,0.6197,2200103,100.0,05/10/2026 12:52:20
10022,False,0.2024,0.2292,0.2589,0.294,0.3324,0.2357,0.4046,0.4315,0.4797,0.5238,0.5477,0.4882,2200277,100.0,05/10/2026 12:52:16
10030,False,0.1604,0.181,0.2071,0.2373,0.2739,0.1933,0.3134,0.3362,0.3746,0.4087,0.4246,0.3777,2200202,100.0,05/10/2026 12:52:17
10049,False,0.1352,0.1535,0.1771,0.2034,0.2397,0.1799,0.0683,0.094,0.1463,0.2004,0.2297,0.1406,2201150,100.0,05/10/2026 12:52:22
10057,False,0.1375,0.1531,0.1765,0.203,0.2308,0.1562,0.5728,0.591,0.6233,0.6516,0.6662,0.6369,2200301,100.0,05/10/2026 12:52:21
10065,False,0.1367,0.1556,0.1788,0.204,0.2383,0.1712,0.412,0.4311,0.4746,0.5129,0.533,0.4821,2201919,100.0,05/10/2026 12:52:21
10073,False,0.1128,0.1277,0.1484,0.1701,0.1973,0.1606,0.5165,0.5391,0.5744,0.6063,0.6243,0.5893,2200400,100.0,05/10/2026 12:52:21
10081,False,0.1383,0.1584,0.182,0.2106,0.2422,0.1862,0.7755,0.7862,0.808,0.8282,0.8377,0.8233,2201929,100.0,05/10/2026 12:52:18
10090,False,0.1825,0.205,0.2336,0.2657,0.3033,0.229,0.6357,0.6493,0.6709,0.6917,0.7018,0.6824,2200509,100.0,05/10/2026 12:52:21
10103,False,0.1265,0.1434,0.1663,0.1913,0.2181,0.1583,0.6176,0.6351,0.6646,0.6914,0.7054,0.6763,2202026,100.0,05/10/2026 12:52:22
10111,False,0.1694,0.1882,0.2169,0.2478,0.2789,0.2075,0.5274,0.5492,0.5874,0.6226,0.639,0.6001,2200608,100.0,05/10/2026 12:52:17
10120,False,0.1954,0.2216,0.2515,0.2844,0.323,0.2461,0.6292,0.6486,0.6829,0.7116,0.7255,0.7001,2202059,100.0,05/10/2026 12:52:22
10138,False,0.1252,0.1419,0.165,0.1906,0.2183,0.1785,0.6852,0.6992,0.7224,0.7438,0.7545,0.7326,2200707,100.0,05/10/2026 12:52:22
10146,False,0.1241,0.1435,0.166,0.1913,0.2178,0.1672,0.525,0.5509,0.5959,0.6398,0.6566,0.6143,2202091,100.0,05/10/2026 12:52:18
10154,False,0.1682,0.1905,0.2174,0.2497,0.2853,0.2123,0.1913,0.2239,0.2888,0.3443,0.3789,0.2889,2200806,100.0,05/10/2026 12:52:16
10162,False,0.1958,0.2234,0.2544,0.2877,0.3298,0.2403,0.4533,0.4787,0.5266,0.5708,0.5927,0.5351,2202251,100.0,05/10/2026 12:52:18
10170,False,0.1932,0.2198,0.2513,0.2836,0.3263,0.2242,0.5854,0.6035,0.6364,0.6674,0.6833,0.6483,2200905,100.0,05/10/2026 12:52:16
10189,False,0.1147,0.13,0.1516,0.1746,0.1999,0.1284,0.4911,0.5167,0.5595,0.5998,0.6187,0.5731,2202737,100.0,05/10/2026 12:52:21
10197,False,0.1467,0.1666,0.1923,0.222,0.253,0.1872,0.6129,0.635,0.6695,0.704,0.7189,0.6851,2201002,100.0,05/10/2026 12:52:19
10200,False,0.179,0.2027,0.2321,0.263,0.2975,0.2332,0.4684,0.4891,0.5276,0.5676,0.5864,0.5365,2202752,100.0,05/10/2026 12:52:21
10219,False,0.176,0.1988,0.2279,0.2591,0.2965,0.2445,0.4055,0.4271,0.476,0.5194,0.5393,0.4866,2201101,100.0,05/10/2026 12:52:21
10227,False,0.1892,0.214,0.2442,0.2773,0.3148,0.2547,0.6558,0.671,0.6961,0.7187,0.7317,0.7046,2202778,100.0,05/10/2026 12:52:21
10235,False,0.1645,0.1826,0.2099,0.239,0.2756,0.2186,0.46,0.4773,0.5085,0.5384,0.555,0.5195,2201200,100.0,05/10/2026 12:52:22
10243,False,0.1241,0.1417,0.1641,0.1897,0.2138,0.1543,0.6606,0.6829,0.7146,0.7427,0.7567,0.7303,2202851,100.0,05/10/2026 12:52:21
10251,False,0.2607,0.2887,0.3259,0.3652,0.4078,0.3164,0.4154,0.451,0.5084,0.5654,0.5916,0.5254,2201309,100.0,05/10/2026 12:52:23
10260,False,0.1433,0.1619,0.186,0.2131,0.2412,0.1981,0.7625,0.7738,0.7961,0.8157,0.8251,0.8082,2203750,100.0,05/10/2026 12:52:23
10278,False,0.1818,0.2039,0.2334,0.266,0.3038,0.229,0.3523,0.378,0.4237,0.4667,0.486,0.429,2201408,100.0,05/10/2026 12:52:17
10286,False,0.0769,0.0878,0.1025,0.1199,0.1411,0.1046,0.4597,0.4921,0.5506,0.6059,0.634,0.572,2205151,100.0,05/10/2026 12:52:19
10294,False,0.2011,0.229,0.2601,0.2941,0.3338,0.2747,0.4229,0.4417,0.4738,0.5038,0.5189,0.4816,2201507,100.0,05/10/2026 12:52:22
10308,False,0.1524,0.1744,0.2002,0.2292,0.2601,0.1799,0.4597,0.4877,0.5328,0.5747,0.5927,0.543,2205250,100.0,05/10/2026 12:52:18
10316,False,0.1431,0.1654,0.1902,0.2179,0.2425,0.1977,0.611,0.6307,0.6625,0.6927,0.7081,0.6801,2201606,100.0,05/10/2026 12:52:21
10324,False,0.1365,0.1555,0.1788,0.2061,0.2354,0.167,0.6306,0.6489,0.682,0.71,0.7231,0.6981,2205557,100.0,05/10/2026 12:52:23
10332,False,0.1491,0.1685,0.1937,0.2208,0.2554,0.1898,0.3492,0.3812,0.4328,0.4852,0.5142,0.4411,2201705,100.0,05/10/2026 12:52:21
10340,False,0.1107,0.1272,0.1482,0.1721,0.2004,0.1668,0.5817,0.602,0.6398,0.6757,0.6932,0.6543,2205565,100.0,05/10/2026 12:52:22
10359,False,0.1399,0.1579,0.1811,0.2097,0.2397,0.1635,0.5116,0.5392,0.5847,0.6227,0.6421,0.5983,2201804,100.0,05/10/2026 12:52:19
10367,False,0.113,0.1291,0.1498,0.1737,0.2011,0.1653,0.2669,0.299,0.3553,0.4058,0.4335,0.359,2205953,100.0,05/10/2026 12:52:22
10375,False,0.1302,0.1475,0.1693,0.1935,0.2268,0.1809,0.1528,0.1777,0.2198,0.2597,0.2791,0.2164,2201903,100.0,05/10/2026 12:52:21
10383,False,0.1509,0.1707,0.1967,0.2256,0.2628,0.1979,0.6183,0.6389,0.6736,0.706,0.7246,0.6901,2207777,100.0,05/10/2026 12:52:16
10391,False,0.1311,0.1498,0.1723,0.1996,0.2289,0.1827,0.4083,0.4298,0.467,0.5014,0.5202,0.4753,2202000,100.0,05/10/2026 12:52:22
10405,False,0.2385,0.2658,0.3007,0.3377,0.3778,0.2955,0.4177,0.4424,0.4895,0.5325,0.5568,0.4969,2207751,100.0,05/10/2026 12:52:23
10413,False,0.1873,0.2119,0.2425,0.2756,0.3122,0.2427,0.7359,0.749,0.7714,0.7921,0.8014,0.7829,2202109,100.0,05/10/2026 12:52:21
10421,False,0.1363,0.1576,0.181,0.2069,0.2386,0.1966,0.4657,0.4928,0.5447,0.591,0.6146,0.5604,2208650,100.0,05/10/2026 12:52:23
10430,False,0.1248,0.1436,0.1658,0.1926,0.2192,0.1762,0.4236,0.4461,0.4838,0.5193,0.5358,0.4944,2202208,100.0,05/10/2026 12:52:21
10448,False,0.1854,0.2091,0.2394,0.2727,0.307,0.2069,0.5301,0.5548,0.5964,0.6384,0.659,0.6095,2209153,100.0,05/10/2026 12:52:20
10456,False,0.1816,0.2098,0.2388,0.2701,0.3018,0.2524,0.4541,0.473,0.5055,0.5374,0.554,0.5143,2202307,100.0,05/10/2026 12:52:18
10464,False,0.1858,0.2103,0.2409,0.2741,0.3132,0.2543,0.4739,0.494,0.5361,0.574,0.5941,0.5443,2209377,100.0,05/10/2026 12:52:21
10472,False,0.1699,0.192,0.2194,0.2492,0.283,0.2306,0.5348,0.5623,0.6043,0.6434,0.6612,0.6229,2202406,100.0,05/10/2026 12:52:20
10480,False,0.1054,0.1196,0.1395,0.1601,0.1859,0.1571,0.6228,0.6427,0.6785,0.7091,0.7261,0.6927,2209351,100.0,05/10/2026 12:52:21
10499,False,0.1512,0.1723,0.1971,0.2251,0.2551,0.2051,0.6041,0.6205,0.6493,0.6763,0.6902,0.6609,2202505,100.0,05/10/2026 12:52:23
10502,False,0.1393,0.1594,0.1835,0.2095,0.2419,0.1905,0.7437,0.7584,0.7854,0.8106,0.8223,0.8038,2209559,100.0,05/10/2026 12:52:16
10510,False,0.2013,0.2249,0.257,0.2917,0.3311,0.2673,0.384,0.4059,0.4449,0.4801,0.4978,0.4528,2202604,100.0,05/10/2026 12:52:21
10529,False,0.1256,0.1445,0.1663,0.1907,0.2207,0.173,0.5186,0.5461,0.598,0.6451,0.6676,0.6181,2210052,100.0,05/10/2026 12:52:22
10537,False,0.124,0.142,0.164,0.1884,0.2197,0.1854,0.3551,0.3735,0.408,0.4414,0.4581,0.4134,2202703,100.0,05/10/2026 12:52:22
10545,False,0.1363,0.1551,0.1795,0.2056,0.2322,0.1573,0.5524,0.573,0.6097,0.6432,0.6604,0.6259,2210656,100.0,05/10/2026 12:52:21
10553,False,0.1644,0.1876,0.2144,0.2456,0.2793,0.1827,0.4745,0.5035,0.5528,0.5967,0.6201,0.5653,2202802,100.0,05/10/2026 12:52:22
10561,False,0.1296,0.1459,0.1687,0.1948,0.2251,0.1756,0.6776,0.6934,0.7287,0.7576,0.7708,0.7466,2210359,100.0,05/10/2026 12:52:23
10570,False,0.1639,0.1859,0.2138,0.2434,0.2766,0.2354,0.3184,0.3426,0.3822,0.4223,0.4439,0.3881,2202901,100.0,05/10/2026 12:52:20
10588,False,0.141,0.1598,0.1834,0.2099,0.2394,0.1845,0.6935,0.7085,0.7371,0.7646,0.776,0.7518,2211357,100.0,05/10/2026 12:52:23
10596,False,0.1838,0.2053,0.2342,0.2661,0.3011,0.2463,0.5217,0.5438,0.5817,0.6175,0.6364,0.5939,2203008,100.0,05/10/2026 12:52:22
10600,False,0.163,0.1833,0.2109,0.2406,0.2742,0.2239,0.5811,0.6022,0.6387,0.6719,0.6885,0.6455,2201176,100.0,05/10/2026 12:52:20
10618,False,0.1429,0.1648,0.1915,0.2194,0.2484,0.1988,0.4218,0.4436,0.4807,0.5186,0.5377,0.4891,2203107,100.0,05/10/2026 12:52:23
10626,False,0.0597,0.0687,0.0811,0.094,0.1119,0.0859,0.4981,0.5374,0.5974,0.6493,0.6803,0.6205,2201556,100.0,05/10/2026 12:52:21
10634,False,0.152,0.1735,0.2007,0.2291,0.2637,0.2117,0.3572,0.3841,0.4323,0.4727,0.4943,0.4384,2203206,100.0,05/10/2026 12:52:21
10642,False,0.1458,0.1667,0.1917,0.2203,0.2516,0.2188,0.6959,0.7112,0.7384,0.7635,0.774,0.746,2201988,100.0,05/10/2026 12:52:22
10650,False,0.1192,0.1349,0.1562,0.1796,0.2089,0.1604,0.4573,0.4785,0.5159,0.5495,0.5641,0.5258,2203305,100.0,05/10/2026 12:52:22
10669,False,0.1765,0.2007,0.231,0.2622,0.2974,0.2195,0.5147,0.5383,0.576,0.6115,0.6291,0.589,2201770,100.0,05/10/2026 12:52:22
10677,False,0.103,0.1173,0.1354,0.1579,0.1821,0.1388,0.5011,0.5241,0.563,0.5989,0.6182,0.5732,2203404,100.0,05/10/2026 12:52:18
10685,False,0.1274,0.1436,0.1648,0.1896,0.2235,0.1685,0.6504,0.6679,0.6983,0.7265,0.7412,0.7154,2203453,100.0,05/10/2026 12:52:22
10693,False,0.193,0.2155,0.2463,0.2784,0.3185,0.238,0.5896,0.6065,0.638,0.6643,0.6769,0.6503,2203503,100.0,05/10/2026 12:52:19
10707,False,0.1112,0.1274,0.1479,0.1714,0.1957,0.1582,0.6654,0.6854,0.7198,0.753,0.7664,0.7393,2202455,100.0,05/10/2026 12:52:20
10715,False,0.1951,0.2242,0.2536,0.287,0.3252,0.263,0.5198,0.5421,0.5849,0.6222,0.644,0.5962,2203602,100.0,05/10/2026 12:52:18
10723,False,0.1317,0.1486,0.1722,0.1987,0.2302,0.183,0.6421,0.6622,0.6992,0.7306,0.7451,0.718,2202133,100.0,05/10/2026 12:52:17
10731,False,0.1727,0.1946,0.2231,0.2536,0.2921,0.2417,0.3671,0.3868,0.4173,0.4462,0.4593,0.4223,2203701,100.0,05/10/2026 12:52:19
10740,False,0.1763,0.2,0.2287,0.2612,0.2981,0.228,0.4663,0.4898,0.5297,0.5658,0.5834,0.5376,2202174,100.0,05/10/2026 12:52:21
10758,False,0.2072,0.2322,0.264,0.2977,0.3381,0.2724,0.5425,0.5655,0.6041,0.6406,0.6582,0.6143,2203800,100.0,05/10/2026 12:52:19
10766,False,0.1246,0.1405,0.1637,0.1877,0.2166,0.1648,0.4327,0.4589,0.5004,0.5382,0.5583,0.5087,2203230,100.0,05/10/2026 12:52:21
10774,False,0.1503,0.1721,0.198,0.2283,0.2583,0.2111,0.3775,0.4016,0.4416,0.4822,0.5001,0.452,2203909,100.0,05/10/2026 12:52:23
10782,False,0.0961,0.1107,0.1284,0.15,0.1704,0.1406,0.5866,0.607,0.6406,0.6732,0.692,0.6542,2204352,100.0,05/10/2026 12:52:23
10790,False,0.1839,0.2075,0.2367,0.2693,0.3049,0.222,0.7021,0.7159,0.7434,0.7678,0.78,0.7563,2204006,100.0,05/10/2026 12:52:16
10804,False,0.2047,0.2317,0.2623,0.2957,0.3382,0.2699,0.7414,0.7538,0.776,0.7977,0.8084,0.7863,2204550,100.0,05/10/2026 12:52:21
10812,False,0.2035,0.2304,0.2618,0.2958,0.3352,0.2567,0.5593,0.5788,0.6177,0.6583,0.6764,0.6353,2204105,100.0,05/10/2026 12:52:20
10820,False,0.1252,0.1446,0.1663,0.1926,0.2249,0.1823,0.5245,0.5433,0.5786,0.6111,0.6274,0.5909,2204659,100.0,05/10/2026 12:52:17
10839,False,0.1505,0.1728,0.1982,0.2275,0.255,0.1969,0.5594,0.5839,0.622,0.6588,0.6754,0.6394,2204204,100.0,05/10/2026 12:52:19
10847,False,0.1609,0.1801,0.2075,0.2379,0.2711,0.2162,0.6465,0.6623,0.694,0.7216,0.7351,0.707,2205532,100.0,05/10/2026 12:52:22
10855,False,0.1702,0.1914,0.2202,0.2519,0.2861,0.2063,0.4719,0.4947,0.5328,0.5678,0.5883,0.5435,2204303,100.0,05/10/2026 12:52:19
10863,False,0.173,0.1968,0.2265,0.2574,0.2884,0.2533,0.4793,0.5077,0.5526,0.5951,0.6153,0.5656,2205573,100.0,05/10/2026 12:52:21
10871,False,0.166,0.1898,0.2186,0.2476,0.2855,0.2238,0.4761,0.4963,0.5401,0.5768,0.5963,0.5525,2204402,100.0,05/10/2026 12:52:21
10880,False,0.1691,0.1881,0.2187,0.2494,0.2822,0.2239,0.575,0.5962,0.6371,0.6736,0.6928,0.6506,2206654,100.0,05/10/2026 12:52:20
10898,False,0.2189,0.2466,0.2808,0.3172,0.3551,0.2901,0.4409,0.4632,0.506,0.5448,0.5684,0.5159,2204501,100.0,05/10/2026 12:52:19
10901,False,0.1754,0.1961,0.2257,0.2575,0.2909,0.1841,0.6299,0.6496,0.6878,0.72,0.7368,0.7047,2206951,100.0,05/10/2026 12:52:18
10910,False,0.2035,0.2318,0.2621,0.2961,0.3378,0.2094,0.4401,0.4666,0.5121,0.554,0.5725,0.5205,2204600,100.0,05/10/2026 12:52:19
10928,False,0.1255,0.1432,0.1658,0.1922,0.2185,0.1637,0.6599,0.6779,0.71,0.7385,0.7525,0.728,2206753,100.0,05/10/2026 12:52:20
10936,False,0.1471,0.169,0.1943,0.2236,0.252,0.2171,0.5652,0.5863,0.6194,0.6521,0.6684,0.6365,2204709,100.0,05/10/2026 12:52:21
10944,False,0.1177,0.1353,0.157,0.1805,0.2068,0.1399,0.5843,0.6066,0.643,0.6761,0.692,0.6541,2207553,100.0,05/10/2026 12:52:22
10952,False,0.1287,0.1456,0.1683,0.1947,0.2228,0.1873,0.6311,0.6473,0.6775,0.7059,0.7196,0.6931,2204808,100.0,05/10/2026 12:52:20
10960,False,0.1275,0.145,0.1682,0.1944,0.2217,0.1715,0.663,0.6831,0.7221,0.7541,0.7704,0.7408,2207959,100.0,05/10/2026 12:52:16
10979,False,0.1403,0.1598,0.184,0.2102,0.2415,0.1971,0.7097,0.7252,0.7504,0.7732,0.7851,0.7645,2204907,100.0,05/10/2026 12:52:23
10987,False,0.1352,0.1541,0.1768,0.2031,0.2333,0.1969,0.3299,0.348,0.3817,0.4156,0.4341,0.3831,2209971,100.0,05/10/2026 12:52:19
10995,False,0.1256,0.144,0.1673,0.1916,0.219,0.1918,0.555,0.571,0.6009,0.6268,0.6392,0.6109,2205003,100.0,05/10/2026 12:52:22
11010,False,0.1857,0.2112,0.2415,0.2728,0.3118,0.2544,0.4603,0.4778,0.5131,0.546,0.5625,0.5212,2205102,100.0,05/10/2026 12:52:20
11037,False,0.1822,0.2031,0.2334,0.2655,0.3016,0.2589,0.522,0.5388,0.573,0.6028,0.6195,0.5863,2205201,100.0,05/10/2026 12:52:20
11053,False,0.1927,0.2153,0.2459,0.2789,0.315,0.2264,0.4823,0.5038,0.5463,0.5838,0.6042,0.5539,2205300,100.0,05/10/2026 12:52:21
11070,False,0.1639,0.1848,0.2134,0.244,0.2744,0.2306,0.4148,0.4316,0.4635,0.4937,0.5091,0.4688,2205409,100.0,05/10/2026 12:52:21
11088,False,0.1625,0.1864,0.2129,0.2436,0.2777,0.2041,0.6695,0.6884,0.7186,0.7471,0.7598,0.7331,2209856,100.0,05/10/2026 12:52:18
11096,False,0.1137,0.1278,0.1479,0.1699,0.195,0.1593,0.6273,0.6469,0.672,0.697,0.7089,0.6887,2205508,100.0,05/10/2026 12:52:21
11118,False,0.1986,0.2219,0.2532,0.2897,0.3242,0.2598,0.4893,0.5083,0.5481,0.5852,0.604,0.5567,2205607,100.0,05/10/2026 12:52:22
11134,False,0.1444,0.1613,0.1867,0.2146,0.2462,0.201,0.4232,0.4426,0.481,0.5152,0.5326,0.4913,2205706,100.0,05/10/2026 12:52:22
11150,False,0.1757,0.2002,0.2291,0.2594,0.2968,0.2274,0.4481,0.4658,0.4955,0.5213,0.5358,0.5025,2205805,100.0,05/10/2026 12:52:22
11177,False,0.1649,0.1866,0.2146,0.2452,0.2773,0.1994,0.5524,0.5719,0.6093,0.6446,0.6614,0.6223,2205904,100.0,05/10/2026 12:52:19
11193,False,0.1836,0.208,0.2371,0.2696,0.3067,0.2231,0.3145,0.3446,0.3975,0.4471,0.4747,0.402,2206001,100.0,05/10/2026 12:52:19
11215,False,0.182,0.2089,0.2382,0.2706,0.3045,0.2516,0.4324,0.4522,0.4879,0.5211,0.538,0.4948,2206100,100.0,05/10/2026 12:52:20
11231,False,0.1934,0.2191,0.2481,0.281,0.3143,0.264,0.596,0.6125,0.638,0.6618,0.6733,0.6513,2206209,100.0,05/10/2026 12:52:20
11258,False,0.1573,0.1791,0.2053,0.2339,0.2675,0.1598,0.2016,0.2447,0.3213,0.3895,0.4281,0.3215,2206308,100.0,05/10/2026 12:52:21
11274,False,0.1348,0.1533,0.1782,0.2041,0.2334,0.1726,0.5185,0.5392,0.5749,0.608,0.6232,0.5886,2206407,100.0,05/10/2026 12:52:21
11290,False,0.1372,0.1558,0.1779,0.2049,0.2383,0.1754,0.5994,0.6185,0.6513,0.6785,0.6946,0.6631,2206506,100.0,05/10/2026 12:52:22
11312,False,0.1926,0.2157,0.2472,0.2803,0.3163,0.2442,0.5338,0.5517,0.5862,0.6188,0.6357,0.5994,2206605,100.0,05/10/2026 12:52:21
11339,False,0.1699,0.1917,0.221,0.2516,0.2847,0.2229,0.6917,0.7101,0.7365,0.7609,0.7718,0.7518,2206704,100.0,05/10/2026 12:52:19
11355,False,0.1596,0.1807,0.2067,0.2368,0.2694,0.1967,0.4693,0.489,0.5241,0.5566,0.5727,0.5328,2206803,100.0,05/10/2026 12:52:20
11371,False,0.1588,0.1792,0.2068,0.2355,0.2712,0.217,0.6518,0.6718,0.7043,0.7348,0.7507,0.7204,2206902,100.0,05/10/2026 12:52:22
11398,False,0.1582,0.1811,0.2077,0.238,0.2709,0.208,0.5133,0.5281,0.5537,0.5774,0.5908,0.5634,2207009,100.0,05/10/2026 12:52:22
11410,False,0.1691,0.1944,0.2232,0.2558,0.2903,0.2235,0.6189,0.6375,0.6724,0.7042,0.72,0.6861,2203420,100.0,05/10/2026 12:52:22
11436,False,0.1508,0.1736,0.1981,0.2285,0.2593,0.2021,0.5698,0.5877,0.622,0.6522,0.6671,0.6325,2207207,100.0,05/10/2026 12:52:21
11452,False,0.2081,0.2364,0.2693,0.3044,0.3413,0.2446,0.3968,0.4207,0.4657,0.5089,0.53,0.4708,2207306,100.0,05/10/2026 12:52:23
11479,False,0.1461,0.1651,0.1899,0.2184,0.2507,0.1858,0.2389,0.2709,0.332,0.3922,0.4183,0.338,2207405,100.0,05/10/2026 12:52:19
11495,False,0.1664,0.1922,0.2204,0.2512,0.2847,0.2043,0.6362,0.6494,0.6729,0.6948,0.7058,0.6838,2207504,100.0,05/10/2026 12:52:23
11517,False,0.187,0.2131,0.2436,0.2748,0.3087,0.2462,0.5216,0.5398,0.5767,0.6095,0.6269,0.5874,2207603,100.0,05/10/2026 12:52:22
11533,False,0.1241,0.1433,0.1658,0.1904,0.2177,0.1808,0.2216,0.2459,0.2918,0.3365,0.36,0.2931,2207702,100.0,05/10/2026 12:52:21
11550,False,0.1264,0.1451,0.1675,0.192,0.2221,0.1774,0.5154,0.539,0.5756,0.6097,0.6271,0.5913,2207801,100.0,05/10/2026 12:52:22
11576,False,0.1829,0.2093,0.2389,0.2712,0.3105,0.2664,0.4178,0.4379,0.4728,0.505,0.522,0.4825,2207900,100.0,05/10/2026 12:52:22
11592,False,0.1056,0.1208,0.141,0.1625,0.1871,0.1482,0.3859,0.4056,0.441,0.4731,0.4901,0.4489,2208007,100.0,05/10/2026 12:52:21
11614,False,0.1707,0.191,0.2194,0.2497,0.287,0.2254,0.5404,0.5593,0.5923,0.621,0.637,0.6025,2208106,100.0,05/10/2026 12:52:22
11630,False,0.1323,0.1501,0.1734,0.1981,0.2293,0.1839,0.5881,0.6043,0.6345,0.6615,0.6748,0.6476,2208205,100.0,05/10/2026 12:52:22
11657,False,0.1505,0.1715,0.196,0.2245,0.2584,0.2139,0.3801,0.4028,0.443,0.4808,0.4997,0.4512,2208304,100.0,05/10/2026 12:52:20
11673,False,0.1855,0.2127,0.2415,0.2733,0.3136,0.2671,0.3846,0.4032,0.4408,0.4746,0.4936,0.4495,2208403,100.0,05/10/2026 12:52:23
11690,False,0.1969,0.221,0.2527,0.287,0.3217,0.2489,0.3811,0.4,0.4349,0.4667,0.4851,0.439,2208502,100.0,05/10/2026 12:52:20
11711,False,0.1971,0.2205,0.2514,0.286,0.3241,0.2182,0.6334,0.6533,0.6895,0.7204,0.7358,0.7011,2208601,100.0,05/10/2026 12:52:18
11738,False,0.1595,0.1822,0.2089,0.2382,0.2713,0.212,0.3064,0.3353,0.3781,0.42,0.4403,0.3818,2208700,100.0,05/10/2026 12:52:20
11754,False,0.1958,0.2187,0.25,0.2831,0.32,0.2508,0.6416,0.656,0.6785,0.6995,0.711,0.6898,2208809,100.0,05/10/2026 12:52:21
11770,False,0.1735,0.1955,0.2233,0.2549,0.2905,0.2004,0.2945,0.3277,0.3842,0.4361,0.4626,0.39,2208908,100.0,05/10/2026 12:52:20
11797,False,0.1643,0.185,0.2125,0.242,0.2765,0.2175,0.5977,0.6137,0.6465,0.6772,0.6914,0.6571,2209005,100.0,05/10/2026 12:52:17
11819,False,0.1174,0.1342,0.1558,0.18,0.2094,0.1402,0.5922,0.6086,0.6406,0.6703,0.6865,0.6512,2209104,100.0,05/10/2026 12:52:17
11835,False,0.1614,0.1852,0.2119,0.241,0.2788,0.2172,0.2634,0.2951,0.3499,0.4032,0.4281,0.3541,2209203,100.0,05/10/2026 12:52:21
11851,False,0.1136,0.1291,0.1499,0.1732,0.2015,0.1667,0.2986,0.3231,0.3726,0.4169,0.4417,0.3741,2209302,100.0,05/10/2026 12:52:21
11878,False,0.1317,0.1508,0.1737,0.2004,0.2328,0.1639,0.4592,0.4796,0.5169,0.5531,0.5759,0.5257,2209401,100.0,05/10/2026 12:52:19
11894,False,0.1432,0.162,0.1863,0.2145,0.2449,0.1755,0.5737,0.5937,0.6333,0.6674,0.6856,0.6424,2209500,100.0,05/10/2026 12:52:17
11916,False,0.214,0.2435,0.2756,0.3103,0.352,0.2042,0.3727,0.4021,0.4583,0.5062,0.5279,0.4641,2209609,100.0,05/10/2026 12:52:16
11932,False,0.2108,0.2386,0.2722,0.3078,0.3484,0.2669,0.3437,0.3671,0.4108,0.453,0.4728,0.4151,2209708,100.0,05/10/2026 12:52:21
11959,False,0.1524,0.1718,0.1988,0.2264,0.2608,0.186,0.3802,0.4044,0.4543,0.4983,0.5233,0.4623,2209807,100.0,05/10/2026 12:52:18
11975,False,0.1686,0.1932,0.22,0.2515,0.2838,0.2013,0.4958,0.5189,0.5627,0.6005,0.6201,0.5744,2209906,100.0,05/10/2026 12:52:21
11991,False,0.1529,0.1728,0.1985,0.2263,0.2581,0.1954,0.5036,0.5227,0.5568,0.5878,0.6031,0.5678,2210003,100.0,05/10/2026 12:52:20
12009,False,0.1536,0.1759,0.2031,0.2327,0.2649,0.206,0.4313,0.4589,0.5066,0.55,0.5715,0.517,2209872,100.0,05/10/2026 12:52:17
12017,False,0.231,0.2599,0.2935,0.3286,0.3734,0.2751,0.53,0.5511,0.5927,0.6336,0.652,0.6029,2210102,100.0,05/10/2026 12:52:22
12025,False,0.1473,0.1669,0.1916,0.2218,0.251,0.1978,0.658,0.6739,0.7036,0.7305,0.7454,0.7123,2209955,100.0,05/10/2026 12:52:22
12033,False,0.1518,0.171,0.1972,0.2255,0.2609,0.2187,0.6312,0.6459,0.6762,0.703,0.717,0.6865,2210201,100.0,05/10/2026 12:52:19
12041,False,0.1486,0.1679,0.1933,0.2218,0.2569,0.2031,0.369,0.3971,0.4528,0.5032,0.5287,0.4644,2210623,100.0,05/10/2026 12:52:17
12050,False,0.1514,0.1701,0.1965,0.2256,0.2522,0.1793,0.4954,0.5186,0.557,0.5945,0.6127,0.5685,2210300,100.0,05/10/2026 12:52:18
12068,False,0.0961,0.1091,0.1279,0.1484,0.1714,0.1331,0.1119,0.1404,0.194,0.2476,0.2773,0.1912,2210631,100.0,05/10/2026 12:52:22
12076,False,0.2051,0.2301,0.2631,0.2975,0.3355,0.282,0.5842,0.5998,0.6272,0.6525,0.667,0.6397,2210409,100.0,05/10/2026 12:52:21
12084,False,0.157,0.178,0.2049,0.2336,0.2662,0.207,0.4497,0.4789,0.526,0.5686,0.5865,0.5356,2200459,100.0,05/10/2026 12:52:19
12092,False,0.1506,0.1734,0.1989,0.2296,0.2667,0.1943,0.4412,0.4624,0.4994,0.5341,0.5514,0.5069,2210508,100.0,05/10/2026 12:52:22
12106,False,0.239,0.269,0.304,0.3426,0.3805,0.3256,0.64,0.6581,0.6892,0.7198,0.7347,0.7071,2201051,100.0,05/10/2026 12:52:22
12114,False,0.1254,0.1439,0.166,0.1913,0.2231,0.1738,0.5509,0.567,0.5946,0.6183,0.6323,0.6062,2210607,100.0,05/10/2026 12:52:22
12122,False,0.1175,0.1338,0.1554,0.1799,0.2059,0.1598,0.6425,0.668,0.7099,0.7452,0.7632,0.7355,2201739,100.0,05/10/2026 12:52:22
12130,False,0.1589,0.1787,0.2045,0.234,0.2668,0.208,0.5576,0.5757,0.609,0.639,0.6535,0.6227,2210706,100.0,05/10/2026 12:52:18
12149,False,0.1777,0.2034,0.2332,0.2646,0.2997,0.2489,0.6126,0.633,0.6658,0.6978,0.7136,0.6827,2201945,100.0,05/10/2026 12:52:23
12157,False,0.1376,0.1558,0.1799,0.2072,0.2397,0.173,0.5405,0.5631,0.6001,0.6347,0.6515,0.6159,2210805,100.0,05/10/2026 12:52:22
12165,False,0.184,0.2083,0.2395,0.2728,0.3063,0.1784,0.5854,0.6102,0.6578,0.6976,0.7164,0.6796,2202554,100.0,05/10/2026 12:52:17
12173,False,0.2222,0.2463,0.2803,0.3161,0.3601,0.2368,0.5364,0.5607,0.6048,0.6429,0.6641,0.6168,2210904,100.0,05/10/2026 12:52:22
12181,False,0.1264,0.1428,0.1655,0.1905,0.2216,0.161,0.6901,0.7077,0.7378,0.7649,0.7793,0.7558,2203271,100.0,05/10/2026 12:52:20
12190,False,0.1244,0.1417,0.163,0.1893,0.2147,0.1732,0.2241,0.26,0.3167,0.3702,0.3955,0.3207,2211001,100.0,05/10/2026 12:52:23
12203,False,0.2147,0.2426,0.2764,0.3115,0.3461,0.2699,0.6434,0.6647,0.7006,0.7351,0.7517,0.7211,2205524,100.0,05/10/2026 12:52:20
12211,False,0.1319,0.1496,0.1732,0.1998,0.2275,0.1799,0.4838,0.5024,0.5301,0.558,0.5717,0.541,2211100,100.0,05/10/2026 12:52:21
12220,False,0.1423,0.16,0.1846,0.212,0.244,0.1921,0.6095,0.6303,0.6625,0.6921,0.7055,0.6729,2205599,100.0,05/10/2026 12:52:21
12238,False,0.1367,0.155,0.179,0.2066,0.2373,0.1852,0.1942,0.2213,0.2657,0.3078,0.3306,0.2632,2211209,100.0,05/10/2026 12:52:20
12246,False,0.2029,0.231,0.2626,0.2959,0.3322,0.2841,0.2874,0.3106,0.3549,0.3986,0.4185,0.3587,2206357,100.0,05/10/2026 12:52:22
12254,False,0.1399,0.1606,0.1857,0.2128,0.2475,0.1984,0.5027,0.52,0.5507,0.58,0.5952,0.5616,2211308,100.0,05/10/2026 12:52:20
12262,False,0.1974,0.219,0.2489,0.2823,0.3212,0.2469,0.5303,0.5556,0.5968,0.6369,0.6551,0.6058,2207355,100.0,05/10/2026 12:52:21
12270,False,0.2085,0.2355,0.2666,0.3036,0.3391,0.2549,0.4917,0.517,0.562,0.6045,0.6263,0.5747,2211407,100.0,05/10/2026 12:52:18
12289,False,0.1767,0.1994,0.2294,0.2603,0.2982,0.2378,0.6692,0.6864,0.7182,0.7478,0.763,0.7304,2207850,100.0,05/10/2026 12:52:21
12297,False,0.1521,0.1701,0.1949,0.2235,0.2538,0.1991,0.7036,0.7182,0.74,0.7608,0.7713,0.7501,2203354,100.0,05/10/2026 12:52:20
12300,False,0.1688,0.1909,0.2178,0.2486,0.2813,0.2139,0.6462,0.6654,0.6988,0.7283,0.7442,0.7135,2208858,100.0,05/10/2026 12:52:23
12319,False,0.1105,0.1249,0.1451,0.168,0.1947,0.1547,0.3986,0.421,0.4695,0.5143,0.5375,0.4781,2200251,100.0,05/10/2026 12:52:22
12327,False,0.0939,0.1078,0.1265,0.1461,0.1694,0.1177,0.5882,0.6192,0.6626,0.7033,0.7238,0.6895,2200053,100.0,05/10/2026 12:52:22
12335,False,0.0897,0.1025,0.1195,0.1387,0.1635,0.1187,0.4897,0.5206,0.5693,0.6157,0.6372,0.5826,2201572,100.0,05/10/2026 12:52:19
12343,False,0.2037,0.2289,0.2591,0.2928,0.3334,0.2243,0.6602,0.6779,0.7087,0.7379,0.7506,0.7171,2202075,100.0,05/10/2026 12:52:18
12351,False,0.1094,0.1255,0.1445,0.167,0.1944,0.1422,0.5577,0.5827,0.6235,0.6623,0.682,0.6399,2202117,100.0,05/10/2026 12:52:22
12360,False,0.1863,0.2094,0.2395,0.2726,0.3068,0.2596,0.6206,0.6414,0.6795,0.7148,0.7347,0.6989,2202711,100.0,05/10/2026 12:52:23
12378,False,0.1248,0.1411,0.1629,0.1881,0.218,0.1662,0.5227,0.5515,0.6042,0.6504,0.6731,0.6199,2204154,100.0,05/10/2026 12:52:23
12386,False,0.1592,0.182,0.2106,0.2402,0.277,0.203,0.5828,0.6012,0.6372,0.6731,0.6901,0.65,2205359,100.0,05/10/2026 12:52:23
12394,False,0.1415,0.1625,0.1866,0.2134,0.2466,0.1735,0.5947,0.6138,0.6445,0.6741,0.6892,0.6572,2205276,100.0,05/10/2026 12:52:23
12408,False,0.1481,0.1702,0.1955,0.2237,0.2545,0.1997,0.498,0.5198,0.5563,0.5904,0.6058,0.564,2205458,100.0,05/10/2026 12:52:19
12416,False,0.1416,0.1619,0.186,0.2141,0.2408,0.1669,0.465,0.4967,0.5483,0.5934,0.6161,0.565,2205516,100.0,05/10/2026 12:52:22
12424,False,0.1215,0.1382,0.1611,0.1856,0.2153,0.1464,0.4399,0.4644,0.5131,0.5585,0.5777,0.5239,2205581,100.0,05/10/2026 12:52:21
12432,False,0.198,0.2265,0.2571,0.2935,0.3285,0.2419,0.4956,0.5252,0.5705,0.6132,0.637,0.581,2205540,100.0,05/10/2026 12:52:22
12440,False,0.1848,0.2058,0.2371,0.2692,0.308,0.2522,0.5592,0.5798,0.6117,0.6408,0.655,0.6211,2205854,100.0,05/10/2026 12:52:21
12459,False,0.1654,0.1868,0.2142,0.2446,0.2835,0.2256,0.5594,0.5807,0.6135,0.6443,0.6597,0.6232,2206670,100.0,05/10/2026 12:52:21
12467,False,0.1771,0.1999,0.2284,0.26,0.2942,0.2493,0.6589,0.6774,0.7122,0.744,0.758,0.7323,2206050,100.0,05/10/2026 12:52:20
12475,False,0.1584,0.1785,0.2058,0.235,0.2661,0.2177,0.5166,0.5417,0.5874,0.6256,0.6461,0.6028,2206696,100.0,05/10/2026 12:52:23
12483,False,0.155,0.1771,0.2039,0.2334,0.267,0.206,0.539,0.5638,0.6119,0.6551,0.6776,0.6241,2207108,100.0,05/10/2026 12:52:17
12491,False,0.1493,0.1701,0.1948,0.2242,0.257,0.1733,0.4265,0.4514,0.497,0.5448,0.5739,0.5058,2207934,100.0,05/10/2026 12:52:17
12505,False,0.1009,0.1171,0.1359,0.1571,0.1821,0.1466,0.3031,0.3512,0.4322,0.5067,0.5463,0.4483,2209658,100.0,05/10/2026 12:52:22
12513,False,0.0914,0.1033,0.1199,0.14,0.164,0.1465,0.5538,0.5769,0.6157,0.6504,0.6678,0.6303,2210938,100.0,05/10/2026 12:52:21
12521,False,0.1534,0.1769,0.2028,0.2319,0.2662,0.1805,0.5277,0.5587,0.6155,0.6678,0.6934,0.637,2210979,100.0,05/10/2026 12:52:21
12530,False,0.1394,0.16,0.183,0.2109,0.2407,0.2025,0.5177,0.5462,0.5951,0.6407,0.6635,0.6093,2210953,100.0,05/10/2026 12:52:22
12548,False,0.103,0.1168,0.1361,0.1578,0.1823,0.1196,0.4497,0.484,0.546,0.6005,0.6297,0.5638,2211605,100.0,05/10/2026 12:52:23
12556,False,0.1471,0.1659,0.1909,0.2186,0.2517,0.2039,0.6062,0.6342,0.6769,0.7174,0.7337,0.6966,2211506,100.0,05/10/2026 12:52:22
12564,False,0.0973,0.1119,0.1301,0.1502,0.1737,0.1293,0.5184,0.5398,0.5798,0.6175,0.6375,0.5905,2211704,100.0,05/10/2026 12:52:19
12572,False,0.1302,0.1483,0.17,0.1953,0.2229,0.1783,0.4509,0.4697,0.5088,0.544,0.5645,0.5163,2202083,100.0,05/10/2026 12:52:20
12580,False,0.1516,0.1729,0.1987,0.2279,0.2578,0.1709,0.6231,0.6399,0.6734,0.701,0.7169,0.6842,2203255,100.0,05/10/2026 12:52:17
12599,False,0.1682,0.192,0.2194,0.2511,0.2856,0.1957,0.3147,0.3518,0.4236,0.486,0.517,0.4279,2208551,100.0,05/10/2026 12:52:21
12602,False,0.1754,0.198,0.2275,0.2599,0.2898,0.2139,0.5862,0.6059,0.6448,0.6814,0.7018,0.6594,2208874,100.0,05/10/2026 12:52:22
12610,False,0.1981,0.2238,0.2548,0.2893,0.3269,0.2432,0.4084,0.4382,0.4928,0.5464,0.575,0.5031,2209757,100.0,05/10/2026 12:52:20
12629,False,0.1904,0.2145,0.2435,0.277,0.3129,0.2299,0.5548,0.5824,0.6273,0.6683,0.6858,0.6439,2210375,100.0,05/10/2026 12:52:21
12637,False,0.1867,0.2074,0.2384,0.2726,0.3069,0.242,0.6378,0.6617,0.7038,0.7431,0.7619,0.7232,2203859,100.0,05/10/2026 12:52:23
12653,False,0.1686,0.1891,0.2171,0.2477,0.2801,0.1937,0.5216,0.5516,0.6059,0.6525,0.6791,0.6125,2209450,100.0,05/10/2026 12:52:18
12661,False,0.1953,0.2217,0.2552,0.29,0.3265,0.2366,0.3094,0.3428,0.4116,0.4698,0.501,0.4163,2210383,100.0,05/10/2026 12:52:20
12670,False,0.1474,0.167,0.1919,0.2213,0.2531,0.1987,0.3529,0.3817,0.4308,0.4805,0.5069,0.4391,2202539,100.0,05/10/2026 12:52:22
12688,False,0.1339,0.1535,0.1774,0.2044,0.2316,0.1598,0.5317,0.5538,0.5923,0.6325,0.6511,0.6085,2202653,100.0,05/10/2026 12:52:21
12696,False,0.127,0.146,0.1666,0.1918,0.2221,0.2007,0.6309,0.6572,0.6929,0.7244,0.7422,0.7121,2202729,100.0,05/10/2026 12:52:22
12700,False,0.2099,0.2338,0.2673,0.3018,0.3408,0.2451,0.6371,0.6586,0.6942,0.7234,0.7402,0.7001,2210391,100.0,05/10/2026 12:52:23
12718,False,0.1191,0.136,0.1578,0.1814,0.2093,0.1486,0.5355,0.56,0.6051,0.645,0.6657,0.6226,2207793,100.0,05/10/2026 12:52:21
12726,False,0.1429,0.1632,0.1879,0.2153,0.2487,0.1733,0.5169,0.5375,0.5711,0.6009,0.6159,0.5818,2206720,100.0,05/10/2026 12:52:19
12734,False,0.0844,0.0982,0.114,0.1336,0.1543,0.114,0.5402,0.5658,0.609,0.6485,0.6678,0.6231,2200954,100.0,05/10/2026 12:52:19
74004,False,0.1861,0.2119,0.2424,0.276,0.3162,0.2291,0.0207,0.059,0.1405,0.2138,0.2522,0.1351,4108551,100.0,05/10/2026 12:52:27
74012,False,0.201,0.2262,0.2578,0.2916,0.3263,0.2631,0.1757,0.2058,0.2611,0.3183,0.3498,0.292,4100103,100.0,05/10/2026 12:52:28
74020,False,0.1787,0.2019,0.2306,0.2618,0.2965,0.2244,0.0041,0.0156,0.07,0.1378,0.1764,0.0924,4109757,100.0,05/10/2026 12:52:25
74039,False,0.213,0.2392,0.2707,0.3056,0.3464,0.2553,0.0401,0.0717,0.1347,0.1964,0.2276,0.1263,4100202,100.0,05/10/2026 12:52:28
74047,False,0.1735,0.1961,0.2243,0.2574,0.2931,0.2202,0.0024,0.0092,0.0489,0.1152,0.1469,0.0307,4113452,100.0,05/10/2026 12:52:26
74055,False,0.1557,0.1786,0.2047,0.2338,0.2653,0.198,0.276,0.3006,0.3506,0.4026,0.4286,0.3883,4100301,100.0,05/10/2026 12:52:27
74063,False,0.1382,0.1563,0.1804,0.2065,0.2396,0.18,0.1984,0.2343,0.2995,0.3625,0.3928,0.3383,4117453,100.0,05/10/2026 12:52:27
74071,False,0.1847,0.209,0.2401,0.2734,0.3071,0.2369,0.0558,0.0945,0.1734,0.2568,0.3076,0.2273,4100400,100.0,05/10/2026 12:52:27
74080,False,0.1588,0.1762,0.2036,0.2326,0.2666,0.2031,0.1538,0.1876,0.2526,0.3124,0.3456,0.2972,4124020,100.0,05/10/2026 12:52:28
74098,False,0.1837,0.2079,0.238,0.2708,0.3064,0.2473,0.1224,0.1529,0.2111,0.2688,0.2985,0.2448,4100608,100.0,05/10/2026 12:52:27
74101,False,0.1323,0.1529,0.1761,0.2034,0.2355,0.1729,0.0053,0.0231,0.0977,0.1805,0.2236,0.1283,4101051,100.0,05/10/2026 12:52:27
74110,False,0.1808,0.2054,0.2342,0.2675,0.3019,0.2507,0.0024,0.0086,0.0459,0.1026,0.1379,0.0623,4100707,100.0,05/10/2026 12:52:26
74128,False,0.1418,0.159,0.1848,0.2118,0.2442,0.1823,0.2539,0.2961,0.372,0.4437,0.4837,0.4214,4101150,100.0,05/10/2026 12:52:25
74136,False,0.1694,0.1901,0.2189,0.2501,0.2854,0.2226,0.1844,0.2112,0.2594,0.3108,0.3349,0.2856,4100806,100.0,05/10/2026 12:52:25
74144,False,0.139,0.1577,0.1825,0.2102,0.2381,0.1647,0.0031,0.0105,0.056,0.138,0.1848,0.0234,4103024,100.0,05/10/2026 12:52:26
74152,False,0.1745,0.1963,0.2255,0.2574,0.2934,0.2327,0.0033,0.0121,0.0617,0.1327,0.1718,0.0833,4100905,100.0,05/10/2026 12:52:25
74160,False,0.1218,0.1366,0.159,0.1831,0.2129,0.1572,0.3478,0.3829,0.4459,0.4985,0.5318,0.4816,4103222,100.0,05/10/2026 12:52:26
74179,False,0.1242,0.1412,0.1632,0.1882,0.2147,0.1686,0.0021,0.0066,0.0298,0.0764,0.1044,0.0229,4101002,100.0,05/10/2026 12:52:27
74187,False,0.1666,0.1879,0.2147,0.2461,0.2779,0.2136,0.0018,0.0077,0.04,0.098,0.1316,0.0345,4103370,100.0,05/10/2026 12:52:27
74195,False,0.1826,0.2077,0.2379,0.2691,0.3078,0.246,0.1221,0.1515,0.2061,0.262,0.2916,0.2401,4101101,100.0,05/10/2026 12:52:27
74209,False,0.1716,0.1965,0.2248,0.2565,0.2899,0.2194,0.1743,0.2116,0.2778,0.3445,0.3794,0.3177,4103479,100.0,05/10/2026 12:52:25
74217,False,0.2108,0.2372,0.2701,0.303,0.339,0.2654,0.1962,0.2245,0.277,0.3266,0.3577,0.3139,4101200,100.0,05/10/2026 12:52:26
74225,False,0.1562,0.1761,0.2034,0.2317,0.2666,0.1983,0.0034,0.0126,0.0565,0.1204,0.1571,0.0816,4104428,100.0,05/10/2026 12:52:26
74233,False,0.1596,0.1821,0.2098,0.2398,0.2742,0.2088,0.0498,0.0943,0.1771,0.2612,0.3038,0.2247,4101309,100.0,05/10/2026 12:52:26
74241,False,0.1659,0.1895,0.2161,0.246,0.2777,0.2033,0.0038,0.0162,0.077,0.1509,0.1907,0.1053,4106571,100.0,05/10/2026 12:52:26
74250,False,0.1713,0.1896,0.2171,0.2471,0.2855,0.2238,0.299,0.3344,0.4014,0.4677,0.5005,0.4714,4101408,100.0,05/10/2026 12:52:25
74268,False,0.2216,0.2452,0.2787,0.3142,0.3527,0.2499,0.0204,0.0521,0.1168,0.1775,0.2108,0.1285,4107124,100.0,05/10/2026 12:52:27
74276,False,0.1541,0.1728,0.199,0.2264,0.2602,0.2125,0.4086,0.442,0.4964,0.5505,0.5817,0.5645,4101507,100.0,05/10/2026 12:52:26
74284,False,0.1219,0.1425,0.1637,0.1891,0.2178,0.1621,0.4163,0.4491,0.5056,0.5632,0.5888,0.556,4107538,100.0,05/10/2026 12:52:27
74292,False,0.194,0.2197,0.253,0.288,0.3257,0.2542,0.346,0.3683,0.4157,0.4621,0.4931,0.4604,4101606,100.0,05/10/2026 12:52:26
74306,False,0.1649,0.1842,0.2115,0.241,0.2763,0.2154,0.0123,0.0331,0.1045,0.1787,0.2163,0.1266,4107553,100.0,05/10/2026 12:52:27
74314,False,0.1411,0.1622,0.1854,0.2136,0.2441,0.1907,0.1483,0.1853,0.244,0.3067,0.337,0.2848,4101705,100.0,05/10/2026 12:52:26
74322,False,0.1867,0.2094,0.2404,0.2734,0.3111,0.2405,0.0993,0.1411,0.2225,0.3074,0.3523,0.2854,4107652,100.0,05/10/2026 12:52:27
74330,False,0.1754,0.2005,0.2297,0.2623,0.2989,0.2285,0.2619,0.2942,0.3594,0.4221,0.4639,0.4098,4114906,100.0,05/10/2026 12:52:27
74349,False,0.1702,0.1926,0.2207,0.2518,0.2876,0.2035,0.0062,0.0233,0.0875,0.1576,0.199,0.1124,4107850,100.0,05/10/2026 12:52:26
74357,False,0.1611,0.1824,0.2075,0.2358,0.2726,0.2091,0.0132,0.044,0.1267,0.2179,0.2681,0.1823,4101804,100.0,05/10/2026 12:52:25
74365,False,0.1635,0.1898,0.2172,0.2478,0.2866,0.207,0.002,0.0075,0.0443,0.1035,0.1346,0.0261,4109658,100.0,05/10/2026 12:52:25
74373,False,0.1944,0.2198,0.2511,0.2846,0.3228,0.2556,0.34,0.3705,0.4207,0.4694,0.4946,0.4672,4101903,100.0,05/10/2026 12:52:25
74381,False,0.1373,0.1568,0.1799,0.2051,0.2372,0.1788,0.0021,0.0087,0.044,0.1108,0.15,0.0302,4110052,100.0,05/10/2026 12:52:26
74390,False,0.1518,0.1734,0.197,0.2253,0.2571,0.2088,0.4046,0.4264,0.4677,0.5075,0.5303,0.5095,4102109,100.0,05/10/2026 12:52:26
74403,False,0.1582,0.178,0.204,0.2354,0.266,0.2054,0.0043,0.0163,0.0741,0.1553,0.1988,0.0929,4110656,100.0,05/10/2026 12:52:24
74411,False,0.1386,0.1588,0.1831,0.2095,0.2407,0.1863,0.1494,0.1865,0.2566,0.3241,0.3568,0.2883,4102208,100.0,05/10/2026 12:52:27
74420,False,0.1458,0.1665,0.1912,0.2197,0.249,0.1838,0.1907,0.2346,0.3156,0.3951,0.4316,0.3644,4117297,100.0,05/10/2026 12:52:26
74438,False,0.1438,0.1628,0.188,0.2157,0.2456,0.1873,0.1894,0.2278,0.2972,0.3645,0.4003,0.3465,4102307,100.0,05/10/2026 12:52:25
74446,False,0.1241,0.142,0.1637,0.1895,0.2177,0.1649,0.0089,0.0307,0.0919,0.1529,0.1838,0.076,4111258,100.0,05/10/2026 12:52:26
74454,False,0.189,0.2128,0.243,0.2756,0.3109,0.2454,0.3614,0.3831,0.4243,0.4644,0.49,0.4644,4102406,100.0,05/10/2026 12:52:26
74462,False,0.151,0.1745,0.2005,0.2289,0.2606,0.2054,0.0212,0.0547,0.1236,0.1925,0.2315,0.1509,4111555,100.0,05/10/2026 12:52:27
74470,False,0.1954,0.2213,0.2516,0.2862,0.325,0.2557,0.0384,0.072,0.1358,0.1991,0.2381,0.1693,4102505,100.0,05/10/2026 12:52:26
74489,False,0.1344,0.1523,0.1751,0.2025,0.2318,0.1798,0.1982,0.236,0.2993,0.3644,0.4041,0.3356,4113429,100.0,05/10/2026 12:52:28
74497,False,0.1616,0.1861,0.2128,0.2442,0.2769,0.2029,0.0485,0.0802,0.1406,0.1994,0.2328,0.1669,4102604,100.0,05/10/2026 12:52:26
74500,False,0.119,0.136,0.158,0.1802,0.2119,0.1596,0.5669,0.59,0.6303,0.6671,0.6869,0.6723,4115358,100.0,05/10/2026 12:52:26
74519,False,0.1709,0.1932,0.2217,0.2542,0.284,0.2087,0.0076,0.0234,0.0986,0.1831,0.2193,0.1299,4102703,100.0,05/10/2026 12:52:27
74527,False,0.1647,0.1862,0.2143,0.2448,0.2782,0.2143,0.0024,0.0091,0.0467,0.1086,0.1481,0.0116,4115739,100.0,05/10/2026 12:52:27
74535,False,0.1849,0.2103,0.2407,0.2716,0.3084,0.2531,0.2147,0.2431,0.2967,0.3496,0.3792,0.3346,4102802,100.0,05/10/2026 12:52:26
74543,False,0.1825,0.2067,0.2375,0.2702,0.3088,0.2216,0.1698,0.2047,0.2622,0.3209,0.356,0.298,4115754,100.0,05/10/2026 12:52:28
74551,False,0.1549,0.1765,0.2015,0.2301,0.2606,0.1957,0.0039,0.0123,0.0548,0.1103,0.1413,0.0744,4102901,100.0,05/10/2026 12:52:27
74560,False,0.1071,0.1208,0.1419,0.1639,0.1908,0.1412,0.5917,0.6149,0.656,0.6955,0.7169,0.7089,4115853,100.0,05/10/2026 12:52:27
74578,False,0.1467,0.1673,0.1928,0.2217,0.2533,0.1958,0.3869,0.4155,0.4675,0.5187,0.5482,0.5013,4103008,100.0,05/10/2026 12:52:25
74586,False,0.1688,0.1896,0.2179,0.2481,0.2839,0.2197,0.0019,0.008,0.0425,0.089,0.1167,0.0332,4117057,100.0,05/10/2026 12:52:26
74594,False,0.2036,0.2334,0.2624,0.2969,0.3381,0.2585,0.1433,0.1791,0.2518,0.3209,0.3578,0.3024,4103107,100.0,05/10/2026 12:52:27
74608,False,0.1768,0.2002,0.2293,0.2602,0.2972,0.2195,0.0027,0.0108,0.0517,0.1236,0.1645,0.0692,4117214,100.0,05/10/2026 12:52:28
74616,False,0.163,0.1884,0.2153,0.2441,0.2787,0.2134,0.0021,0.0073,0.0375,0.0957,0.1272,0.0202,4103206,100.0,05/10/2026 12:52:26
74624,False,0.1254,0.1432,0.1653,0.1909,0.2163,0.1605,0.516,0.5419,0.5906,0.6329,0.6544,0.6365,4118451,100.0,05/10/2026 12:52:27
74632,False,0.1393,0.1594,0.1842,0.2103,0.2406,0.183,0.1592,0.1877,0.2448,0.3025,0.3341,0.2732,4103305,100.0,05/10/2026 12:52:27
74640,False,0.1422,0.162,0.1875,0.2168,0.2506,0.1787,0.0705,0.1199,0.2048,0.2864,0.3309,0.2017,4119251,100.0,05/10/2026 12:52:26
74659,False,0.1397,0.1593,0.1841,0.2117,0.2389,0.1798,0.0023,0.0095,0.0491,0.1194,0.1638,0.0238,4103404,100.0,05/10/2026 12:52:26
74667,False,0.1556,0.1793,0.2051,0.2336,0.2659,0.2036,0.1715,0.2159,0.29,0.3637,0.4035,0.3267,4119657,100.0,05/10/2026 12:52:25
74675,False,0.1432,0.1665,0.1908,0.2195,0.251,0.1971,0.2558,0.2918,0.3542,0.4178,0.4495,0.4034,4103503,100.0,05/10/2026 12:52:26
74683,False,0.0908,0.1042,0.1223,0.1415,0.1649,0.1238,0.6428,0.6651,0.7076,0.749,0.7702,0.7699,4120853,100.0,05/10/2026 12:52:25
74691,False,0.1974,0.2251,0.2567,0.2927,0.3266,0.2664,0.1642,0.194,0.2522,0.3112,0.3399,0.2929,4103602,100.0,05/10/2026 12:52:27
74705,False,0.1806,0.2058,0.235,0.2672,0.2983,0.2309,0.0012,0.0068,0.0371,0.092,0.1294,0.0156,4121257,100.0,05/10/2026 12:52:27
74713,False,0.1644,0.1884,0.2156,0.2458,0.2776,0.2238,0.2531,0.2886,0.3607,0.4304,0.4703,0.4291,4103701,100.0,05/10/2026 12:52:28
74721,False,0.1434,0.1636,0.1883,0.2147,0.2453,0.1892,0.0943,0.1335,0.2073,0.2776,0.316,0.2269,4121356,100.0,05/10/2026 12:52:27
74730,False,0.1418,0.1624,0.187,0.2142,0.2433,0.2007,0.2876,0.3151,0.3704,0.4258,0.4518,0.4132,4103800,100.0,05/10/2026 12:52:27
74748,False,0.1945,0.2207,0.2527,0.2869,0.3249,0.2385,0.184,0.208,0.2566,0.3022,0.3259,0.2546,4122156,100.0,05/10/2026 12:52:26
74756,False,0.1795,0.2027,0.2318,0.2624,0.2968,0.2346,0.1537,0.1836,0.2411,0.2971,0.3277,0.277,4103909,100.0,05/10/2026 12:52:27
74764,False,0.1825,0.2054,0.2343,0.2665,0.3029,0.2334,0.0623,0.102,0.1774,0.2514,0.292,0.2083,4123824,100.0,05/10/2026 12:52:26
74772,False,0.1704,0.1947,0.2247,0.2536,0.291,0.224,0.1518,0.189,0.2607,0.3317,0.3708,0.3155,4104006,100.0,05/10/2026 12:52:26
74780,False,0.178,0.1972,0.2285,0.2595,0.2916,0.2257,0.0155,0.048,0.1184,0.19,0.2238,0.1434,4104055,100.0,05/10/2026 12:52:26
74799,False,0.1503,0.1684,0.1936,0.2212,0.2515,0.1872,0.1946,0.2336,0.3041,0.3728,0.4068,0.3528,4104105,100.0,05/10/2026 12:52:27
74802,False,0.1661,0.188,0.215,0.2448,0.279,0.2171,0.0014,0.0055,0.0312,0.0778,0.103,0.0186,4123857,100.0,05/10/2026 12:52:26
74810,False,0.1565,0.1792,0.2053,0.2343,0.2663,0.1999,0.19,0.2257,0.3036,0.3765,0.4192,0.3675,4104204,100.0,05/10/2026 12:52:25
74829,False,0.1734,0.1975,0.225,0.2551,0.2916,0.2303,0.0013,0.0075,0.0424,0.1005,0.1357,0.0137,4123956,100.0,05/10/2026 12:52:26
74837,False,0.1545,0.1734,0.1994,0.2297,0.2602,0.2074,0.1704,0.2082,0.2744,0.3388,0.3759,0.3273,4104303,100.0,05/10/2026 12:52:26
74845,False,0.1521,0.1732,0.1991,0.2282,0.2621,0.1984,0.1076,0.1594,0.2433,0.32,0.3576,0.2712,4125555,100.0,05/10/2026 12:52:26
74853,False,0.178,0.2015,0.2317,0.263,0.3004,0.2344,0.0787,0.1129,0.1688,0.2279,0.2604,0.2014,4104402,100.0,05/10/2026 12:52:25
74861,False,0.1659,0.1886,0.216,0.2457,0.2792,0.2124,0.1191,0.1502,0.209,0.2633,0.2969,0.232,4125753,100.0,05/10/2026 12:52:26
74870,False,0.1519,0.1733,0.2011,0.2313,0.2592,0.2057,0.0606,0.0878,0.1499,0.2144,0.2447,0.185,4104501,100.0,05/10/2026 12:52:25
74888,False,0.1927,0.2153,0.2458,0.2788,0.3156,0.2312,0.061,0.0953,0.1649,0.2326,0.2699,0.194,4127882,100.0,05/10/2026 12:52:27
74896,False,0.1637,0.1891,0.217,0.2475,0.283,0.2243,0.1032,0.1339,0.1852,0.2386,0.2678,0.2152,4104600,100.0,05/10/2026 12:52:26
74900,False,0.147,0.1666,0.1914,0.2199,0.2527,0.1875,0.0105,0.0332,0.0963,0.1601,0.195,0.1245,4128534,100.0,05/10/2026 12:52:26
74918,False,0.1846,0.21,0.2389,0.2708,0.309,0.2494,0.2151,0.2457,0.3002,0.3553,0.3832,0.342,4104709,100.0,05/10/2026 12:52:25
74926,False,0.2425,0.2713,0.3066,0.3444,0.3819,0.2941,0.0864,0.1275,0.2002,0.273,0.3045,0.2283,4128625,100.0,05/10/2026 12:52:25
74934,False,0.146,0.1663,0.1919,0.2196,0.2502,0.1967,0.2568,0.2897,0.3492,0.4073,0.4415,0.4074,4104808,100.0,05/10/2026 12:52:25
74942,False,0.1803,0.2045,0.234,0.2647,0.3033,0.2222,0.0017,0.0065,0.0363,0.0888,0.1203,0.0151,4128633,100.0,05/10/2026 12:52:25
74950,False,0.1624,0.1838,0.2116,0.2417,0.2719,0.2124,0.2455,0.2769,0.3419,0.4091,0.4475,0.4044,4104907,100.0,05/10/2026 12:52:27
74969,False,0.1537,0.1749,0.2003,0.2301,0.2594,0.1935,0.0943,0.1407,0.2152,0.2861,0.3207,0.2477,4128658,100.0,05/10/2026 12:52:26
74977,False,0.1811,0.2046,0.2337,0.2663,0.3015,0.2315,0.1506,0.1807,0.2454,0.3014,0.335,0.2781,4105003,100.0,05/10/2026 12:52:27
74985,False,0.173,0.1961,0.2248,0.255,0.2914,0.2211,0.069,0.1014,0.1586,0.2154,0.243,0.1541,4113254,100.0,05/10/2026 12:52:25
74993,False,0.1872,0.2097,0.2405,0.2719,0.3064,0.2436,0.0075,0.0241,0.0749,0.1253,0.1521,0.0623,4105102,100.0,05/10/2026 12:52:25
75000,False,0.134,0.1518,0.1741,0.2009,0.2306,0.1739,0.2004,0.2282,0.2772,0.327,0.3564,0.3101,4110953,100.0,05/10/2026 12:52:26
75019,False,0.186,0.2066,0.2371,0.269,0.3042,0.2295,0.0017,0.0057,0.0321,0.0802,0.105,0.0004,4105201,100.0,05/10/2026 12:52:26
75027,False,0.1271,0.146,0.169,0.1945,0.2242,0.1665,0.0017,0.0073,0.0379,0.0903,0.1194,0.0035,4116950,100.0,05/10/2026 12:52:28
75035,False,0.1551,0.178,0.2047,0.2363,0.2614,0.2077,0.1457,0.1746,0.231,0.2863,0.3137,0.2649,4105409,100.0,05/10/2026 12:52:26
75043,False,0.1555,0.1803,0.2068,0.2364,0.2656,0.2059,0.0916,0.1401,0.2285,0.3136,0.3607,0.2946,4119152,100.0,05/10/2026 12:52:28
75051,False,0.1622,0.1855,0.2127,0.2405,0.2772,0.223,0.3429,0.376,0.4335,0.4886,0.5223,0.4963,4105508,100.0,05/10/2026 12:52:27
75060,False,0.1913,0.2184,0.2492,0.2846,0.316,0.2452,0.0017,0.0072,0.0355,0.0882,0.1232,0.0242,4126272,100.0,05/10/2026 12:52:26
75078,False,0.1865,0.2096,0.2409,0.2721,0.3107,0.2417,0.0635,0.0978,0.1534,0.2094,0.2387,0.1791,4105607,100.0,05/10/2026 12:52:28
75086,False,0.1661,0.1883,0.2169,0.2472,0.2802,0.2059,0.0026,0.0095,0.048,0.1133,0.158,0.0152,4101853,100.0,05/10/2026 12:52:28
75094,False,0.1896,0.2142,0.2444,0.2752,0.3126,0.2446,0.0986,0.1184,0.1642,0.206,0.2305,0.1829,4105706,100.0,05/10/2026 12:52:27
75108,False,0.1331,0.1508,0.1745,0.2003,0.2303,0.1679,0.0022,0.0074,0.0402,0.0959,0.1295,0.0253,4101655,100.0,05/10/2026 12:52:26
75116,False,0.1715,0.1949,0.223,0.2534,0.2859,0.2224,0.0047,0.0214,0.0726,0.1232,0.1523,0.0929,4114401,100.0,05/10/2026 12:52:27
75124,False,0.1365,0.1585,0.1817,0.208,0.2377,0.175,0.005,0.0191,0.0833,0.157,0.1979,0.0713,4102752,100.0,05/10/2026 12:52:27
75132,False,0.1615,0.1821,0.2094,0.2378,0.2693,0.2097,0.0885,0.1354,0.2144,0.2973,0.3418,0.2757,4105805,100.0,05/10/2026 12:52:25
75140,False,0.1424,0.1629,0.1887,0.2152,0.2508,0.1826,0.0016,0.0077,0.0422,0.1016,0.1374,0.0011,4103040,100.0,05/10/2026 12:52:26
75159,False,0.1642,0.1815,0.2083,0.2386,0.27,0.2161,0.094,0.1243,0.1824,0.2406,0.2727,0.2146,4105904,100.0,05/10/2026 12:52:27
75167,False,0.1509,0.1697,0.1957,0.2245,0.2553,0.1764,0.0017,0.007,0.0405,0.095,0.1249,0.0071,4103156,100.0,05/10/2026 12:52:25
75175,False,0.2042,0.2268,0.2591,0.2927,0.3293,0.2615,0.005,0.0176,0.0677,0.1239,0.1556,0.0552,4106001,100.0,05/10/2026 12:52:27
75183,False,0.1685,0.1893,0.2184,0.249,0.282,0.2195,0.0031,0.0106,0.0632,0.1451,0.1885,0.0315,4103958,100.0,05/10/2026 12:52:25
75191,False,0.1929,0.2179,0.2489,0.2799,0.3178,0.2411,0.0111,0.04,0.1103,0.1865,0.2222,0.1372,4106100,100.0,05/10/2026 12:52:28
75205,False,0.166,0.1898,0.2153,0.2449,0.28,0.2083,0.0535,0.0991,0.1861,0.2757,0.3145,0.2454,4104253,100.0,05/10/2026 12:52:25
75213,False,0.1342,0.1536,0.1777,0.2045,0.2332,0.1848,0.1571,0.1957,0.2677,0.3344,0.3725,0.3161,4106209,100.0,05/10/2026 12:52:27
75221,False,0.1398,0.1593,0.1833,0.2116,0.2437,0.1858,0.3152,0.3509,0.4195,0.4841,0.5198,0.4864,4104659,100.0,05/10/2026 12:52:26
75230,False,0.1403,0.1598,0.1847,0.2111,0.2423,0.1851,0.3367,0.3669,0.4158,0.4639,0.4913,0.4647,4106308,100.0,05/10/2026 12:52:27
75248,False,0.1855,0.2087,0.2377,0.2727,0.3068,0.2402,0.0021,0.0078,0.0343,0.0802,0.1059,0.0035,4106456,100.0,05/10/2026 12:52:25
75256,False,0.1797,0.2045,0.2352,0.2676,0.3003,0.2399,0.1997,0.2339,0.2989,0.358,0.3925,0.3491,4106407,100.0,05/10/2026 12:52:26
75264,False,0.1608,0.1823,0.2089,0.2401,0.2732,0.2114,0.0936,0.1338,0.2192,0.2983,0.3399,0.2552,4106852,100.0,05/10/2026 12:52:27
75272,False,0.1419,0.1623,0.1871,0.2141,0.2437,0.191,0.0905,0.1183,0.1687,0.2241,0.2512,0.1986,4106506,100.0,05/10/2026 12:52:27
75280,False,0.1863,0.2104,0.2419,0.2755,0.3109,0.2435,0.0021,0.0076,0.0423,0.1047,0.1428,0.0177,4106555,100.0,05/10/2026 12:52:26
75299,False,0.1849,0.2065,0.2354,0.2674,0.306,0.2457,0.1663,0.197,0.2515,0.3034,0.3309,0.2868,4106605,100.0,05/10/2026 12:52:27
75302,False,0.1932,0.2191,0.2496,0.2834,0.3164,0.2512,0.2612,0.3039,0.3792,0.456,0.4913,0.4214,4107520,100.0,05/10/2026 12:52:26
75310,False,0.1762,0.1985,0.2264,0.2589,0.2957,0.237,0.0045,0.0153,0.0693,0.1393,0.1761,0.055,4106704,100.0,05/10/2026 12:52:26
75329,False,0.1883,0.2115,0.2413,0.2729,0.3113,0.2319,0.1023,0.1342,0.1964,0.2572,0.2858,0.2198,4107546,100.0,05/10/2026 12:52:26
75337,False,0.1436,0.1631,0.1868,0.215,0.2482,0.1892,0.1468,0.1846,0.2677,0.3494,0.3917,0.33,4106803,100.0,05/10/2026 12:52:27
75345,False,0.1572,0.1758,0.202,0.2312,0.2631,0.1956,0.0111,0.0426,0.1114,0.1798,0.2166,0.1386,4107736,100.0,05/10/2026 12:52:27
75353,False,0.1554,0.1765,0.2026,0.233,0.2625,0.204,0.0931,0.1472,0.2373,0.3301,0.3742,0.3087,4106902,100.0,05/10/2026 12:52:27
75361,False,0.2084,0.2322,0.2642,0.2981,0.3363,0.247,0.0549,0.0918,0.1595,0.2275,0.2605,0.154,4108452,100.0,05/10/2026 12:52:26
75370,False,0.2051,0.2339,0.2654,0.3003,0.336,0.2707,0.1459,0.1724,0.2289,0.2853,0.3148,0.2624,4107009,100.0,05/10/2026 12:52:28
75388,False,0.1864,0.2115,0.241,0.2738,0.311,0.2296,0.0071,0.0236,0.0822,0.1482,0.1863,0.0706,4108650,100.0,05/10/2026 12:52:26
75396,False,0.1846,0.2109,0.2403,0.2727,0.3091,0.2408,0.1112,0.1433,0.2103,0.2733,0.3071,0.2383,4107108,100.0,05/10/2026 12:52:27
75400,False,0.1553,0.1752,0.2008,0.2289,0.2596,0.1982,0.0166,0.0451,0.1113,0.1738,0.2033,0.1024,4107157,100.0,05/10/2026 12:52:26
75418,False,0.1302,0.148,0.1719,0.1973,0.2267,0.1755,0.0916,0.1176,0.1677,0.2186,0.248,0.1977,4107207,100.0,05/10/2026 12:52:26
75426,False,0.1124,0.1277,0.1482,0.1709,0.1944,0.1588,0.2256,0.2602,0.3215,0.3828,0.4136,0.3636,4108957,100.0,05/10/2026 12:52:27
75434,False,0.146,0.1647,0.1894,0.218,0.249,0.2017,0.2717,0.3011,0.3567,0.4128,0.4438,0.3954,4107306,100.0,05/10/2026 12:52:27
75442,False,0.1599,0.1812,0.2076,0.2378,0.2719,0.2072,0.0026,0.0116,0.058,0.1195,0.1505,0.0792,4110078,100.0,05/10/2026 12:52:26
75450,False,0.1341,0.1539,0.177,0.2023,0.2338,0.179,0.0021,0.0077,0.0387,0.0913,0.1239,0.0324,4107405,100.0,05/10/2026 12:52:26
75469,False,0.1612,0.1835,0.2109,0.2399,0.271,0.188,0.0698,0.1108,0.1824,0.2527,0.2841,0.1755,4114351,100.0,05/10/2026 12:52:27
75477,False,0.1704,0.1934,0.2212,0.2535,0.2867,0.2228,0.1747,0.2071,0.2654,0.321,0.3474,0.3022,4107504,100.0,05/10/2026 12:52:26
75485,False,0.1754,0.1985,0.2285,0.261,0.293,0.2147,0.0017,0.0081,0.0423,0.1044,0.1368,0.0484,4115457,100.0,05/10/2026 12:52:28
75493,False,0.1607,0.1852,0.2132,0.2441,0.278,0.212,0.3427,0.3688,0.4215,0.4713,0.4986,0.4703,4107603,100.0,05/10/2026 12:52:25
75507,False,0.1589,0.1803,0.207,0.2363,0.269,0.2152,0.2415,0.2737,0.3347,0.3893,0.4191,0.3734,4118857,100.0,05/10/2026 12:52:27
75515,False,0.1749,0.1963,0.2254,0.2569,0.2922,0.2164,0.0023,0.0091,0.046,0.1112,0.1525,0.0541,4107702,100.0,05/10/2026 12:52:28
75523,False,0.2157,0.2428,0.2764,0.3114,0.3459,0.2692,0.0701,0.105,0.1679,0.2328,0.2666,0.2065,4119954,100.0,05/10/2026 12:52:26
75531,False,0.1269,0.1434,0.165,0.1894,0.2199,0.1602,0.1495,0.1836,0.2513,0.3145,0.3465,0.2863,4107801,100.0,05/10/2026 12:52:27
75540,False,0.1805,0.2078,0.2371,0.2708,0.307,0.2232,0.039,0.0809,0.1612,0.2386,0.2731,0.1924,4120150,100.0,05/10/2026 12:52:27
75558,False,0.1613,0.1816,0.2088,0.2399,0.2749,0.2143,0.2483,0.2813,0.3416,0.3999,0.4317,0.3858,4107900,100.0,05/10/2026 12:52:26
75566,False,0.1376,0.1585,0.1819,0.2098,0.2402,0.1896,0.0076,0.0321,0.1099,0.191,0.2279,0.1391,4120333,100.0,05/10/2026 12:52:25
75574,False,0.1535,0.1728,0.197,0.2269,0.2553,0.1922,0.0021,0.0068,0.0372,0.0871,0.1199,0.0016,4108007,100.0,05/10/2026 12:52:26
75582,False,0.1437,0.1652,0.1911,0.2185,0.2529,0.1876,0.1605,0.1959,0.262,0.327,0.3701,0.2891,4120655,100.0,05/10/2026 12:52:28
75590,False,0.1331,0.1531,0.1761,0.2005,0.2364,0.1753,0.0083,0.0271,0.1001,0.1856,0.2334,0.1277,4108106,100.0,05/10/2026 12:52:27
75604,False,0.2051,0.2292,0.2607,0.2961,0.3324,0.2455,0.0026,0.0091,0.0515,0.113,0.1466,0.0303,4121752,100.0,05/10/2026 12:52:28
75612,False,0.1638,0.1865,0.2144,0.2435,0.2805,0.2239,0.2569,0.2918,0.3532,0.4111,0.4382,0.3948,4108205,100.0,05/10/2026 12:52:27
75620,False,0.2052,0.2311,0.2634,0.2984,0.3407,0.2473,0.0039,0.0143,0.0713,0.144,0.1812,0.0938,4122172,100.0,05/10/2026 12:52:28
75639,False,0.168,0.1908,0.2191,0.2508,0.2857,0.2177,0.1859,0.2177,0.2729,0.3292,0.363,0.3191,4108304,100.0,05/10/2026 12:52:27
75647,False,0.1187,0.134,0.1558,0.1794,0.2083,0.157,0.4382,0.4655,0.5156,0.5647,0.5906,0.5568,4126355,100.0,05/10/2026 12:52:26
75655,False,0.1274,0.1465,0.1704,0.1958,0.2239,0.172,0.0712,0.1068,0.165,0.2284,0.2645,0.2047,4108403,100.0,05/10/2026 12:52:25
75663,False,0.2052,0.2298,0.2611,0.2965,0.3326,0.2584,0.0483,0.0836,0.1461,0.2064,0.2378,0.1786,4126678,100.0,05/10/2026 12:52:25
75671,False,0.1761,0.1978,0.2279,0.2591,0.2912,0.227,0.0042,0.017,0.0691,0.1266,0.153,0.0899,4108502,100.0,05/10/2026 12:52:27
75698,False,0.1633,0.1863,0.2128,0.2423,0.2762,0.2182,0.2358,0.2632,0.3126,0.3604,0.3846,0.3482,4108601,100.0,05/10/2026 12:52:28
75710,False,0.1782,0.2033,0.2335,0.2645,0.3002,0.2369,0.3221,0.342,0.3866,0.4313,0.4521,0.4248,4108809,100.0,05/10/2026 12:52:26
75736,False,0.1827,0.2085,0.2386,0.2714,0.3077,0.2395,0.1728,0.2068,0.269,0.3275,0.3615,0.3002,4108908,100.0,05/10/2026 12:52:27
75744,False,0.1432,0.1637,0.1879,0.2162,0.2496,0.1877,0.0294,0.0678,0.1446,0.224,0.2718,0.1828,4122651,100.0,05/10/2026 12:52:26
75752,False,0.1943,0.2184,0.249,0.2838,0.3255,0.2387,0.0264,0.0675,0.1446,0.2215,0.2604,0.1757,4109005,100.0,05/10/2026 12:52:28
75760,False,0.1577,0.1796,0.2065,0.235,0.2661,0.2006,0.0259,0.0702,0.1489,0.2286,0.2661,0.1369,4117271,100.0,05/10/2026 12:52:27
75779,False,0.201,0.2303,0.2638,0.2979,0.3371,0.2406,0.0713,0.1173,0.2113,0.303,0.3577,0.2549,4109104,100.0,05/10/2026 12:52:26
75787,False,0.1439,0.1645,0.1883,0.2167,0.2487,0.1896,0.0222,0.0626,0.1458,0.2311,0.28,0.1835,4126652,100.0,05/10/2026 12:52:25
75795,False,0.1591,0.1805,0.2071,0.2371,0.2668,0.2108,0.16,0.1971,0.2639,0.3266,0.3576,0.2956,4109203,100.0,05/10/2026 12:52:25
75809,False,0.1705,0.1956,0.224,0.2542,0.2884,0.2224,0.0064,0.0235,0.0816,0.1412,0.179,0.1033,4113734,100.0,05/10/2026 12:52:27
75817,False,0.1846,0.2092,0.24,0.2731,0.3099,0.2334,0.2714,0.2973,0.3455,0.3968,0.4236,0.3834,4109302,100.0,05/10/2026 12:52:26
75833,False,0.1499,0.173,0.1989,0.2264,0.2631,0.2022,0.061,0.094,0.1573,0.2202,0.2555,0.1972,4109401,100.0,05/10/2026 12:52:26
75850,False,0.2592,0.2886,0.3268,0.3661,0.4149,0.2848,0.0062,0.0261,0.0863,0.1496,0.1829,0.1092,4109500,100.0,05/10/2026 12:52:28
75876,False,0.2098,0.2329,0.2681,0.3032,0.3401,0.2661,0.2334,0.2669,0.3287,0.3894,0.426,0.3843,4109609,100.0,05/10/2026 12:52:26
75892,False,0.19,0.2162,0.2462,0.2796,0.3167,0.249,0.1918,0.2193,0.2722,0.328,0.3562,0.3128,4109708,100.0,05/10/2026 12:52:26
75914,False,0.1839,0.2088,0.2383,0.2708,0.3061,0.25,0.2493,0.2862,0.3506,0.4178,0.4531,0.4132,4109807,100.0,05/10/2026 12:52:27
75930,False,0.1783,0.2016,0.231,0.2622,0.2974,0.2345,0.2654,0.292,0.3399,0.3872,0.4097,0.3695,4109906,100.0,05/10/2026 12:52:26
75957,False,0.1615,0.1818,0.2091,0.2373,0.2709,0.2067,0.2001,0.232,0.3032,0.3728,0.4081,0.3449,4110003,100.0,05/10/2026 12:52:25
75973,False,0.1399,0.1613,0.1856,0.2117,0.2451,0.1819,0.2281,0.2686,0.3328,0.3963,0.4301,0.387,4110102,100.0,05/10/2026 12:52:27
75990,False,0.1606,0.1808,0.2064,0.2373,0.275,0.1885,0.0025,0.0087,0.043,0.1047,0.1432,0.0535,4110201,100.0,05/10/2026 12:52:26
76015,False,0.1992,0.2248,0.2573,0.2923,0.3344,0.2237,0.0047,0.0163,0.0764,0.1497,0.1899,0.0671,4110300,100.0,05/10/2026 12:52:27
76031,False,0.1227,0.1407,0.1625,0.186,0.214,0.1672,0.3054,0.3372,0.4089,0.4808,0.5173,0.4791,4110508,100.0,05/10/2026 12:52:26
76058,False,0.1953,0.2193,0.2512,0.285,0.323,0.2461,0.2362,0.2686,0.3192,0.3716,0.3987,0.3577,4110607,100.0,05/10/2026 12:52:25
76074,False,0.1435,0.1643,0.1883,0.2161,0.2457,0.189,0.15,0.1938,0.2701,0.3493,0.3878,0.3326,4110706,100.0,05/10/2026 12:52:28
76090,False,0.2076,0.2336,0.2651,0.3,0.3373,0.259,0.0033,0.0133,0.0557,0.1156,0.1511,0.077,4110805,100.0,05/10/2026 12:52:25
76112,False,0.1572,0.178,0.2056,0.2337,0.2706,0.2029,0.0023,0.0097,0.0526,0.1207,0.1541,0.0698,4110904,100.0,05/10/2026 12:52:27
76139,False,0.1988,0.2223,0.2537,0.2877,0.3231,0.2552,0.2019,0.2334,0.2938,0.3502,0.3791,0.3243,4111001,100.0,05/10/2026 12:52:26
76155,False,0.1238,0.1418,0.1638,0.1887,0.2188,0.1663,0.1423,0.182,0.2517,0.3251,0.3598,0.2954,4111100,100.0,05/10/2026 12:52:27
76171,False,0.1355,0.1556,0.1796,0.2062,0.2413,0.1851,0.037,0.0684,0.1285,0.1869,0.2201,0.1546,4111209,100.0,05/10/2026 12:52:26
76198,False,0.1928,0.2186,0.2494,0.2836,0.3228,0.2514,0.0175,0.0514,0.1407,0.2204,0.2561,0.1297,4111308,100.0,05/10/2026 12:52:28
76210,False,0.1251,0.1417,0.1626,0.1874,0.2169,0.1656,0.2432,0.2785,0.3408,0.3984,0.4321,0.3884,4111407,100.0,05/10/2026 12:52:27
76236,False,0.1496,0.1694,0.1942,0.2233,0.2532,0.1951,0.1009,0.1375,0.2045,0.2708,0.3016,0.2449,4111506,100.0,05/10/2026 12:52:25
76252,False,0.2044,0.2297,0.26,0.2932,0.3317,0.2606,0.1463,0.1979,0.2912,0.3781,0.4285,0.3498,4111605,100.0,05/10/2026 12:52:26
76279,False,0.1466,0.1656,0.191,0.2193,0.2483,0.1986,0.1408,0.1835,0.2554,0.3254,0.3622,0.2956,4111704,100.0,05/10/2026 12:52:26
76295,False,0.1852,0.2067,0.2372,0.2691,0.3055,0.2419,0.0044,0.0168,0.063,0.1175,0.1458,0.0874,4111803,100.0,05/10/2026 12:52:26
76317,False,0.2001,0.2275,0.2592,0.2936,0.3315,0.2659,0.2429,0.2727,0.3314,0.3902,0.4233,0.3772,4111902,100.0,05/10/2026 12:52:26
76333,False,0.1799,0.2034,0.2323,0.2641,0.2988,0.2344,0.3035,0.3292,0.3782,0.427,0.4548,0.424,4112009,100.0,05/10/2026 12:52:26
76350,False,0.1549,0.1735,0.1997,0.2268,0.2583,0.2077,0.3245,0.363,0.4234,0.4854,0.5154,0.4877,4112108,100.0,05/10/2026 12:52:27
76376,False,0.1768,0.2025,0.2326,0.2645,0.3016,0.2355,0.0045,0.0189,0.0743,0.1355,0.169,0.095,4112207,100.0,05/10/2026 12:52:27
76392,False,0.1854,0.2091,0.2395,0.2718,0.3081,0.2345,0.0188,0.0494,0.1223,0.1949,0.236,0.1525,4112306,100.0,05/10/2026 12:52:26
76414,False,0.1422,0.1619,0.1869,0.2143,0.2505,0.1961,0.3154,0.349,0.4071,0.4673,0.4985,0.4585,4112405,100.0,05/10/2026 12:52:28
76430,False,0.1369,0.1592,0.1829,0.2101,0.2412,0.19,0.0358,0.0667,0.1255,0.1821,0.2113,0.1498,4112504,100.0,05/10/2026 12:52:25
76457,False,0.1269,0.1439,0.166,0.19,0.2202,0.1597,0.0377,0.0898,0.193,0.2875,0.3364,0.1867,4112603,100.0,05/10/2026 12:52:25
76473,False,0.1654,0.1865,0.2137,0.2435,0.2786,0.2311,0.1394,0.176,0.2436,0.3083,0.34,0.2841,4112702,100.0,05/10/2026 12:52:24
76490,False,0.1822,0.2045,0.233,0.2658,0.3043,0.2398,0.1969,0.2267,0.2894,0.3504,0.3822,0.3321,4112801,100.0,05/10/2026 12:52:28
76511,False,0.1982,0.223,0.2549,0.2895,0.326,0.2549,0.0026,0.0095,0.057,0.1245,0.1638,0.035,4112900,100.0,05/10/2026 12:52:26
76538,False,0.1629,0.1848,0.2133,0.2435,0.2776,0.2143,0.1022,0.1466,0.2178,0.2889,0.3296,0.2556,4113007,100.0,05/10/2026 12:52:25
76554,False,0.1255,0.1428,0.1655,0.1932,0.2196,0.1682,0.1466,0.1807,0.2448,0.3076,0.3392,0.2748,4113106,100.0,05/10/2026 12:52:28
76570,False,0.1492,0.1679,0.1936,0.2218,0.2551,0.1968,0.1198,0.1607,0.2318,0.3042,0.3448,0.2835,4113205,100.0,05/10/2026 12:52:26
76597,False,0.1891,0.217,0.2487,0.2825,0.3188,0.2451,0.0018,0.0078,0.0426,0.0963,0.1281,0.062,4113304,100.0,05/10/2026 12:52:25
76619,False,0.1452,0.1655,0.19,0.2182,0.2484,0.188,0.0082,0.0307,0.0974,0.1685,0.2061,0.1217,4113403,100.0,05/10/2026 12:52:26
76635,False,0.1621,0.1828,0.2105,0.2404,0.274,0.2108,0.2588,0.2858,0.3345,0.3796,0.4082,0.3696,4113502,100.0,05/10/2026 12:52:25
76651,False,0.1522,0.1736,0.1996,0.2285,0.2595,0.2007,0.013,0.0408,0.1118,0.185,0.2248,0.1371,4113601,100.0,05/10/2026 12:52:27
76678,False,0.1609,0.1831,0.2109,0.2396,0.2765,0.2161,0.2615,0.3026,0.3789,0.4568,0.497,0.4583,4113700,100.0,05/10/2026 12:52:27
76694,False,0.1559,0.1759,0.2022,0.2315,0.267,0.2011,0.0018,0.007,0.0379,0.0896,0.1215,0.0048,4113809,100.0,05/10/2026 12:52:24
76716,False,0.1383,0.1574,0.1796,0.2071,0.2399,0.186,0.2445,0.2893,0.3682,0.4417,0.4863,0.4353,4113908,100.0,05/10/2026 12:52:27
76732,False,0.1572,0.1787,0.2056,0.2352,0.2667,0.2076,0.36,0.3838,0.4266,0.4696,0.4909,0.4629,4114005,100.0,05/10/2026 12:52:25
76759,False,0.1776,0.1997,0.2299,0.2601,0.297,0.2353,0.185,0.2163,0.2773,0.3346,0.3652,0.3226,4114104,100.0,05/10/2026 12:52:27
76775,False,0.1678,0.1892,0.2163,0.2448,0.2784,0.2314,0.2693,0.3086,0.3695,0.4316,0.4659,0.4284,4114203,100.0,05/10/2026 12:52:28
76791,False,0.1574,0.183,0.2094,0.2389,0.2715,0.2105,0.1112,0.1489,0.2153,0.2809,0.3166,0.2605,4114302,100.0,05/10/2026 12:52:25
76813,False,0.1526,0.1752,0.1991,0.2287,0.2578,0.2025,0.3322,0.3548,0.4063,0.4537,0.481,0.4478,4114500,100.0,05/10/2026 12:52:26
76830,False,0.1403,0.1593,0.184,0.2119,0.242,0.1831,0.4523,0.4742,0.5158,0.5578,0.5809,0.5671,4114609,100.0,05/10/2026 12:52:26
76856,False,0.1646,0.1867,0.2144,0.2439,0.2806,0.2152,0.0292,0.0619,0.1244,0.183,0.2164,0.1436,4114708,100.0,05/10/2026 12:52:26
76872,False,0.1538,0.1766,0.2032,0.231,0.266,0.2133,0.3144,0.3455,0.4052,0.4633,0.4982,0.4628,4114807,100.0,05/10/2026 12:52:27
76899,False,0.1694,0.1917,0.2197,0.2502,0.2835,0.2227,0.0029,0.0135,0.0612,0.1174,0.1442,0.081,4115101,100.0,05/10/2026 12:52:27
76910,False,0.1598,0.1824,0.2085,0.238,0.2678,0.2177,0.2193,0.2601,0.3361,0.4065,0.4465,0.4044,4115200,100.0,05/10/2026 12:52:26
76937,False,0.1504,0.1708,0.1959,0.2234,0.2532,0.1962,0.223,0.2571,0.3148,0.3711,0.3997,0.3473,4115309,100.0,05/10/2026 12:52:25
76953,False,0.1505,0.1697,0.1955,0.2247,0.2587,0.197,0.0387,0.0728,0.1346,0.1959,0.2351,0.1657,4115408,100.0,05/10/2026 12:52:24
76970,False,0.1344,0.152,0.1761,0.2029,0.2337,0.1689,0.0117,0.041,0.1162,0.1942,0.2345,0.1496,4115507,100.0,05/10/2026 12:52:25
76996,False,0.1426,0.166,0.1904,0.2191,0.2502,0.1964,0.469,0.4907,0.5309,0.5679,0.5901,0.5724,4115606,100.0,05/10/2026 12:52:25
77011,False,0.1514,0.1713,0.1964,0.226,0.2609,0.2038,0.3311,0.3526,0.4009,0.4484,0.4764,0.4465,4115804,100.0,05/10/2026 12:52:24
77038,False,0.2138,0.2419,0.2749,0.3107,0.3468,0.258,0.0196,0.0606,0.1478,0.2313,0.2745,0.137,4115903,100.0,05/10/2026 12:52:26
77054,False,0.128,0.1479,0.1701,0.1962,0.2254,0.1573,0.0269,0.073,0.1571,0.2394,0.2833,0.1792,4116000,100.0,05/10/2026 12:52:27
77070,False,0.1533,0.1734,0.1988,0.2279,0.2622,0.2013,0.142,0.17,0.2167,0.2613,0.2879,0.2379,4116109,100.0,05/10/2026 12:52:25
77097,False,0.1958,0.2186,0.2492,0.2819,0.3218,0.2419,0.092,0.1296,0.1884,0.2503,0.2829,0.2252,4116208,100.0,05/10/2026 12:52:26
77119,False,0.1554,0.1733,0.2009,0.2305,0.262,0.2007,0.1194,0.1485,0.2142,0.278,0.3146,0.2391,4116307,100.0,05/10/2026 12:52:25
77135,False,0.1615,0.1807,0.2083,0.2389,0.271,0.2092,0.0034,0.0143,0.0752,0.1571,0.1964,0.0555,4116406,100.0,05/10/2026 12:52:25
77151,False,0.1859,0.2084,0.2382,0.2696,0.3034,0.2134,0.0121,0.0406,0.1365,0.2329,0.2832,0.1659,4116505,100.0,05/10/2026 12:52:27
77178,False,0.135,0.1557,0.1795,0.2052,0.2375,0.1643,0.0522,0.0882,0.1588,0.2236,0.255,0.1827,4116604,100.0,05/10/2026 12:52:27
77194,False,0.1588,0.1795,0.2058,0.2355,0.2727,0.1992,0.0018,0.0095,0.0473,0.1054,0.1396,0.0337,4116802,100.0,05/10/2026 12:52:28
77216,False,0.1564,0.1791,0.2073,0.2366,0.2697,0.2146,0.2143,0.246,0.3049,0.3621,0.394,0.3503,4116901,100.0,05/10/2026 12:52:25
77232,False,0.1788,0.207,0.2363,0.2674,0.3041,0.2344,0.0516,0.0846,0.1479,0.2138,0.2481,0.1779,4117008,100.0,05/10/2026 12:52:26
77259,False,0.199,0.2214,0.2521,0.2862,0.3224,0.2555,0.0845,0.1183,0.1757,0.236,0.2669,0.2094,4117107,100.0,05/10/2026 12:52:27
77275,False,0.2138,0.2399,0.2722,0.3068,0.3499,0.2682,0.0018,0.0068,0.0344,0.0804,0.1062,0.0106,4117305,100.0,05/10/2026 12:52:27
77291,False,0.1265,0.1433,0.1653,0.1922,0.2137,0.1658,0.0025,0.0104,0.0597,0.1331,0.1766,0.0751,4117404,100.0,05/10/2026 12:52:26
77313,False,0.1646,0.1862,0.2139,0.244,0.2782,0.2264,0.0676,0.1142,0.1884,0.2648,0.3026,0.2366,4117503,100.0,05/10/2026 12:52:26
77330,False,0.2127,0.2362,0.269,0.3054,0.3472,0.2724,0.002,0.0068,0.0362,0.0846,0.1147,0.0531,4117602,100.0,05/10/2026 12:52:26
77356,False,0.1449,0.1631,0.1874,0.216,0.2466,0.1895,0.3218,0.3545,0.4178,0.482,0.5217,0.4903,4117701,100.0,05/10/2026 12:52:26
77372,False,0.1689,0.1893,0.2185,0.2495,0.2839,0.2196,0.0017,0.0082,0.0427,0.0965,0.1263,0.0586,4117800,100.0,05/10/2026 12:52:28
77399,False,0.1339,0.1523,0.1761,0.2032,0.2324,0.1824,0.4309,0.4556,0.5,0.5441,0.5709,0.552,4117909,100.0,05/10/2026 12:52:26
77410,False,0.1634,0.1869,0.214,0.2438,0.2783,0.2193,0.0793,0.1082,0.1647,0.2199,0.2505,0.1901,4118006,100.0,05/10/2026 12:52:27
77437,False,0.1883,0.2135,0.2439,0.2764,0.3115,0.254,0.0017,0.0061,0.0338,0.0862,0.1141,0.0406,4118105,100.0,05/10/2026 12:52:25
77453,False,0.1612,0.1857,0.2125,0.2432,0.278,0.2121,0.1854,0.2193,0.286,0.3451,0.3784,0.3346,4118204,100.0,05/10/2026 12:52:26
77470,False,0.1384,0.1576,0.1827,0.2106,0.2408,0.1746,0.011,0.0383,0.1237,0.2055,0.2476,0.11,4118303,100.0,05/10/2026 12:52:26
77496,False,0.1716,0.1967,0.2244,0.2551,0.2928,0.2307,0.2863,0.3183,0.3718,0.4248,0.4526,0.423,4118402,100.0,05/10/2026 12:52:26
77518,False,0.1447,0.1658,0.1906,0.217,0.2486,0.1931,0.1999,0.2308,0.2942,0.3579,0.3914,0.3459,4118501,100.0,05/10/2026 12:52:26
77534,False,0.1431,0.162,0.1869,0.2137,0.2443,0.1957,0.242,0.2826,0.3514,0.4186,0.4524,0.4044,4118600,100.0,05/10/2026 12:52:27
77550,False,0.1249,0.1416,0.1635,0.1882,0.2135,0.168,0.2333,0.2839,0.3633,0.4371,0.4825,0.4292,4118709,100.0,05/10/2026 12:52:26
77577,False,0.1532,0.1748,0.202,0.2316,0.2627,0.2083,0.1126,0.1446,0.208,0.2721,0.3058,0.2468,4118808,100.0,05/10/2026 12:52:27
77593,False,0.1225,0.1401,0.1619,0.186,0.2153,0.1637,0.199,0.2361,0.2963,0.3534,0.3879,0.3288,4119004,100.0,05/10/2026 12:52:27
77615,False,0.1058,0.1214,0.1407,0.1632,0.1876,0.1397,0.4403,0.4715,0.5281,0.5824,0.6126,0.5937,4119103,100.0,05/10/2026 12:52:28
77631,False,0.1558,0.1758,0.2027,0.2306,0.263,0.2048,0.1142,0.1492,0.213,0.2784,0.3124,0.2473,4119202,100.0,05/10/2026 12:52:26
77658,False,0.199,0.2263,0.2554,0.2893,0.3252,0.2587,0.0114,0.0378,0.0977,0.1543,0.1854,0.0826,4119301,100.0,05/10/2026 12:52:27
77674,False,0.1671,0.1898,0.2173,0.2477,0.2808,0.218,0.1885,0.227,0.2995,0.3705,0.4104,0.3567,4119400,100.0,05/10/2026 12:52:27
77690,False,0.1818,0.2089,0.2364,0.2695,0.3094,0.2348,0.0235,0.0668,0.1488,0.2318,0.278,0.1993,4119509,100.0,05/10/2026 12:52:27
77712,False,0.1676,0.1909,0.2182,0.2483,0.2839,0.219,0.0094,0.0358,0.102,0.1734,0.2126,0.1381,4119608,100.0,05/10/2026 12:52:27
77739,False,0.1378,0.1557,0.1809,0.207,0.2355,0.1852,0.0015,0.0068,0.0399,0.0954,0.1299,0.0183,4119707,100.0,05/10/2026 12:52:27
77755,False,0.1438,0.1636,0.1883,0.2164,0.2439,0.1891,0.0148,0.04,0.0919,0.1468,0.1755,0.1102,4119806,100.0,05/10/2026 12:52:25
77771,False,0.1546,0.1764,0.2033,0.2332,0.2662,0.2043,0.1247,0.181,0.2754,0.3672,0.4141,0.3547,4119905,100.0,05/10/2026 12:52:25
77798,False,0.1894,0.2108,0.2416,0.2736,0.3144,0.2417,0.0018,0.0064,0.0387,0.0931,0.1243,0.0481,4120002,100.0,05/10/2026 12:52:27
77810,False,0.1796,0.2035,0.2325,0.2665,0.2989,0.2227,0.1552,0.2068,0.2982,0.3873,0.4339,0.3623,4120101,100.0,05/10/2026 12:52:26
77836,False,0.1776,0.2047,0.2338,0.2681,0.3015,0.2138,0.2687,0.3072,0.3684,0.4311,0.4581,0.4004,4120200,100.0,05/10/2026 12:52:26
77852,False,0.1448,0.1637,0.1876,0.2153,0.2458,0.1941,0.0968,0.1423,0.2241,0.3048,0.3461,0.2708,4120309,100.0,05/10/2026 12:52:25
77879,False,0.1659,0.1863,0.2136,0.243,0.2774,0.2178,0.0022,0.0074,0.0404,0.0991,0.1342,0.022,4120408,100.0,05/10/2026 12:52:27
77895,False,0.1601,0.1794,0.206,0.2364,0.2694,0.2099,0.328,0.3512,0.3977,0.4423,0.4655,0.4295,4120507,100.0,05/10/2026 12:52:27
77917,False,0.1401,0.161,0.1844,0.2114,0.2522,0.1911,0.3946,0.4281,0.486,0.5399,0.5756,0.5532,4120606,100.0,05/10/2026 12:52:26
77933,False,0.1633,0.186,0.214,0.2437,0.274,0.2187,0.2592,0.2868,0.3452,0.3984,0.4217,0.3811,4120705,100.0,05/10/2026 12:52:27
77950,False,0.1604,0.1804,0.2082,0.239,0.272,0.2088,0.2354,0.2752,0.3511,0.4199,0.4607,0.4162,4120804,100.0,05/10/2026 12:52:27
77976,False,0.1655,0.1879,0.2153,0.2459,0.2831,0.2153,0.0015,0.0057,0.0281,0.0675,0.091,0.02,4121000,100.0,05/10/2026 12:52:26
77992,False,0.1541,0.1743,0.2015,0.2302,0.2636,0.198,0.0128,0.0391,0.1034,0.1695,0.2004,0.1235,4121109,100.0,05/10/2026 12:52:27
78018,False,0.1238,0.1427,0.1658,0.1907,0.2157,0.1664,0.3387,0.3664,0.4195,0.4729,0.5003,0.47,4121208,100.0,05/10/2026 12:52:26
78034,False,0.1677,0.1888,0.2152,0.2458,0.2783,0.2114,0.1591,0.1932,0.2648,0.3369,0.3761,0.3017,4121307,100.0,05/10/2026 12:52:25
78050,False,0.1543,0.1749,0.2018,0.2303,0.2628,0.2052,0.1671,0.1927,0.242,0.2876,0.318,0.2702,4121406,100.0,05/10/2026 12:52:27
78077,False,0.1417,0.161,0.1869,0.2145,0.2477,0.1836,0.1162,0.155,0.2247,0.2966,0.3319,0.2713,4121505,100.0,05/10/2026 12:52:27
78093,False,0.1457,0.1676,0.1934,0.22,0.2518,0.1947,0.0377,0.0702,0.1314,0.1899,0.2231,0.153,4121604,100.0,05/10/2026 12:52:26
78115,False,0.1897,0.218,0.248,0.2825,0.32,0.2571,0.1387,0.1624,0.2161,0.2668,0.2969,0.249,4121703,100.0,05/10/2026 12:52:27
78131,False,0.1834,0.2108,0.2406,0.2734,0.3114,0.2549,0.1174,0.1457,0.2085,0.2691,0.3008,0.245,4121802,100.0,05/10/2026 12:52:27
78158,False,0.2177,0.2406,0.2741,0.3083,0.3489,0.2741,0.0021,0.0074,0.04,0.0927,0.1209,0.0083,4121901,100.0,05/10/2026 12:52:27
78174,False,0.1136,0.1297,0.1506,0.1746,0.2,0.1495,0.3827,0.4197,0.4843,0.5487,0.5804,0.5567,4122008,100.0,05/10/2026 12:52:26
78190,False,0.1515,0.1721,0.1976,0.2255,0.2573,0.2005,0.0317,0.0717,0.1574,0.2415,0.284,0.1966,4122107,100.0,05/10/2026 12:52:26
78212,False,0.1476,0.17,0.196,0.2256,0.2575,0.1951,0.0058,0.0179,0.0705,0.1301,0.159,0.0969,4122206,100.0,05/10/2026 12:52:27
78239,False,0.1494,0.1711,0.1978,0.2257,0.2591,0.2074,0.3917,0.4223,0.4852,0.5465,0.5836,0.5601,4122305,100.0,05/10/2026 12:52:28
78255,False,0.1709,0.194,0.2234,0.2564,0.2917,0.232,0.3357,0.3677,0.4238,0.4791,0.5133,0.484,4122404,100.0,05/10/2026 12:52:25
78271,False,0.1758,0.1982,0.2262,0.2571,0.2897,0.2178,0.0018,0.0078,0.0474,0.1103,0.1446,0.0662,4122503,100.0,05/10/2026 12:52:25
78298,False,0.1544,0.1749,0.201,0.2296,0.2641,0.2017,0.2264,0.2506,0.3055,0.359,0.3869,0.3368,4122602,100.0,05/10/2026 12:52:27
78310,False,0.1403,0.1557,0.1815,0.2082,0.2344,0.1989,0.3634,0.3961,0.4579,0.5157,0.5462,0.5163,4122701,100.0,05/10/2026 12:52:27
78336,False,0.1151,0.1316,0.152,0.1748,0.2032,0.1507,0.0415,0.0836,0.1582,0.2357,0.2761,0.1936,4122800,100.0,05/10/2026 12:52:25
78352,False,0.1679,0.1896,0.2169,0.2485,0.2791,0.2182,0.0048,0.0204,0.0819,0.1542,0.1945,0.1074,4122909,100.0,05/10/2026 12:52:27
78379,False,0.1519,0.1735,0.2003,0.2301,0.2608,0.1971,0.003,0.0118,0.0561,0.1108,0.1458,0.0398,4123006,100.0,05/10/2026 12:52:26
78395,False,0.1683,0.1933,0.2211,0.2502,0.2832,0.2103,0.0842,0.117,0.1865,0.2497,0.284,0.2035,4123105,100.0,05/10/2026 12:52:25
78417,False,0.1563,0.1744,0.2014,0.2311,0.2653,0.1821,0.0108,0.0338,0.1099,0.1862,0.2242,0.1353,4123204,100.0,05/10/2026 12:52:28
78433,False,0.1586,0.1798,0.2072,0.2374,0.27,0.2093,0.1468,0.1738,0.2252,0.2753,0.3014,0.2502,4123303,100.0,05/10/2026 12:52:26
78450,False,0.1584,0.1805,0.208,0.2383,0.273,0.2204,0.2026,0.2313,0.2842,0.3312,0.3607,0.3125,4123402,100.0,05/10/2026 12:52:25
78476,False,0.1218,0.1377,0.1595,0.1849,0.211,0.152,0.0032,0.0123,0.0703,0.1564,0.2008,0.0492,4123600,100.0,05/10/2026 12:52:25
78492,False,0.1687,0.1923,0.2201,0.2531,0.2845,0.225,0.2513,0.2772,0.3281,0.3787,0.4046,0.36,4123709,100.0,05/10/2026 12:52:27
78514,False,0.1507,0.1705,0.1953,0.2226,0.2558,0.2001,0.083,0.1085,0.1634,0.2124,0.2376,0.1853,4123808,100.0,05/10/2026 12:52:27
78530,False,0.1849,0.2079,0.238,0.2698,0.3074,0.2438,0.0051,0.0197,0.0715,0.1358,0.1678,0.0981,4123907,100.0,05/10/2026 12:52:25
78557,False,0.1685,0.1872,0.2162,0.2475,0.2796,0.2236,0.0334,0.0661,0.138,0.2081,0.2428,0.1664,4124004,100.0,05/10/2026 12:52:26
78573,False,0.1497,0.1698,0.1956,0.2237,0.2601,0.1837,0.0466,0.0694,0.1163,0.1613,0.1864,0.1356,4124400,100.0,05/10/2026 12:52:26
78590,False,0.1812,0.2097,0.2397,0.2729,0.3079,0.2454,0.218,0.2473,0.3035,0.3617,0.3929,0.3501,4124103,100.0,05/10/2026 12:52:25
78611,False,0.131,0.1523,0.1753,0.2001,0.2314,0.1796,0.0062,0.0235,0.0899,0.1667,0.2069,0.0804,4124202,100.0,05/10/2026 12:52:28
78638,False,0.1952,0.2182,0.2501,0.2838,0.3217,0.2272,0.003,0.0132,0.071,0.148,0.1914,0.086,4124301,100.0,05/10/2026 12:52:26
78654,False,0.1772,0.2017,0.2309,0.2618,0.2964,0.2262,0.008,0.0281,0.095,0.1631,0.1975,0.1183,4124509,100.0,05/10/2026 12:52:28
78670,False,0.1336,0.1517,0.175,0.2007,0.2301,0.1767,0.245,0.2749,0.3272,0.378,0.407,0.3537,4124608,100.0,05/10/2026 12:52:28
78697,False,0.2144,0.2437,0.2762,0.3096,0.3487,0.2713,0.0048,0.0198,0.0741,0.1318,0.1652,0.0612,4124707,100.0,05/10/2026 12:52:27
78719,False,0.1393,0.1597,0.1838,0.2115,0.2443,0.1871,0.1758,0.2038,0.2593,0.3117,0.3403,0.2927,4124806,100.0,05/10/2026 12:52:26
78735,False,0.1392,0.1587,0.1825,0.2093,0.2416,0.1858,0.0086,0.0311,0.0882,0.1505,0.1828,0.0798,4124905,100.0,05/10/2026 12:52:27
78751,False,0.1766,0.1968,0.2261,0.2585,0.2962,0.2326,0.0054,0.0192,0.0753,0.1444,0.1778,0.1027,4125001,100.0,05/10/2026 12:52:26
78778,False,0.1327,0.1517,0.1757,0.2016,0.2319,0.1795,0.0094,0.0319,0.1103,0.2001,0.25,0.1543,4125100,100.0,05/10/2026 12:52:25
78794,False,0.12,0.1376,0.16,0.1844,0.2121,0.1668,0.3522,0.3826,0.4311,0.4797,0.5044,0.4614,4125308,100.0,05/10/2026 12:52:25
78816,False,0.1343,0.1535,0.1759,0.2032,0.231,0.1646,0.1183,0.149,0.2011,0.2532,0.2828,0.2261,4125209,100.0,05/10/2026 12:52:28
78832,False,0.1551,0.1754,0.2017,0.232,0.2656,0.2081,0.1807,0.2274,0.3044,0.3793,0.4171,0.3567,4125407,100.0,05/10/2026 12:52:26
78859,False,0.1636,0.184,0.2104,0.2391,0.2733,0.2099,0.1687,0.2145,0.2959,0.3733,0.4213,0.3663,4125506,100.0,05/10/2026 12:52:26
78875,False,0.1461,0.1672,0.1917,0.2192,0.2514,0.1945,0.0703,0.1188,0.1957,0.2762,0.3187,0.2492,4125605,100.0,05/10/2026 12:52:27
78891,False,0.1533,0.173,0.1999,0.2289,0.2625,0.2007,0.2545,0.2785,0.3194,0.3619,0.3834,0.3507,4125704,100.0,05/10/2026 12:52:27
78913,False,0.1648,0.1868,0.2142,0.2425,0.2823,0.2161,0.1263,0.1579,0.2205,0.2799,0.3103,0.255,4125803,100.0,05/10/2026 12:52:26
78930,False,0.1773,0.2007,0.229,0.261,0.2994,0.2126,0.2995,0.3345,0.3971,0.4561,0.4856,0.4304,4125902,100.0,05/10/2026 12:52:25
78956,False,0.186,0.2047,0.2338,0.266,0.3014,0.2334,0.002,0.0077,0.0414,0.0985,0.1296,0.0485,4126009,100.0,05/10/2026 12:52:26
78972,False,0.1818,0.2053,0.2351,0.2679,0.303,0.2277,0.1863,0.2225,0.2913,0.3625,0.3985,0.3347,4126108,100.0,05/10/2026 12:52:26
78999,False,0.1785,0.2037,0.233,0.2642,0.2968,0.2347,0.0033,0.0136,0.0684,0.1402,0.18,0.0938,4126207,100.0,05/10/2026 12:52:28
79014,False,0.1754,0.1992,0.2284,0.2581,0.295,0.2268,0.2434,0.2768,0.3329,0.3872,0.4149,0.3744,4126306,100.0,05/10/2026 12:52:26
79030,False,0.1455,0.1678,0.1919,0.2196,0.2517,0.1942,0.1599,0.1999,0.2627,0.3286,0.3649,0.2994,4126405,100.0,05/10/2026 12:52:27
79057,False,0.1576,0.1813,0.2077,0.2368,0.2714,0.2206,0.3988,0.4236,0.4677,0.5119,0.535,0.5124,4126504,100.0,05/10/2026 12:52:25
79073,False,0.1681,0.192,0.2205,0.2509,0.2812,0.2331,0.0464,0.0862,0.1617,0.2383,0.2822,0.2072,4126603,100.0,05/10/2026 12:52:28
79090,False,0.1744,0.1949,0.2239,0.2542,0.2902,0.2193,0.1968,0.2338,0.2972,0.3617,0.3935,0.3329,4126702,100.0,05/10/2026 12:52:25
79111,False,0.1799,0.203,0.2313,0.2636,0.3001,0.2372,0.2035,0.2345,0.2831,0.334,0.3607,0.3163,4126801,100.0,05/10/2026 12:52:26
79138,False,0.1625,0.1838,0.2128,0.2442,0.2764,0.2093,0.1613,0.2028,0.2737,0.3475,0.3857,0.3252,4127007,100.0,05/10/2026 12:52:25
79154,False,0.1684,0.1915,0.2197,0.2504,0.2851,0.2187,0.1417,0.1859,0.2564,0.3262,0.368,0.3095,4127106,100.0,05/10/2026 12:52:26
79170,False,0.1712,0.1955,0.2247,0.2573,0.2885,0.234,0.2783,0.3099,0.3687,0.4236,0.4512,0.4174,4127205,100.0,05/10/2026 12:52:28
79197,False,0.1816,0.2063,0.2355,0.2683,0.3034,0.2424,0.2313,0.2578,0.3105,0.3638,0.3891,0.348,4127304,100.0,05/10/2026 12:52:25
79219,False,0.1423,0.1638,0.1891,0.2174,0.2475,0.1995,0.3407,0.3619,0.4036,0.4455,0.469,0.4387,4127403,100.0,05/10/2026 12:52:27
79235,False,0.2037,0.2263,0.2581,0.292,0.3362,0.2507,0.0273,0.0657,0.1356,0.2055,0.2439,0.1717,4127502,100.0,05/10/2026 12:52:26
79251,False,0.1402,0.159,0.1815,0.2076,0.2404,0.1841,0.069,0.114,0.1876,0.2544,0.2953,0.2296,4127601,100.0,05/10/2026 12:52:28
79278,False,0.1432,0.1608,0.1859,0.2147,0.2437,0.1907,0.2918,0.3189,0.3775,0.4353,0.465,0.434,4127700,100.0,05/10/2026 12:52:25
79294,False,0.1567,0.179,0.2056,0.2357,0.2658,0.21,0.1014,0.1374,0.2093,0.2814,0.314,0.2487,4127809,100.0,05/10/2026 12:52:27
79316,False,0.1584,0.1825,0.2098,0.2397,0.2779,0.2201,0.2061,0.2382,0.2955,0.3513,0.3802,0.3285,4127908,100.0,05/10/2026 12:52:28
79332,False,0.1567,0.1797,0.2054,0.2349,0.2682,0.2092,0.2744,0.301,0.3499,0.3976,0.4186,0.3882,4128005,100.0,05/10/2026 12:52:28
79359,False,0.1635,0.185,0.2122,0.2416,0.2748,0.2209,0.3531,0.3808,0.4319,0.4817,0.5109,0.4884,4128104,100.0,05/10/2026 12:52:27
79375,False,0.1767,0.2012,0.2302,0.2626,0.297,0.2356,0.165,0.2089,0.2801,0.3482,0.3911,0.338,4128203,100.0,05/10/2026 12:52:28
79391,False,0.1397,0.158,0.183,0.2105,0.2427,0.1773,0.0029,0.0098,0.0531,0.1311,0.1693,0.0591,4128302,100.0,05/10/2026 12:52:27
79413,False,0.1721,0.1911,0.2208,0.2517,0.2902,0.2187,0.1334,0.1653,0.2294,0.2956,0.3306,0.2691,4128401,100.0,05/10/2026 12:52:26
79430,False,0.1881,0.2109,0.2427,0.275,0.3098,0.247,0.2221,0.2528,0.311,0.3729,0.4011,0.3587,4128500,100.0,05/10/2026 12:52:25
79456,False,0.1209,0.1358,0.1571,0.1807,0.2087,0.1577,0.0268,0.0504,0.1034,0.1587,0.1872,0.1223,4128609,100.0,05/10/2026 12:52:26
79472,False,0.1246,0.1419,0.1642,0.1899,0.2193,0.1731,0.2237,0.2519,0.3134,0.3686,0.3933,0.3478,4128708,100.0,05/10/2026 12:52:28
79499,False,0.1866,0.2123,0.2412,0.273,0.3051,0.2373,0.1269,0.1587,0.2222,0.2832,0.3156,0.2509,4128807,100.0,05/10/2026 12:52:26
79510,False,0.1716,0.1928,0.2217,0.2511,0.285,0.2282,0.2987,0.3293,0.3843,0.438,0.4712,0.433,4100509,100.0,05/10/2026 12:52:25
79537,False,0.1539,0.1769,0.2036,0.2325,0.2655,0.2096,0.2788,0.3052,0.3542,0.3998,0.426,0.3961,4102000,100.0,05/10/2026 12:52:27
79553,False,0.1822,0.2054,0.2354,0.2691,0.3064,0.2324,0.1504,0.1761,0.2222,0.2674,0.2928,0.2507,4120903,100.0,05/10/2026 12:52:25
79570,False,0.1402,0.1607,0.1853,0.2129,0.2432,0.1887,0.4762,0.4974,0.5395,0.5795,0.6018,0.5814,4105300,100.0,05/10/2026 12:52:27
79596,False,0.1785,0.2016,0.2317,0.2645,0.3012,0.2235,0.1977,0.2394,0.3053,0.3728,0.4084,0.3476,4108700,100.0,05/10/2026 12:52:25
79618,False,0.159,0.1808,0.2079,0.2384,0.2728,0.2164,0.1543,0.1965,0.2643,0.332,0.3654,0.2994,4110409,100.0,05/10/2026 12:52:27
79634,False,0.2409,0.27,0.3051,0.3421,0.3846,0.3023,0.0613,0.1032,0.1722,0.2421,0.2796,0.2185,4115705,100.0,05/10/2026 12:52:27
79650,False,0.1249,0.1414,0.1632,0.1889,0.2199,0.1651,0.2603,0.2877,0.3362,0.3858,0.4096,0.3708,4116703,100.0,05/10/2026 12:52:26
79677,False,0.1659,0.1879,0.2152,0.245,0.2796,0.2172,0.2206,0.2522,0.3126,0.3716,0.4026,0.3455,4117206,100.0,05/10/2026 12:52:25
79693,False,0.186,0.2082,0.2386,0.2698,0.3068,0.2465,0.2164,0.246,0.3059,0.3655,0.3973,0.3492,4118907,100.0,05/10/2026 12:52:27
79715,False,0.1523,0.1728,0.1987,0.2265,0.2628,0.1982,0.2405,0.2613,0.305,0.3494,0.3731,0.3362,4123501,100.0,05/10/2026 12:52:28
79731,False,0.1968,0.2225,0.2514,0.286,0.3239,0.2507,0.0962,0.1268,0.1869,0.2416,0.2683,0.2061,4126900,100.0,05/10/2026 12:52:26
79758,False,0.1809,0.2033,0.2329,0.2647,0.3026,0.2361,0.0018,0.0072,0.0386,0.0934,0.1256,0.0128,4115002,100.0,05/10/2026 12:52:26
79774,False,0.1973,0.223,0.2534,0.2855,0.3281,0.2572,0.2431,0.2694,0.3212,0.3733,0.4001,0.3516,4108320,100.0,05/10/2026 12:52:26
79790,False,0.1105,0.1265,0.1462,0.1685,0.1988,0.1467,0.6305,0.6491,0.6837,0.7161,0.7326,0.7277,4117222,100.0,05/10/2026 12:52:26
79812,False,0.1674,0.1903,0.2181,0.2492,0.2858,0.217,0.0205,0.0551,0.1158,0.1796,0.2147,0.1414,4103057,100.0,05/10/2026 12:52:25
79839,False,0.1513,0.1733,0.1985,0.2272,0.257,0.1995,0.1005,0.132,0.1989,0.2645,0.3017,0.2291,4103354,100.0,05/10/2026 12:52:27
79855,False,0.1321,0.1515,0.1748,0.2014,0.235,0.1803,0.3036,0.3312,0.3865,0.4448,0.481,0.4396,4103453,100.0,05/10/2026 12:52:25
79871,False,0.1524,0.1702,0.1966,0.2241,0.2565,0.1897,0.1642,0.1914,0.2394,0.2857,0.3143,0.2643,4127858,100.0,05/10/2026 12:52:26
79898,False,0.1503,0.1713,0.1978,0.2271,0.2552,0.1998,0.2166,0.2465,0.2982,0.3479,0.3753,0.328,4128559,100.0,05/10/2026 12:52:28
79910,False,0.1184,0.1366,0.1588,0.1827,0.2115,0.1576,0.2344,0.2677,0.3259,0.3824,0.4118,0.3585,4120358,100.0,05/10/2026 12:52:27
79936,False,0.1372,0.1567,0.181,0.2088,0.2381,0.1796,0.4115,0.4373,0.4804,0.5253,0.5471,0.5186,4127957,100.0,05/10/2026 12:52:26
79952,False,0.1511,0.1725,0.1984,0.2294,0.2578,0.19,0.0054,0.0206,0.0698,0.1223,0.155,0.0875,4117255,100.0,05/10/2026 12:52:28
79979,False,0.1417,0.1602,0.1846,0.2117,0.2394,0.1871,0.192,0.2225,0.2835,0.3417,0.3733,0.3193,4112751,100.0,05/10/2026 12:52:28
79995,False,0.1612,0.1844,0.211,0.241,0.2782,0.2133,0.1859,0.2176,0.2702,0.324,0.3534,0.2974,4125357,100.0,05/10/2026 12:52:28
84514,False,0.2016,0.2289,0.2596,0.2951,0.3341,0.2527,0.0012,0.0058,0.0319,0.077,0.1033,0.0142,4104451,100.0,05/10/2026 12:52:26
84530,False,0.1503,0.173,0.1981,0.2289,0.2587,0.1978,0.0015,0.0062,0.0355,0.0879,0.116,0.0091,4127965,100.0,05/10/2026 12:52:28
84557,False,0.1887,0.2113,0.2398,0.2723,0.3099,0.236,0.0021,0.0089,0.0478,0.1127,0.1569,0.0548,4100459,100.0,05/10/2026 12:52:26
84573,False,0.2084,0.2324,0.2641,0.3003,0.3364,0.2579,0.0025,0.0117,0.0545,0.1138,0.1445,0.0425,4107751,100.0,05/10/2026 12:52:27
84590,False,0.1714,0.198,0.2266,0.2594,0.2932,0.2228,0.0358,0.0745,0.1446,0.2196,0.2529,0.1746,4113759,100.0,05/10/2026 12:52:26
84611,False,0.1858,0.2117,0.2421,0.2726,0.3099,0.2501,0.0828,0.1184,0.1932,0.2707,0.3168,0.2453,4126256,100.0,05/10/2026 12:52:28
84638,False,0.1386,0.1575,0.1833,0.2078,0.2402,0.1823,0.2807,0.3111,0.3663,0.4176,0.445,0.4,4112959,100.0,05/10/2026 12:52:28
84654,False,0.1492,0.1719,0.1982,0.2263,0.2573,0.205,0.2747,0.3029,0.3563,0.4131,0.4435,0.3981,4107256,100.0,05/10/2026 12:52:27
84670,False,0.1497,0.1729,0.1976,0.2264,0.2571,0.1956,0.3663,0.3896,0.4306,0.4737,0.4979,0.4726,4124053,100.0,05/10/2026 12:52:28
84697,False,0.1299,0.1482,0.1708,0.1966,0.2231,0.1674,0.318,0.3473,0.3961,0.4475,0.4727,0.4374,4116059,100.0,05/10/2026 12:52:26
84719,False,0.1623,0.1832,0.2119,0.2409,0.2764,0.2108,0.0021,0.0084,0.0412,0.099,0.1345,0.0358,4125456,100.0,05/10/2026 12:52:26
58009,False,0.1824,0.203,0.2326,0.2647,0.2988,0.2252,0.0126,0.0358,0.0866,0.142,0.1734,0.1121,3304151,100.0,05/10/2026 12:52:18
58017,False,0.1894,0.2147,0.2456,0.2788,0.314,0.2472,0.2131,0.2386,0.288,0.3371,0.3648,0.3269,3300100,100.0,05/10/2026 12:52:18
58025,False,0.1342,0.1531,0.177,0.2024,0.2336,0.1799,0.0035,0.0144,0.066,0.1313,0.1657,0.0909,3304128,100.0,05/10/2026 12:52:17
58033,False,0.1937,0.2164,0.2471,0.28,0.3153,0.2432,0.2711,0.2988,0.3462,0.3955,0.4181,0.3898,3300209,100.0,05/10/2026 12:52:20
58041,False,0.1831,0.2083,0.2386,0.2708,0.3064,0.244,0.1182,0.1433,0.1917,0.2414,0.2704,0.2237,3300456,100.0,05/10/2026 12:52:18
58050,False,0.1964,0.2234,0.2526,0.2879,0.3214,0.2543,0.0021,0.0073,0.0394,0.0908,0.1276,0.055,3300308,100.0,05/10/2026 12:52:19
58068,False,0.1712,0.1948,0.2219,0.2532,0.2865,0.2189,0.201,0.2324,0.2868,0.3385,0.3646,0.3236,3301157,100.0,05/10/2026 12:52:16
58076,False,0.1723,0.1938,0.2218,0.252,0.2922,0.229,0.0139,0.0424,0.1028,0.1674,0.2042,0.1362,3300407,100.0,05/10/2026 12:52:18
58084,False,0.1601,0.179,0.2064,0.2367,0.2701,0.2106,0.2133,0.2435,0.2974,0.3527,0.3788,0.3349,3306156,100.0,05/10/2026 12:52:17
58092,False,0.1636,0.1884,0.2148,0.2455,0.2823,0.2286,0.0975,0.1321,0.197,0.2599,0.2931,0.2368,3300506,100.0,05/10/2026 12:52:16
58106,False,0.1843,0.2097,0.241,0.2736,0.3143,0.232,0.1427,0.1717,0.2257,0.2786,0.3095,0.2613,3301850,100.0,05/10/2026 12:52:19
58114,False,0.1753,0.2,0.2283,0.2601,0.2935,0.2217,0.0832,0.1153,0.1645,0.2199,0.2508,0.1963,3300605,100.0,05/10/2026 12:52:19
58122,False,0.1309,0.1491,0.173,0.1968,0.2325,0.1813,0.0693,0.1008,0.1617,0.2191,0.2509,0.1977,3304144,100.0,05/10/2026 12:52:18
58130,False,0.2004,0.227,0.2582,0.2924,0.3316,0.2516,0.2372,0.2607,0.3093,0.3599,0.3855,0.3513,3300704,100.0,05/10/2026 12:52:18
58149,False,0.1808,0.2054,0.2357,0.2678,0.3008,0.2333,0.0513,0.0812,0.1347,0.1855,0.2102,0.1625,3302270,100.0,05/10/2026 12:52:18
58157,False,0.1822,0.2054,0.2354,0.2681,0.3017,0.2341,0.1605,0.1871,0.2367,0.286,0.3143,0.2713,3300803,100.0,05/10/2026 12:52:18
58165,False,0.1252,0.143,0.1653,0.1918,0.2226,0.1625,0.013,0.0384,0.1107,0.1817,0.2205,0.096,3300951,100.0,05/10/2026 12:52:18
58173,False,0.1641,0.1843,0.2111,0.2395,0.2771,0.2058,0.0037,0.0158,0.0597,0.1045,0.1305,0.0744,3300902,100.0,05/10/2026 12:52:18
58181,False,0.1415,0.1604,0.1847,0.2123,0.2417,0.1967,0.1941,0.2218,0.2712,0.3203,0.3453,0.3003,3300159,100.0,05/10/2026 12:52:17
58190,False,0.1857,0.2088,0.2394,0.2727,0.3113,0.2311,0.1491,0.1779,0.2359,0.291,0.324,0.2768,3301009,100.0,05/10/2026 12:52:18
58203,False,0.1911,0.214,0.2437,0.2754,0.3129,0.2459,0.1844,0.2115,0.2675,0.3215,0.357,0.3107,3304524,100.0,05/10/2026 12:52:18
58211,False,0.1607,0.1832,0.21,0.2408,0.2717,0.2079,0.0262,0.0557,0.1185,0.1767,0.2106,0.1461,3301108,100.0,05/10/2026 12:52:17
58220,False,0.1646,0.1882,0.2157,0.2457,0.2789,0.2127,0.1186,0.1504,0.2197,0.288,0.3232,0.2621,3300225,100.0,05/10/2026 12:52:18
58238,False,0.1422,0.16,0.184,0.2109,0.241,0.1868,0.0022,0.0089,0.0393,0.0985,0.1292,0.0528,3301207,100.0,05/10/2026 12:52:18
58246,False,0.179,0.2009,0.2291,0.2621,0.3029,0.23,0.0018,0.0075,0.0424,0.1005,0.133,0.0108,3303955,100.0,05/10/2026 12:52:18
58254,False,0.1927,0.2179,0.2474,0.2813,0.3173,0.245,0.2889,0.3118,0.358,0.4008,0.4261,0.3977,3301306,100.0,05/10/2026 12:52:18
58262,False,0.1609,0.1801,0.2059,0.2355,0.2686,0.2046,0.2659,0.2967,0.346,0.3991,0.4244,0.3923,3301876,100.0,05/10/2026 12:52:16
58270,False,0.1553,0.1757,0.2018,0.2323,0.2667,0.2044,0.0014,0.0064,0.0354,0.0871,0.1155,0.0045,3301405,100.0,05/10/2026 12:52:20
58289,False,0.2297,0.256,0.2894,0.327,0.3649,0.2765,0.3112,0.3295,0.3707,0.4086,0.4347,0.4048,3304755,100.0,05/10/2026 12:52:18
58297,False,0.136,0.1537,0.179,0.2046,0.2345,0.1748,0.0243,0.058,0.1205,0.1827,0.2146,0.1523,3301504,100.0,05/10/2026 12:52:16
58300,False,0.1578,0.1787,0.206,0.2358,0.2647,0.1988,0.12,0.1448,0.1947,0.2443,0.2734,0.2224,3300936,100.0,05/10/2026 12:52:15
58319,False,0.1661,0.1868,0.2148,0.2443,0.2834,0.2165,0.003,0.0122,0.0634,0.1374,0.1753,0.0935,3301603,100.0,05/10/2026 12:52:15
58327,False,0.1467,0.1648,0.1894,0.2177,0.248,0.1856,0.1057,0.1386,0.1969,0.2593,0.2889,0.2342,3304110,100.0,05/10/2026 12:52:17
58335,False,0.1463,0.165,0.19,0.217,0.2469,0.1929,0.0815,0.1126,0.1652,0.219,0.2546,0.1993,3301702,100.0,05/10/2026 12:52:18
58343,False,0.1682,0.1898,0.2167,0.2498,0.2818,0.2176,0.2226,0.2487,0.2984,0.3484,0.3752,0.3256,3305133,100.0,05/10/2026 12:52:20
58351,False,0.1439,0.1654,0.1906,0.2177,0.2496,0.1848,0.0052,0.0207,0.0734,0.1421,0.1716,0.1042,3301801,100.0,05/10/2026 12:52:17
58360,False,0.1659,0.1888,0.2176,0.2479,0.2842,0.2123,0.0948,0.1247,0.1773,0.2318,0.2603,0.209,3305752,100.0,05/10/2026 12:52:19
58378,False,0.1912,0.2131,0.2436,0.2758,0.3158,0.242,0.0652,0.094,0.1484,0.2043,0.2328,0.1821,3301900,100.0,05/10/2026 12:52:17
58386,False,0.1329,0.1544,0.1781,0.2043,0.2357,0.1615,0.003,0.0122,0.0587,0.1181,0.1525,0.0811,3302452,100.0,05/10/2026 12:52:17
58394,False,0.1815,0.205,0.2347,0.267,0.3027,0.231,0.1562,0.1922,0.2463,0.3039,0.3405,0.2906,3302007,100.0,05/10/2026 12:52:15
58408,False,0.1907,0.2119,0.2442,0.2767,0.315,0.238,0.2395,0.2642,0.3141,0.364,0.3937,0.3554,3300233,100.0,05/10/2026 12:52:17
58416,False,0.1485,0.1701,0.196,0.2252,0.2583,0.1961,0.2771,0.3027,0.3492,0.3974,0.4219,0.3871,3302106,100.0,05/10/2026 12:52:17
58424,False,0.1802,0.2043,0.2349,0.264,0.3016,0.2372,0.1399,0.168,0.2207,0.273,0.3024,0.2555,3305554,100.0,05/10/2026 12:52:18
58432,False,0.1986,0.2209,0.2517,0.2868,0.322,0.2512,0.252,0.2763,0.3198,0.3652,0.3901,0.3572,3302205,100.0,05/10/2026 12:52:16
58440,False,0.1786,0.2036,0.2326,0.2655,0.2997,0.2341,0.0841,0.1166,0.1817,0.2469,0.2793,0.2227,3302254,100.0,05/10/2026 12:52:19
58459,False,0.1477,0.1675,0.193,0.2202,0.254,0.2086,0.0388,0.0757,0.1356,0.1929,0.2225,0.1253,3302304,100.0,05/10/2026 12:52:16
58467,False,0.1836,0.2061,0.2368,0.2687,0.3076,0.2355,0.1268,0.1545,0.2047,0.2572,0.2893,0.2392,3302858,100.0,05/10/2026 12:52:19
58475,False,0.1884,0.2106,0.24,0.2732,0.309,0.2399,0.0123,0.0378,0.0944,0.1572,0.1855,0.1264,3302403,100.0,05/10/2026 12:52:20
58491,False,0.1605,0.1821,0.2092,0.2399,0.2739,0.2093,0.125,0.1542,0.2092,0.2605,0.2892,0.2452,3302502,100.0,05/10/2026 12:52:19
58513,False,0.2252,0.2537,0.2865,0.3225,0.3609,0.2845,0.2131,0.2356,0.2812,0.3277,0.3547,0.316,3302601,100.0,05/10/2026 12:52:16
58530,False,0.1796,0.2014,0.232,0.2644,0.2989,0.2368,0.0026,0.0096,0.0468,0.0999,0.1334,0.0714,3302700,100.0,05/10/2026 12:52:20
58556,False,0.1657,0.1869,0.2151,0.2453,0.2781,0.216,0.002,0.0074,0.0396,0.0971,0.1256,0.0536,3302809,100.0,05/10/2026 12:52:18
58572,False,0.1883,0.2133,0.2421,0.2767,0.3129,0.2394,0.0953,0.1303,0.1875,0.2444,0.2755,0.2227,3302908,100.0,05/10/2026 12:52:17
58599,False,0.1526,0.1736,0.1995,0.2291,0.2683,0.2,0.0027,0.0102,0.0491,0.1048,0.1308,0.0346,3303005,100.0,05/10/2026 12:52:16
58610,False,0.1849,0.211,0.24,0.2728,0.3111,0.2357,0.0028,0.0122,0.0661,0.1326,0.167,0.0931,3303104,100.0,05/10/2026 12:52:16
58637,False,0.1844,0.2062,0.2363,0.2702,0.3086,0.2337,0.0982,0.1266,0.1754,0.2292,0.2585,0.2101,3303203,100.0,05/10/2026 12:52:17
58653,False,0.1569,0.1757,0.2023,0.2306,0.2596,0.2101,0.0044,0.0176,0.0692,0.1337,0.1668,0.0504,3303302,100.0,05/10/2026 12:52:19
58670,False,0.1812,0.2015,0.2317,0.2628,0.3009,0.2425,0.0796,0.1167,0.1884,0.2569,0.2933,0.2335,3303401,100.0,05/10/2026 12:52:17
58696,False,0.1836,0.2081,0.2372,0.2687,0.3141,0.2396,0.1565,0.186,0.2375,0.2905,0.3214,0.2767,3303500,100.0,05/10/2026 12:52:20
58718,False,0.178,0.2018,0.2308,0.262,0.2996,0.2295,0.0431,0.0726,0.1319,0.1918,0.2249,0.1625,3303609,100.0,05/10/2026 12:52:17
58734,False,0.1821,0.208,0.2379,0.2708,0.3047,0.2372,0.0191,0.0492,0.1117,0.1806,0.2179,0.1461,3303708,100.0,05/10/2026 12:52:16
58750,False,0.1967,0.2237,0.2542,0.2892,0.3273,0.2555,0.1806,0.2047,0.2554,0.3081,0.3353,0.2927,3303807,100.0,05/10/2026 12:52:20
58777,False,0.1974,0.2218,0.2548,0.2884,0.326,0.2581,0.0755,0.1129,0.1928,0.2752,0.3191,0.2492,3303906,100.0,05/10/2026 12:52:19
58793,False,0.1886,0.2165,0.2467,0.2782,0.3172,0.2416,0.0019,0.0092,0.0485,0.1069,0.141,0.071,3304003,100.0,05/10/2026 12:52:19
58815,False,0.1779,0.2018,0.2309,0.2613,0.2976,0.2366,0.0024,0.0094,0.0499,0.1036,0.1327,0.0275,3304102,100.0,05/10/2026 12:52:17
58831,False,0.1858,0.2101,0.2391,0.2731,0.3093,0.2451,0.1577,0.1925,0.2624,0.3279,0.367,0.3146,3304201,100.0,05/10/2026 12:52:19
58858,False,0.1666,0.1875,0.215,0.2454,0.2825,0.2141,0.2051,0.234,0.2879,0.3415,0.3713,0.3312,3304300,100.0,05/10/2026 12:52:18
58874,False,0.1499,0.1696,0.1951,0.2229,0.2575,0.1986,0.0016,0.0061,0.0341,0.0849,0.1164,0.0148,3304409,100.0,05/10/2026 12:52:18
58890,False,0.1711,0.1916,0.2192,0.2522,0.2842,0.2228,0.1258,0.1581,0.212,0.264,0.292,0.2086,3304508,100.0,05/10/2026 12:52:16
58912,False,0.1796,0.203,0.2328,0.2658,0.3025,0.2232,0.0021,0.0095,0.0502,0.1137,0.151,0.0702,3304607,100.0,05/10/2026 12:52:19
58939,False,0.1911,0.217,0.248,0.2816,0.3186,0.2508,0.1687,0.197,0.2471,0.2949,0.3199,0.279,3304706,100.0,05/10/2026 12:52:16
58955,False,0.1724,0.1974,0.228,0.2601,0.2932,0.2298,0.2242,0.244,0.2911,0.3377,0.363,0.3268,3304805,100.0,05/10/2026 12:52:17
58971,False,0.1923,0.2161,0.2463,0.279,0.3165,0.2506,0.0146,0.042,0.0994,0.1576,0.1881,0.1289,3304904,100.0,05/10/2026 12:52:19
58998,False,0.1718,0.1927,0.222,0.2533,0.2879,0.2041,0.1607,0.1928,0.2543,0.3181,0.3518,0.2999,3305000,100.0,05/10/2026 12:52:19
59013,False,0.1521,0.1732,0.1979,0.2258,0.2579,0.1999,0.1008,0.1249,0.1782,0.2315,0.2604,0.2116,3305109,100.0,05/10/2026 12:52:18
59030,False,0.1843,0.209,0.2394,0.2721,0.3055,0.2343,0.3344,0.3606,0.4068,0.4532,0.4786,0.453,3305208,100.0,05/10/2026 12:52:19
59056,False,0.1958,0.2247,0.2556,0.2892,0.3241,0.2422,0.0876,0.1166,0.1722,0.2285,0.2591,0.1965,3305307,100.0,05/10/2026 12:52:17
59072,False,0.1685,0.189,0.2172,0.2476,0.279,0.2183,0.0955,0.1234,0.1773,0.2285,0.256,0.2051,3305406,100.0,05/10/2026 12:52:20
59099,False,0.1833,0.2075,0.2369,0.2693,0.3072,0.2333,0.2629,0.2849,0.3325,0.3767,0.4016,0.3706,3305505,100.0,05/10/2026 12:52:20
59110,False,0.1725,0.1947,0.224,0.2537,0.2936,0.216,0.2199,0.243,0.2963,0.3483,0.3753,0.3349,3305604,100.0,05/10/2026 12:52:19
59137,False,0.1224,0.1385,0.1611,0.1859,0.2111,0.1791,0.2608,0.2867,0.3379,0.3859,0.4139,0.3754,3305703,100.0,05/10/2026 12:52:17
59153,False,0.1819,0.2032,0.233,0.2639,0.2984,0.2431,0.2242,0.2556,0.3178,0.3792,0.4183,0.3732,3305802,100.0,05/10/2026 12:52:19
59170,False,0.1629,0.1871,0.2135,0.2457,0.2793,0.2086,0.0024,0.0088,0.0481,0.1054,0.135,0.0657,3305901,100.0,05/10/2026 12:52:18
59196,False,0.1772,0.2007,0.2293,0.2591,0.2941,0.2327,0.0019,0.0078,0.0366,0.0928,0.128,0.0092,3306008,100.0,05/10/2026 12:52:18
59218,False,0.2185,0.2433,0.2741,0.3095,0.349,0.2793,0.0285,0.0671,0.1292,0.1894,0.2193,0.1161,3306107,100.0,05/10/2026 12:52:18
59234,False,0.1724,0.1964,0.2242,0.2552,0.2879,0.2216,0.0033,0.0129,0.0606,0.1237,0.1606,0.0879,3306206,100.0,05/10/2026 12:52:18
59250,False,0.1805,0.2048,0.235,0.2667,0.2996,0.2387,0.0026,0.0117,0.0591,0.1229,0.158,0.0869,3306305,100.0,05/10/2026 12:52:18
59277,False,0.1965,0.2207,0.252,0.2853,0.3217,0.2394,0.1753,0.2032,0.2568,0.3133,0.3432,0.2969,3300258,100.0,05/10/2026 12:52:16
59293,False,0.1777,0.2017,0.2307,0.2619,0.3019,0.2281,0.3059,0.3316,0.3786,0.4231,0.4451,0.4146,3302056,100.0,05/10/2026 12:52:16
59315,False,0.1818,0.2029,0.2324,0.2639,0.3004,0.232,0.2187,0.2413,0.2947,0.347,0.3766,0.3362,3303856,100.0,05/10/2026 12:52:17
59331,False,0.1591,0.1782,0.2052,0.2356,0.2702,0.2153,0.4529,0.4817,0.5338,0.5841,0.615,0.5987,3305158,100.0,05/10/2026 12:52:19
60011,False,0.2049,0.2305,0.2629,0.2983,0.3331,0.2784,0.0016,0.0071,0.036,0.0887,0.1217,0.0433,3304557,100.0,05/10/2026 12:52:18
16004,False,0.1464,0.1665,0.1922,0.2214,0.2513,0.1955,0.302,0.3336,0.3889,0.4379,0.4631,0.3936,2414159,100.0,05/10/2026 12:52:19
16012,False,0.151,0.1698,0.1964,0.2251,0.2589,0.2163,0.1867,0.2158,0.2723,0.3261,0.3497,0.2716,2400109,100.0,05/10/2026 12:52:21
16020,False,0.1267,0.1422,0.1649,0.1898,0.2169,0.1546,0.1401,0.1703,0.2232,0.2764,0.3036,0.2198,2413359,100.0,05/10/2026 12:52:18
16039,False,0.1543,0.1784,0.2039,0.232,0.267,0.2084,0.3713,0.3941,0.4341,0.4713,0.4906,0.441,2400208,100.0,05/10/2026 12:52:21
16047,False,0.2132,0.2383,0.2709,0.3062,0.3491,0.2275,0.1759,0.2088,0.2682,0.3234,0.3528,0.2661,2401859,100.0,05/10/2026 12:52:19
16055,False,0.1942,0.2187,0.2499,0.2831,0.3188,0.2176,0.3258,0.353,0.3957,0.4379,0.4584,0.4012,2400307,100.0,05/10/2026 12:52:19
16063,False,0.1428,0.1616,0.1861,0.2135,0.244,0.1881,0.1957,0.2228,0.2727,0.32,0.3462,0.273,2412559,100.0,05/10/2026 12:52:21
16071,False,0.1205,0.1372,0.1588,0.1831,0.2099,0.1758,0.5417,0.5709,0.6242,0.6704,0.691,0.6418,2400406,100.0,05/10/2026 12:52:17
16080,False,0.159,0.1799,0.2065,0.2367,0.2692,0.1988,0.317,0.3413,0.387,0.4291,0.4503,0.3901,2404853,100.0,05/10/2026 12:52:20
16098,False,0.1669,0.1886,0.2177,0.2478,0.2855,0.2194,0.5639,0.5806,0.609,0.6366,0.65,0.6199,2400505,100.0,05/10/2026 12:52:21
16101,False,0.1854,0.2094,0.2393,0.2714,0.3083,0.2446,0.4684,0.4947,0.5429,0.5861,0.6117,0.5534,2401651,100.0,05/10/2026 12:52:20
16110,False,0.1639,0.1884,0.216,0.2473,0.2826,0.1772,0.5552,0.5759,0.6133,0.6459,0.662,0.6236,2400604,100.0,05/10/2026 12:52:20
16128,False,0.1422,0.1632,0.1877,0.2147,0.248,0.1663,0.2354,0.2672,0.3262,0.3784,0.4067,0.3253,2414456,100.0,05/10/2026 12:52:21
16136,False,0.1643,0.1867,0.2155,0.2458,0.2794,0.2266,0.5074,0.5295,0.5676,0.6047,0.627,0.5841,2400703,100.0,05/10/2026 12:52:21
16144,False,0.1624,0.1831,0.21,0.2412,0.2757,0.1785,0.2504,0.2783,0.3376,0.3888,0.4186,0.3386,2403756,100.0,05/10/2026 12:52:18
16152,False,0.1535,0.1747,0.1999,0.2287,0.2632,0.197,0.2935,0.3191,0.3639,0.4048,0.4272,0.3669,2400802,100.0,05/10/2026 12:52:21
16160,False,0.1533,0.1735,0.2007,0.2304,0.2614,0.2117,0.5438,0.5723,0.6161,0.6585,0.679,0.6322,2407252,100.0,05/10/2026 12:52:18
16179,False,0.1411,0.161,0.1861,0.2128,0.2427,0.1659,0.5913,0.6098,0.6435,0.6729,0.6881,0.6541,2400901,100.0,05/10/2026 12:52:20
16187,False,0.2049,0.2308,0.2622,0.2993,0.3346,0.255,0.5273,0.5553,0.6012,0.6412,0.662,0.6142,2414753,100.0,05/10/2026 12:52:20
16195,False,0.1075,0.1224,0.1424,0.1642,0.1885,0.1614,0.4072,0.4376,0.4831,0.5231,0.5456,0.4953,2401008,100.0,05/10/2026 12:52:18
16209,False,0.1143,0.1305,0.1515,0.1748,0.203,0.1672,0.5278,0.5526,0.5908,0.6291,0.648,0.6026,2413557,100.0,05/10/2026 12:52:18
16217,False,0.1678,0.1926,0.2209,0.253,0.287,0.2249,0.2365,0.2662,0.3156,0.3621,0.3864,0.3161,2401107,100.0,05/10/2026 12:52:19
16225,False,0.211,0.2386,0.2695,0.3053,0.3464,0.2631,0.1332,0.1602,0.2131,0.2654,0.293,0.2106,2411056,100.0,05/10/2026 12:52:20
16233,False,0.1466,0.1672,0.1926,0.2207,0.2544,0.2135,0.2442,0.2645,0.3062,0.3452,0.3696,0.3075,2401206,100.0,05/10/2026 12:52:19
16241,False,0.1546,0.1721,0.1984,0.227,0.261,0.2017,0.2237,0.2538,0.3088,0.36,0.3921,0.3113,2409332,100.0,05/10/2026 12:52:19
16250,False,0.1582,0.1776,0.2042,0.2322,0.2624,0.1989,0.313,0.3398,0.3852,0.4283,0.4504,0.3884,2401305,100.0,05/10/2026 12:52:19
16268,False,0.1623,0.1852,0.2132,0.2438,0.2821,0.1897,0.1012,0.1282,0.177,0.2197,0.2429,0.1712,2408953,100.0,05/10/2026 12:52:21
16276,False,0.1674,0.1899,0.2186,0.2495,0.2854,0.2227,0.1662,0.1911,0.2417,0.2918,0.3133,0.2392,2401404,100.0,05/10/2026 12:52:19
16284,False,0.171,0.1917,0.2215,0.2527,0.2872,0.2013,0.4759,0.5059,0.5527,0.596,0.618,0.5672,2410256,100.0,05/10/2026 12:52:20
16292,False,0.1671,0.1908,0.218,0.2484,0.2857,0.1894,0.1117,0.1397,0.1951,0.2524,0.278,0.1938,2401503,100.0,05/10/2026 12:52:19
16306,False,0.1536,0.1735,0.2013,0.2297,0.2625,0.1966,0.1777,0.2142,0.2729,0.3322,0.3604,0.2743,2406155,100.0,05/10/2026 12:52:19
16314,False,0.1455,0.1664,0.1912,0.2194,0.2523,0.1748,0.4325,0.4597,0.5055,0.5513,0.5707,0.5158,2401602,100.0,05/10/2026 12:52:20
16330,False,0.1416,0.1626,0.1873,0.2157,0.2513,0.1952,0.1982,0.2286,0.2762,0.3232,0.3463,0.2768,2401701,100.0,05/10/2026 12:52:18
16357,False,0.1599,0.1817,0.2085,0.2396,0.276,0.2325,0.2515,0.2753,0.3214,0.3652,0.3866,0.3242,2401800,100.0,05/10/2026 12:52:19
16373,False,0.172,0.1969,0.2246,0.2543,0.2912,0.1801,0.2709,0.3068,0.3633,0.4172,0.4457,0.3668,2401909,100.0,05/10/2026 12:52:21
16390,False,0.1248,0.1408,0.1626,0.1873,0.215,0.1747,0.1777,0.2063,0.2557,0.3006,0.3262,0.2532,2402006,100.0,05/10/2026 12:52:20
16411,False,0.1635,0.1846,0.211,0.2421,0.2731,0.2057,0.5302,0.5493,0.5796,0.6102,0.625,0.5895,2402105,100.0,05/10/2026 12:52:19
16438,False,0.1518,0.1721,0.1991,0.2271,0.2582,0.2109,0.3974,0.4162,0.4511,0.4836,0.5037,0.4582,2402204,100.0,05/10/2026 12:52:21
16454,False,0.1301,0.148,0.1723,0.1983,0.227,0.1848,0.4675,0.4898,0.5283,0.5612,0.5799,0.5405,2402303,100.0,05/10/2026 12:52:19
16470,False,0.1153,0.13,0.1507,0.1745,0.2019,0.1814,0.0045,0.0201,0.0936,0.177,0.2184,0.0722,2402402,100.0,05/10/2026 12:52:20
16497,False,0.1563,0.1762,0.2024,0.2322,0.2664,0.2016,0.414,0.4355,0.4807,0.5235,0.5456,0.4907,2402501,100.0,05/10/2026 12:52:19
16519,False,0.1452,0.1664,0.191,0.2192,0.2471,0.1974,0.3577,0.3791,0.4155,0.4498,0.4688,0.4222,2402600,100.0,05/10/2026 12:52:20
16535,False,0.1912,0.2137,0.2442,0.276,0.312,0.2475,0.4356,0.4565,0.5002,0.5397,0.5608,0.511,2402709,100.0,05/10/2026 12:52:20
16551,False,0.1598,0.1812,0.2081,0.2375,0.2744,0.1982,0.3535,0.3806,0.4322,0.4821,0.5062,0.4407,2402808,100.0,05/10/2026 12:52:18
16578,False,0.1467,0.1695,0.1951,0.2228,0.2547,0.2003,0.5306,0.5561,0.6043,0.6471,0.6685,0.6211,2402907,100.0,05/10/2026 12:52:18
16594,False,0.1359,0.1566,0.1805,0.2083,0.2413,0.197,0.3369,0.3674,0.414,0.4634,0.4861,0.4237,2403004,100.0,05/10/2026 12:52:18
16616,False,0.1514,0.1745,0.2002,0.2296,0.2593,0.214,0.1824,0.2086,0.2583,0.3024,0.329,0.2576,2403103,100.0,05/10/2026 12:52:21
16632,False,0.1351,0.1561,0.1792,0.2065,0.2367,0.1938,0.6057,0.6282,0.6648,0.7005,0.7164,0.6844,2403202,100.0,05/10/2026 12:52:19
16659,False,0.1404,0.1613,0.1855,0.213,0.2409,0.2037,0.54,0.5606,0.5999,0.6334,0.6494,0.6104,2403301,100.0,05/10/2026 12:52:20
16675,False,0.1405,0.1591,0.1843,0.2113,0.2416,0.1832,0.2925,0.3221,0.3812,0.4338,0.4585,0.3849,2403400,100.0,05/10/2026 12:52:20
16691,False,0.1534,0.1733,0.1984,0.2287,0.2636,0.2187,0.0703,0.0993,0.1497,0.1981,0.2246,0.1422,2403509,100.0,05/10/2026 12:52:18
16713,False,0.1393,0.1584,0.1835,0.2118,0.2422,0.1907,0.0117,0.0333,0.0832,0.1318,0.1577,0.0711,2403608,100.0,05/10/2026 12:52:21
16730,False,0.1079,0.1235,0.1434,0.1662,0.1939,0.1649,0.5399,0.5611,0.5968,0.6295,0.6457,0.6081,2403707,100.0,05/10/2026 12:52:21
16756,False,0.157,0.1788,0.2048,0.2351,0.2656,0.201,0.361,0.3893,0.4394,0.4849,0.5061,0.448,2403806,100.0,05/10/2026 12:52:18
16772,False,0.1088,0.1233,0.1441,0.1661,0.1937,0.165,0.4656,0.4974,0.5514,0.6057,0.6306,0.5661,2403905,100.0,05/10/2026 12:52:19
16799,False,0.2131,0.24,0.2726,0.3076,0.3479,0.2053,0.0018,0.0075,0.0403,0.0985,0.1325,0.0225,2404101,100.0,05/10/2026 12:52:19
16810,False,0.1402,0.1593,0.1825,0.2097,0.2407,0.1943,0.1749,0.1966,0.2353,0.2762,0.2974,0.2353,2404200,100.0,05/10/2026 12:52:18
16837,False,0.1411,0.1611,0.1844,0.2104,0.244,0.1905,0.4544,0.4775,0.5169,0.5517,0.5681,0.5272,2404309,100.0,05/10/2026 12:52:18
16853,False,0.1116,0.1257,0.1457,0.1692,0.1933,0.1559,0.2488,0.2776,0.3267,0.3733,0.3967,0.328,2404408,100.0,05/10/2026 12:52:21
16870,False,0.1922,0.2182,0.2486,0.2815,0.3205,0.2499,0.2777,0.3065,0.3555,0.4027,0.4288,0.3595,2404507,100.0,05/10/2026 12:52:20
16896,False,0.1254,0.1434,0.166,0.1906,0.2174,0.1706,0.2941,0.32,0.3673,0.41,0.4339,0.3708,2404606,100.0,05/10/2026 12:52:21
16918,False,0.1583,0.1795,0.2072,0.236,0.274,0.2131,0.466,0.4859,0.5184,0.5469,0.563,0.5274,2404705,100.0,05/10/2026 12:52:18
16934,False,0.1502,0.1692,0.1938,0.2232,0.2526,0.1783,0.3831,0.4162,0.4791,0.5383,0.5674,0.4863,2404804,100.0,05/10/2026 12:52:20
16950,False,0.1414,0.1614,0.185,0.2128,0.2445,0.1927,0.416,0.4412,0.4899,0.5344,0.5543,0.5003,2404903,100.0,05/10/2026 12:52:20
16977,False,0.1361,0.1536,0.1775,0.2048,0.2333,0.1882,0.3821,0.4075,0.4519,0.4964,0.5175,0.4591,2405009,100.0,05/10/2026 12:52:20
16993,False,0.1602,0.1804,0.2082,0.2367,0.2658,0.185,0.3049,0.3313,0.3782,0.4226,0.4459,0.3818,2405108,100.0,05/10/2026 12:52:18
17019,False,0.1488,0.1673,0.1933,0.2213,0.2536,0.1849,0.4866,0.5068,0.5468,0.5852,0.605,0.5545,2405207,100.0,05/10/2026 12:52:19
17035,False,0.1593,0.183,0.2123,0.2422,0.277,0.2047,0.1665,0.1984,0.2527,0.3024,0.3317,0.25,2405306,100.0,05/10/2026 12:52:20
17051,False,0.1444,0.1646,0.1891,0.2151,0.2489,0.1983,0.5427,0.564,0.599,0.6304,0.6468,0.6086,2405405,100.0,05/10/2026 12:52:20
17078,False,0.1457,0.1655,0.1906,0.2189,0.2525,0.162,0.4171,0.4485,0.5079,0.5627,0.5888,0.5212,2405504,100.0,05/10/2026 12:52:20
17094,False,0.1129,0.1291,0.1493,0.1718,0.1986,0.1579,0.5488,0.5681,0.6035,0.6349,0.6526,0.618,2405603,100.0,05/10/2026 12:52:21
17116,False,0.1196,0.1363,0.157,0.181,0.2078,0.1687,0.2255,0.257,0.3148,0.3696,0.3975,0.3169,2405702,100.0,05/10/2026 12:52:21
17132,False,0.1419,0.1612,0.186,0.2131,0.2449,0.1873,0.3474,0.3709,0.407,0.4436,0.464,0.414,2405801,100.0,05/10/2026 12:52:20
17159,False,0.2448,0.2734,0.3064,0.3441,0.3861,0.2482,0.455,0.4843,0.5374,0.5848,0.6057,0.5474,2405900,100.0,05/10/2026 12:52:20
17175,False,0.1472,0.1661,0.1912,0.2189,0.251,0.2073,0.6201,0.6388,0.6707,0.7009,0.7147,0.683,2406007,100.0,05/10/2026 12:52:18
17191,False,0.1443,0.1667,0.1907,0.2192,0.25,0.1786,0.3814,0.4027,0.4426,0.4785,0.498,0.4494,2406106,100.0,05/10/2026 12:52:20
17213,False,0.1413,0.159,0.1825,0.21,0.2413,0.1666,0.3246,0.3474,0.3997,0.4468,0.4722,0.4035,2407609,100.0,05/10/2026 12:52:18
17230,False,0.1549,0.1763,0.2027,0.2316,0.2635,0.2203,0.4398,0.4637,0.5024,0.5384,0.5554,0.5112,2406205,100.0,05/10/2026 12:52:19
17256,False,0.1333,0.1532,0.1772,0.2034,0.2341,0.1891,0.3625,0.3867,0.4369,0.4807,0.503,0.4461,2406304,100.0,05/10/2026 12:52:20
17272,False,0.1568,0.1792,0.2063,0.2351,0.2691,0.1862,0.2282,0.2655,0.3291,0.3928,0.4267,0.3325,2406403,100.0,05/10/2026 12:52:21
17299,False,0.1681,0.1892,0.2177,0.249,0.2864,0.2352,0.3495,0.3724,0.4128,0.4498,0.4704,0.4189,2406502,100.0,05/10/2026 12:52:18
17310,False,0.1521,0.1719,0.1976,0.2279,0.2575,0.2163,0.2793,0.3003,0.3449,0.3873,0.4073,0.3486,2406601,100.0,05/10/2026 12:52:18
17337,False,0.188,0.2128,0.243,0.2759,0.315,0.2201,0.364,0.3873,0.4354,0.4772,0.4993,0.4426,2406700,100.0,05/10/2026 12:52:20
17353,False,0.1485,0.1711,0.197,0.2258,0.2533,0.1833,0.2606,0.2855,0.3347,0.3835,0.4058,0.3388,2406809,100.0,05/10/2026 12:52:20
17370,False,0.1226,0.1391,0.1603,0.1857,0.2151,0.1483,0.5177,0.5426,0.5868,0.6273,0.6478,0.5977,2406908,100.0,05/10/2026 12:52:19
17396,False,0.1867,0.2112,0.2413,0.2741,0.3078,0.256,0.6433,0.6575,0.682,0.7058,0.7179,0.6916,2407005,100.0,05/10/2026 12:52:19
17418,False,0.1308,0.1488,0.1711,0.1973,0.2284,0.188,0.1971,0.2227,0.2685,0.3108,0.3324,0.2664,2407104,100.0,05/10/2026 12:52:21
17434,False,0.183,0.206,0.2341,0.2668,0.302,0.2362,0.4879,0.5079,0.5449,0.579,0.5969,0.5591,2407203,100.0,05/10/2026 12:52:21
17450,False,0.1266,0.1466,0.1697,0.1944,0.2246,0.1757,0.6048,0.6204,0.6489,0.6748,0.6886,0.6586,2407302,100.0,05/10/2026 12:52:19
17477,False,0.1389,0.1584,0.1829,0.2109,0.24,0.2045,0.4316,0.4513,0.4906,0.5303,0.5511,0.4993,2407401,100.0,05/10/2026 12:52:19
17493,False,0.1646,0.1899,0.2178,0.2485,0.2822,0.2045,0.2019,0.2293,0.2783,0.3207,0.3458,0.2765,2407500,100.0,05/10/2026 12:52:20
17515,False,0.1526,0.1728,0.1984,0.2263,0.2538,0.1748,0.5512,0.5731,0.6154,0.6538,0.6702,0.6298,2404002,100.0,05/10/2026 12:52:18
17531,False,0.1513,0.1719,0.1993,0.2271,0.2585,0.2192,0.4215,0.4416,0.4797,0.5149,0.5359,0.4875,2407708,100.0,05/10/2026 12:52:20
17558,False,0.1318,0.1504,0.1742,0.2003,0.2295,0.2011,0.1479,0.1733,0.2143,0.254,0.2763,0.213,2407807,100.0,05/10/2026 12:52:20
17574,False,0.1419,0.1616,0.1865,0.2118,0.243,0.1723,0.1584,0.1919,0.2577,0.324,0.356,0.2569,2407906,100.0,05/10/2026 12:52:21
17590,False,0.1132,0.1285,0.1494,0.1717,0.1955,0.1767,0.1419,0.1732,0.228,0.2787,0.3076,0.223,2408003,100.0,05/10/2026 12:52:20
17612,False,0.1489,0.1674,0.1934,0.2214,0.2532,0.2257,0.0046,0.0181,0.0672,0.1193,0.1466,0.0518,2408102,100.0,05/10/2026 12:52:21
17639,False,0.138,0.1557,0.1808,0.207,0.2362,0.1824,0.0859,0.1085,0.154,0.1952,0.2159,0.1472,2408201,100.0,05/10/2026 12:52:20
17655,False,0.1425,0.1608,0.1848,0.2119,0.2422,0.2161,0.2337,0.2554,0.2899,0.3254,0.3446,0.2906,2408300,100.0,05/10/2026 12:52:18
17671,False,0.1734,0.1944,0.2242,0.2544,0.2906,0.21,0.4221,0.4458,0.4968,0.5422,0.5641,0.5075,2408409,100.0,05/10/2026 12:52:20
17698,False,0.1509,0.1708,0.1962,0.2256,0.2584,0.1981,0.3274,0.3614,0.4148,0.4706,0.4957,0.4232,2408508,100.0,05/10/2026 12:52:20
17710,False,0.1817,0.203,0.2333,0.2649,0.3014,0.2276,0.6496,0.6658,0.6969,0.7265,0.7403,0.7083,2408607,100.0,05/10/2026 12:52:19
17736,False,0.1787,0.2043,0.233,0.2662,0.302,0.181,0.3225,0.3502,0.4052,0.4578,0.4872,0.4132,2408706,100.0,05/10/2026 12:52:20
17752,False,0.1624,0.1846,0.2114,0.2427,0.2759,0.1988,0.2889,0.3169,0.3636,0.4092,0.4294,0.3645,2408805,100.0,05/10/2026 12:52:21
17779,False,0.1274,0.1447,0.1684,0.1938,0.2209,0.1759,0.0684,0.1091,0.1786,0.2497,0.2867,0.1724,2408904,100.0,05/10/2026 12:52:20
17795,False,0.1355,0.1518,0.175,0.2017,0.2303,0.194,0.0047,0.0186,0.0697,0.1266,0.1554,0.0946,2403251,100.0,05/10/2026 12:52:18
17817,False,0.133,0.1513,0.1748,0.2003,0.2282,0.1993,0.1305,0.1589,0.2134,0.2619,0.2866,0.2083,2409100,100.0,05/10/2026 12:52:17
17833,False,0.1422,0.1601,0.1846,0.2124,0.2423,0.1762,0.1192,0.1491,0.2074,0.2677,0.2974,0.2057,2409209,100.0,05/10/2026 12:52:18
17850,False,0.1362,0.1539,0.178,0.2038,0.2337,0.1819,0.3719,0.395,0.4368,0.4765,0.4963,0.444,2409308,100.0,05/10/2026 12:52:20
17876,False,0.1266,0.1459,0.1675,0.192,0.2182,0.1875,0.3857,0.4044,0.4398,0.4726,0.4904,0.4466,2409407,100.0,05/10/2026 12:52:21
17892,False,0.2241,0.2535,0.2881,0.3243,0.3633,0.241,0.3737,0.406,0.4572,0.5088,0.5319,0.4673,2409506,100.0,05/10/2026 12:52:20
17914,False,0.2156,0.2428,0.2754,0.3114,0.3527,0.1911,0.2464,0.2771,0.3362,0.3951,0.4266,0.3402,2409605,100.0,05/10/2026 12:52:20
17930,False,0.2514,0.2822,0.3177,0.3552,0.395,0.2657,0.3349,0.3644,0.4154,0.4593,0.4818,0.4202,2409704,100.0,05/10/2026 12:52:18
17957,False,0.1463,0.1649,0.1906,0.2184,0.2498,0.2027,0.3672,0.3847,0.4212,0.4559,0.4745,0.4265,2409803,100.0,05/10/2026 12:52:20
17973,False,0.1779,0.1993,0.2288,0.2616,0.2947,0.2366,0.4863,0.5085,0.5445,0.5786,0.5974,0.5567,2409902,100.0,05/10/2026 12:52:19
17990,False,0.1706,0.1952,0.2243,0.2544,0.2877,0.212,0.6358,0.6568,0.6916,0.7231,0.7396,0.7032,2410009,100.0,05/10/2026 12:52:20
18015,False,0.1563,0.1774,0.2029,0.2326,0.262,0.1977,0.5344,0.553,0.5857,0.6178,0.633,0.5995,2410108,100.0,05/10/2026 12:52:19
18031,False,0.1641,0.1874,0.2134,0.2446,0.275,0.2102,0.2207,0.2469,0.2993,0.3452,0.3718,0.301,2410207,100.0,05/10/2026 12:52:20
18058,False,0.1544,0.1731,0.2,0.2296,0.2589,0.2113,0.3199,0.3416,0.3806,0.4192,0.4379,0.3847,2410306,100.0,05/10/2026 12:52:18
18074,False,0.1505,0.1722,0.1993,0.2258,0.2579,0.1893,0.4099,0.4304,0.4693,0.5054,0.5222,0.4755,2410405,100.0,05/10/2026 12:52:18
18090,False,0.1182,0.1342,0.1566,0.1794,0.2075,0.1871,0.5317,0.5552,0.5948,0.6302,0.6471,0.6059,2410504,100.0,05/10/2026 12:52:20
18112,False,0.1345,0.154,0.1769,0.2028,0.235,0.1588,0.4587,0.4896,0.5416,0.5906,0.6147,0.5486,2410702,100.0,05/10/2026 12:52:19
18139,False,0.1349,0.153,0.1783,0.2038,0.2338,0.1949,0.5982,0.6216,0.6634,0.698,0.7171,0.6765,2410801,100.0,05/10/2026 12:52:20
18155,False,0.135,0.1546,0.1784,0.2047,0.2373,0.1831,0.2737,0.2958,0.3382,0.3778,0.3983,0.3391,2410900,100.0,05/10/2026 12:52:20
18171,False,0.1512,0.1704,0.1962,0.2257,0.2584,0.1842,0.305,0.3306,0.3846,0.433,0.4592,0.3888,2411007,100.0,05/10/2026 12:52:19
18198,False,0.216,0.243,0.277,0.312,0.355,0.2147,0.0026,0.0099,0.053,0.1087,0.1382,0.0427,2411106,100.0,05/10/2026 12:52:19
18210,False,0.1267,0.1446,0.1681,0.1945,0.2223,0.2177,0.4348,0.4622,0.5148,0.5622,0.5879,0.5256,2411908,100.0,05/10/2026 12:52:20
18236,False,0.1442,0.1628,0.1879,0.215,0.245,0.1955,0.2749,0.2979,0.3386,0.3735,0.395,0.3413,2411205,100.0,05/10/2026 12:52:21
18252,False,0.1123,0.128,0.148,0.1714,0.1991,0.1562,0.1733,0.2248,0.3184,0.4069,0.4502,0.3243,2411429,100.0,05/10/2026 12:52:18
18279,False,0.1694,0.1915,0.2199,0.2512,0.2828,0.2123,0.4876,0.5063,0.5407,0.5724,0.589,0.5513,2411403,100.0,05/10/2026 12:52:21
18295,False,0.1492,0.1687,0.1951,0.2228,0.2561,0.2155,0.3627,0.3824,0.416,0.449,0.4653,0.4219,2411502,100.0,05/10/2026 12:52:18
18317,False,0.214,0.244,0.2761,0.3122,0.3529,0.2364,0.3091,0.344,0.4092,0.4647,0.4931,0.4153,2411601,100.0,05/10/2026 12:52:19
18333,False,0.1668,0.1904,0.2181,0.2473,0.2861,0.2295,0.3643,0.3917,0.4416,0.4905,0.5185,0.4491,2411700,100.0,05/10/2026 12:52:20
18350,False,0.117,0.1336,0.1549,0.1789,0.2067,0.1542,0.299,0.3297,0.3903,0.4458,0.4749,0.3962,2411809,100.0,05/10/2026 12:52:19
18376,False,0.1302,0.1481,0.1711,0.1962,0.2288,0.1791,0.0818,0.1072,0.1585,0.2058,0.2288,0.1504,2412005,100.0,05/10/2026 12:52:18
18392,False,0.121,0.1384,0.1604,0.1846,0.2155,0.1743,0.3602,0.3897,0.4419,0.4895,0.5137,0.45,2412104,100.0,05/10/2026 12:52:18
18414,False,0.1522,0.1729,0.1996,0.2285,0.2618,0.2123,0.1453,0.1686,0.2111,0.2537,0.2802,0.2068,2412203,100.0,05/10/2026 12:52:21
18430,False,0.1515,0.1729,0.198,0.2271,0.2585,0.2048,0.3061,0.3291,0.3685,0.4029,0.4208,0.3706,2412302,100.0,05/10/2026 12:52:19
18457,False,0.1132,0.1305,0.1515,0.1738,0.2012,0.156,0.333,0.3728,0.4372,0.4955,0.5247,0.4466,2412401,100.0,05/10/2026 12:52:21
18473,False,0.1716,0.1958,0.2244,0.256,0.2907,0.2386,0.463,0.4814,0.5191,0.5504,0.5683,0.5299,2412500,100.0,05/10/2026 12:52:19
18490,False,0.1396,0.1587,0.1833,0.2101,0.2431,0.2037,0.0154,0.0381,0.0852,0.1316,0.1518,0.0773,2412609,100.0,05/10/2026 12:52:20
18511,False,0.1684,0.1903,0.2181,0.2491,0.2821,0.1931,0.3023,0.3312,0.3789,0.4237,0.4465,0.3818,2412708,100.0,05/10/2026 12:52:19
18538,False,0.181,0.206,0.2362,0.2689,0.3088,0.2016,0.3306,0.3562,0.4076,0.452,0.4754,0.4141,2412807,100.0,05/10/2026 12:52:20
18554,False,0.1908,0.2178,0.2484,0.2822,0.3215,0.245,0.0421,0.0629,0.105,0.146,0.1687,0.0994,2412906,100.0,05/10/2026 12:52:21
18570,False,0.1323,0.1494,0.1715,0.1978,0.2269,0.1808,0.3279,0.3551,0.4088,0.4563,0.4806,0.4155,2413003,100.0,05/10/2026 12:52:21
18597,False,0.143,0.164,0.1874,0.2166,0.2475,0.1918,0.3537,0.3763,0.4217,0.4629,0.4852,0.4277,2413102,100.0,05/10/2026 12:52:21
18619,False,0.16,0.181,0.2093,0.238,0.2713,0.209,0.1561,0.1907,0.2545,0.3164,0.3459,0.2556,2413201,100.0,05/10/2026 12:52:21
18635,False,0.1616,0.1837,0.2097,0.239,0.2728,0.2032,0.2553,0.2839,0.3299,0.3739,0.3977,0.3319,2413300,100.0,05/10/2026 12:52:19
18651,False,0.147,0.1661,0.1918,0.2201,0.2494,0.1982,0.0724,0.1044,0.1548,0.2064,0.2333,0.1502,2413409,100.0,05/10/2026 12:52:19
18678,False,0.1577,0.1792,0.2063,0.2354,0.2651,0.2005,0.2941,0.32,0.3693,0.4166,0.4395,0.3736,2413508,100.0,05/10/2026 12:52:19
18694,False,0.1383,0.1592,0.1839,0.212,0.2429,0.1858,0.4715,0.4968,0.5356,0.5751,0.5931,0.5467,2413607,100.0,05/10/2026 12:52:21
18716,False,0.1768,0.1993,0.2277,0.2592,0.2965,0.1989,0.4788,0.5018,0.5436,0.5822,0.6039,0.5541,2413706,100.0,05/10/2026 12:52:21
18732,False,0.1672,0.1883,0.2169,0.2477,0.2811,0.2037,0.3956,0.4302,0.4894,0.5458,0.5721,0.4983,2413805,100.0,05/10/2026 12:52:21
18759,False,0.1421,0.1614,0.1871,0.2141,0.244,0.1794,0.4695,0.4913,0.5309,0.5679,0.5902,0.5431,2413904,100.0,05/10/2026 12:52:20
18775,False,0.1875,0.2126,0.2435,0.2766,0.315,0.2523,0.197,0.226,0.2704,0.3151,0.3364,0.2709,2414001,100.0,05/10/2026 12:52:21
18791,False,0.1504,0.1693,0.1958,0.2252,0.2611,0.1823,0.2766,0.2951,0.3375,0.3749,0.3954,0.3395,2414100,100.0,05/10/2026 12:52:21
18813,False,0.1542,0.1748,0.2024,0.2299,0.2626,0.2095,0.1438,0.1694,0.2134,0.252,0.273,0.2093,2414209,100.0,05/10/2026 12:52:20
18830,False,0.1143,0.1274,0.1483,0.1721,0.1986,0.1543,0.228,0.2647,0.3354,0.4014,0.4317,0.3398,2414308,100.0,05/10/2026 12:52:19
18856,False,0.1496,0.1699,0.1949,0.2212,0.2528,0.1867,0.1788,0.2021,0.2396,0.2764,0.2938,0.2379,2414407,100.0,05/10/2026 12:52:21
18872,False,0.1392,0.1566,0.1803,0.2083,0.238,0.1859,0.4982,0.5175,0.5536,0.5865,0.6025,0.5645,2414506,100.0,05/10/2026 12:52:21
18899,False,0.1444,0.1624,0.1869,0.2148,0.2448,0.1918,0.1326,0.1568,0.2013,0.2467,0.2719,0.1977,2414605,100.0,05/10/2026 12:52:19
18910,False,0.1195,0.1353,0.1568,0.1796,0.2076,0.1692,0.1879,0.2164,0.2689,0.3181,0.342,0.2676,2414704,100.0,05/10/2026 12:52:19
18937,False,0.1553,0.1749,0.2012,0.2289,0.2618,0.1958,0.0261,0.06,0.1193,0.1717,0.202,0.1139,2410603,100.0,05/10/2026 12:52:20
18953,False,0.1381,0.1579,0.1818,0.2086,0.2372,0.2029,0.2598,0.2853,0.3281,0.3715,0.3961,0.3312,2414803,100.0,05/10/2026 12:52:19
18970,False,0.1897,0.2156,0.2462,0.2788,0.313,0.2215,0.393,0.4333,0.4964,0.5547,0.5838,0.5031,2414902,100.0,05/10/2026 12:52:21
18996,False,0.14,0.1616,0.1854,0.2125,0.2465,0.1855,0.339,0.3685,0.4238,0.4755,0.5034,0.4281,2415008,100.0,05/10/2026 12:52:21
30031,False,0.1225,0.1412,0.1636,0.187,0.2152,0.1948,0.2249,0.2509,0.2933,0.3351,0.3593,0.2939,2401453,100.0,05/10/2026 12:52:20
19,False,0.2175,0.2424,0.2754,0.3102,0.3483,0.2668,0.1409,0.1614,0.205,0.2479,0.2724,0.2309,1100106,100.0,05/10/2026 12:52:15
35,False,0.1723,0.1934,0.2223,0.253,0.2894,0.221,0.1443,0.1826,0.2518,0.3218,0.3578,0.3032,1100205,100.0,05/10/2026 12:52:13
51,False,0.1873,0.2115,0.2415,0.2745,0.3124,0.2513,0.405,0.4293,0.4702,0.5104,0.536,0.5196,1100122,100.0,05/10/2026 12:52:13
78,False,0.1951,0.2196,0.2502,0.2836,0.3226,0.256,0.5115,0.5307,0.5656,0.6014,0.6235,0.6147,1100023,100.0,05/10/2026 12:52:13
94,False,0.1728,0.1954,0.2239,0.2561,0.2896,0.2358,0.3766,0.4046,0.4559,0.5062,0.5372,0.5146,1100049,100.0,05/10/2026 12:52:15
116,False,0.1831,0.2084,0.2382,0.2704,0.3064,0.2453,0.4284,0.4511,0.4915,0.533,0.555,0.5388,1100189,100.0,05/10/2026 12:52:13
132,False,0.1882,0.2126,0.2442,0.2773,0.3106,0.2613,0.4657,0.4908,0.5315,0.5743,0.5964,0.5864,1100304,100.0,05/10/2026 12:52:14
159,False,0.1922,0.2156,0.2465,0.2801,0.3171,0.2551,0.465,0.4852,0.5259,0.5665,0.5875,0.5748,1100114,100.0,05/10/2026 12:52:12
175,False,0.192,0.2152,0.2466,0.2805,0.3152,0.2515,0.3784,0.402,0.4438,0.4857,0.508,0.4883,1100155,100.0,05/10/2026 12:52:15
191,False,0.1901,0.2158,0.246,0.2794,0.3157,0.2511,0.3755,0.3992,0.4477,0.4944,0.5189,0.4942,1100254,100.0,05/10/2026 12:52:14
213,False,0.196,0.2176,0.2476,0.2815,0.3176,0.2493,0.239,0.2629,0.3056,0.3504,0.3758,0.3314,1100080,100.0,05/10/2026 12:52:13
230,False,0.2033,0.2273,0.2604,0.2946,0.3293,0.2717,0.3994,0.427,0.4709,0.518,0.5412,0.5197,1100064,100.0,05/10/2026 12:52:12
256,False,0.1767,0.1997,0.2288,0.2585,0.3018,0.2335,0.473,0.495,0.535,0.5751,0.5991,0.5841,1100098,100.0,05/10/2026 12:52:12
272,False,0.179,0.2028,0.2315,0.2647,0.2985,0.2384,0.5309,0.5511,0.5873,0.6209,0.6408,0.6297,1100056,100.0,05/10/2026 12:52:14
299,False,0.1911,0.2155,0.2463,0.2808,0.3194,0.2606,0.3841,0.4086,0.4577,0.5042,0.5272,0.5087,1100288,100.0,05/10/2026 12:52:14
310,False,0.1731,0.1963,0.2255,0.2556,0.2879,0.2329,0.3736,0.397,0.4352,0.474,0.4964,0.4707,1100015,100.0,05/10/2026 12:52:13
337,False,0.171,0.1948,0.2248,0.2559,0.2928,0.2354,0.2243,0.253,0.3026,0.3538,0.3789,0.3368,1100346,100.0,05/10/2026 12:52:14
353,False,0.181,0.203,0.2337,0.266,0.2986,0.2403,0.2266,0.256,0.3155,0.3713,0.4002,0.3515,1100296,100.0,05/10/2026 12:52:13
370,False,0.1411,0.1603,0.1848,0.2125,0.2473,0.1963,0.371,0.3995,0.4459,0.4892,0.5139,0.4873,1100148,100.0,05/10/2026 12:52:14
396,False,0.229,0.2571,0.2898,0.3258,0.366,0.2849,0.3946,0.4168,0.4539,0.4934,0.5128,0.495,1100130,100.0,05/10/2026 12:52:12
418,False,0.1633,0.1818,0.2104,0.2383,0.2753,0.2174,0.3006,0.3252,0.3735,0.4201,0.4451,0.4141,1100320,100.0,05/10/2026 12:52:13
434,False,0.1887,0.215,0.2442,0.2779,0.3166,0.2392,0.5497,0.5637,0.5881,0.613,0.6275,0.6167,1100338,100.0,05/10/2026 12:52:14
450,False,0.1754,0.1974,0.2269,0.2558,0.2951,0.223,0.3213,0.3482,0.3999,0.4498,0.4799,0.4334,1100031,100.0,05/10/2026 12:52:15
477,False,0.217,0.2458,0.2807,0.3148,0.3532,0.2659,0.1932,0.2185,0.2727,0.3302,0.3591,0.3137,1100809,100.0,05/10/2026 12:52:12
493,False,0.2189,0.2448,0.2777,0.3144,0.3535,0.2689,0.2511,0.2825,0.3493,0.4137,0.4451,0.3994,1101104,100.0,05/10/2026 12:52:13
515,False,0.1451,0.1653,0.1894,0.216,0.2467,0.1895,0.2284,0.2599,0.3162,0.374,0.4032,0.3538,1100502,100.0,05/10/2026 12:52:13
531,False,0.1798,0.2025,0.2324,0.2645,0.3009,0.2251,0.1478,0.1896,0.2605,0.3309,0.3672,0.2954,1100908,100.0,05/10/2026 12:52:15
558,False,0.1794,0.2015,0.2322,0.2629,0.3005,0.2246,0.2267,0.2529,0.3093,0.362,0.3896,0.3403,1101807,100.0,05/10/2026 12:52:15
566,False,0.1689,0.1931,0.2213,0.2518,0.2852,0.2264,0.2994,0.3239,0.3702,0.416,0.4409,0.4031,1101708,100.0,05/10/2026 12:52:14
574,False,0.1714,0.1904,0.2195,0.2492,0.2832,0.2213,0.1857,0.2211,0.2752,0.3295,0.3526,0.3065,1101302,100.0,05/10/2026 12:52:14
582,False,0.1571,0.1744,0.2016,0.2304,0.2631,0.2044,0.2843,0.3113,0.3593,0.403,0.4266,0.3895,1101500,100.0,05/10/2026 12:52:14
590,False,0.1835,0.2046,0.235,0.2665,0.3035,0.2273,0.3042,0.331,0.381,0.4275,0.4517,0.4154,1101609,100.0,05/10/2026 12:52:15
604,False,0.1705,0.1931,0.2209,0.2507,0.2907,0.2198,0.2403,0.2693,0.3231,0.3757,0.4017,0.3554,1101203,100.0,05/10/2026 12:52:12
612,False,0.1765,0.2025,0.2299,0.2623,0.2953,0.2216,0.3639,0.3914,0.4467,0.4981,0.5257,0.4936,1101005,100.0,05/10/2026 12:52:15
620,False,0.1831,0.2046,0.2331,0.2679,0.3022,0.2267,0.4554,0.4866,0.5393,0.5904,0.6107,0.5836,1100601,100.0,05/10/2026 12:52:13
639,False,0.1915,0.2164,0.2455,0.279,0.3135,0.2432,0.5201,0.5368,0.571,0.6027,0.6197,0.6057,1100403,100.0,05/10/2026 12:52:14
647,False,0.2136,0.2435,0.2757,0.3112,0.3464,0.2596,0.4613,0.484,0.5335,0.5831,0.6042,0.5722,1100262,100.0,05/10/2026 12:52:14
655,False,0.1805,0.2053,0.2347,0.2668,0.3001,0.224,0.2623,0.2923,0.3498,0.4011,0.4304,0.3818,1100072,100.0,05/10/2026 12:52:12
663,False,0.1993,0.2243,0.2565,0.2899,0.3238,0.2558,0.4324,0.4564,0.4999,0.5417,0.562,0.5431,1101401,100.0,05/10/2026 12:52:12
671,False,0.185,0.206,0.2358,0.2694,0.3052,0.2354,0.4147,0.4417,0.4894,0.5414,0.5654,0.5372,1100700,100.0,05/10/2026 12:52:12
680,False,0.1984,0.2258,0.2572,0.2896,0.3319,0.2523,0.5448,0.5648,0.5972,0.6305,0.6475,0.6349,1100940,100.0,05/10/2026 12:52:12
698,False,0.1965,0.2201,0.2518,0.2839,0.322,0.2416,0.3407,0.373,0.4265,0.4785,0.5087,0.4702,1101757,100.0,05/10/2026 12:52:15
701,False,0.2225,0.2488,0.2826,0.3193,0.3545,0.2597,0.1497,0.1924,0.2628,0.3342,0.3695,0.304,1101450,100.0,05/10/2026 12:52:12
710,False,0.1658,0.189,0.2165,0.2469,0.2841,0.2234,0.2562,0.2859,0.3496,0.4105,0.4427,0.3897,1101484,100.0,05/10/2026 12:52:13
728,False,0.1619,0.1838,0.2109,0.2412,0.2719,0.1984,0.3757,0.414,0.4776,0.5386,0.5706,0.5276,1101476,100.0,05/10/2026 12:52:13
736,False,0.1652,0.1891,0.2155,0.2457,0.281,0.2221,0.3086,0.3344,0.3784,0.4215,0.4436,0.4111,1100379,100.0,05/10/2026 12:52:11
744,False,0.1517,0.1714,0.1984,0.2277,0.2612,0.2069,0.082,0.1158,0.1718,0.2309,0.2621,0.1947,1101435,100.0,05/10/2026 12:52:12
752,False,0.1597,0.1792,0.2065,0.2342,0.2699,0.2124,0.1895,0.2202,0.2797,0.3366,0.3666,0.3037,1101559,100.0,05/10/2026 12:52:13
779,False,0.1997,0.2231,0.2552,0.2885,0.324,0.2611,0.5633,0.5807,0.6118,0.6425,0.6607,0.6536,1100452,100.0,05/10/2026 12:52:14
787,False,0.2285,0.2574,0.2917,0.3289,0.369,0.2545,0.2933,0.3287,0.3923,0.4568,0.4891,0.4192,1101468,100.0,05/10/2026 12:52:14
795,False,0.1764,0.2031,0.2313,0.2643,0.3028,0.2266,0.4197,0.4415,0.4845,0.5275,0.5496,0.5293,1101492,100.0,05/10/2026 12:52:14
809,False,0.2558,0.2832,0.3224,0.36,0.4017,0.3123,0.3559,0.3785,0.4208,0.4633,0.4833,0.4492,1100924,100.0,05/10/2026 12:52:12
3000,False,0.161,0.1824,0.2086,0.2399,0.2717,0.2152,0.5138,0.5345,0.573,0.6091,0.6278,0.612,1400233,100.0,05/10/2026 12:52:12
3018,False,0.1632,0.1857,0.2139,0.2433,0.2789,0.2687,0.4485,0.4711,0.5203,0.5703,0.5999,0.5846,1400100,100.0,05/10/2026 12:52:12
3026,False,0.2423,0.2713,0.3057,0.3424,0.3858,0.2904,0.4342,0.4589,0.5026,0.5462,0.5691,0.5439,1400282,100.0,05/10/2026 12:52:12
3034,False,0.2401,0.2662,0.3002,0.3386,0.3761,0.2828,0.3819,0.4048,0.4466,0.4867,0.5073,0.4843,1400209,100.0,05/10/2026 12:52:12
3042,False,0.2145,0.2385,0.2698,0.3045,0.3475,0.2296,0.426,0.4486,0.4939,0.5348,0.5571,0.5295,1400027,100.0,05/10/2026 12:52:12
3050,False,0.2039,0.2295,0.2607,0.295,0.3335,0.2411,0.4052,0.4242,0.4644,0.5017,0.5214,0.4991,1400050,100.0,05/10/2026 12:52:12
3069,False,0.214,0.2392,0.2718,0.3064,0.3492,0.2625,0.3743,0.3939,0.4304,0.4683,0.4901,0.4648,1400175,100.0,05/10/2026 12:52:12
3077,False,0.2287,0.2566,0.2892,0.3276,0.3662,0.2795,0.2964,0.3141,0.349,0.3833,0.4015,0.3674,1400159,100.0,05/10/2026 12:52:12
3085,False,0.2209,0.2495,0.2835,0.3204,0.3636,0.3017,0.4321,0.4521,0.4868,0.5243,0.5425,0.5265,1400472,100.0,05/10/2026 12:52:12
3093,False,0.1883,0.2105,0.2402,0.2722,0.3071,0.2575,0.5517,0.5698,0.6025,0.634,0.6507,0.6402,1400308,100.0,05/10/2026 12:52:12
3107,False,0.1316,0.15,0.1725,0.1987,0.2316,0.2096,0.3467,0.3631,0.3955,0.4269,0.4431,0.3957,1400704,100.0,05/10/2026 12:52:12
3115,False,0.1579,0.1772,0.2021,0.231,0.2631,0.2161,0.0305,0.0561,0.0979,0.1395,0.1615,0.1103,1400407,100.0,05/10/2026 12:52:12
3123,False,0.1992,0.2269,0.2589,0.2924,0.3288,0.2663,0.1227,0.1443,0.1877,0.2301,0.2513,0.2022,1400456,100.0,05/10/2026 12:52:12
3131,False,0.1999,0.225,0.2567,0.2905,0.33,0.2422,0.3605,0.3917,0.445,0.4958,0.5199,0.484,1400506,100.0,05/10/2026 12:52:12
3158,False,0.2297,0.2585,0.2922,0.3297,0.3663,0.2487,0.3686,0.3949,0.4432,0.4907,0.5149,0.4782,1400605,100.0,05/10/2026 12:52:12
84735,False,0.0923,0.1068,0.1241,0.1427,0.1675,0.1275,0.3133,0.3539,0.4255,0.4943,0.531,0.4802,4301552,100.0,05/10/2026 12:52:29
84743,False,0.1204,0.1378,0.1597,0.1832,0.2095,0.1674,0.3436,0.3858,0.463,0.5333,0.5668,0.5216,4321634,100.0,05/10/2026 12:52:30
84751,False,0.1047,0.1198,0.1389,0.1602,0.1844,0.1449,0.5298,0.5585,0.6159,0.6712,0.6985,0.6823,4313359,100.0,05/10/2026 12:52:33
84760,False,0.1176,0.1338,0.1549,0.1778,0.2082,0.1503,0.1343,0.1737,0.2447,0.3138,0.3493,0.2856,4315156,100.0,05/10/2026 12:52:29
84778,False,0.2066,0.231,0.2634,0.2983,0.3369,0.2751,0.0026,0.0096,0.0519,0.1253,0.1707,0.0205,4314555,100.0,05/10/2026 12:52:30
84786,False,0.1406,0.1603,0.1843,0.2118,0.2413,0.1919,0.0274,0.0606,0.1311,0.2035,0.2398,0.1547,4310850,100.0,05/10/2026 12:52:28
84794,False,0.0932,0.1069,0.1246,0.1446,0.1674,0.1237,0.5578,0.5942,0.6563,0.7135,0.7406,0.7365,4318440,100.0,05/10/2026 12:52:29
84808,False,0.1253,0.1408,0.1619,0.187,0.2161,0.1644,0.0817,0.1352,0.238,0.3316,0.3838,0.2871,4300554,100.0,05/10/2026 12:52:29
84816,False,0.1225,0.14,0.1626,0.1863,0.2177,0.1617,0.1444,0.1876,0.2544,0.3236,0.3612,0.3032,4313060,100.0,05/10/2026 12:52:31
84824,False,0.1325,0.1508,0.176,0.2025,0.2358,0.1823,0.498,0.532,0.5945,0.6571,0.687,0.6715,4306452,100.0,05/10/2026 12:52:30
84832,False,0.133,0.1525,0.1753,0.202,0.2312,0.1798,0.2982,0.3352,0.4114,0.4796,0.5202,0.4639,4318051,100.0,05/10/2026 12:52:29
84840,False,0.1371,0.1555,0.1799,0.2063,0.2339,0.181,0.0015,0.0071,0.0373,0.0925,0.1215,0.006,4322152,100.0,05/10/2026 12:52:29
84859,False,0.1147,0.1326,0.1537,0.1758,0.2029,0.1582,0.3505,0.3816,0.441,0.4974,0.5276,0.4847,4318424,100.0,05/10/2026 12:52:29
84867,False,0.1196,0.1366,0.1577,0.1821,0.2091,0.1706,0.5016,0.5432,0.6152,0.6806,0.717,0.684,4309258,100.0,05/10/2026 12:52:30
84875,False,0.1192,0.1391,0.1612,0.1851,0.2126,0.1515,0.4259,0.4607,0.5263,0.5862,0.6197,0.5913,4315354,100.0,05/10/2026 12:52:29
84883,False,0.1261,0.144,0.1668,0.192,0.2242,0.1658,0.3042,0.3371,0.4026,0.4621,0.4939,0.4476,4306734,100.0,05/10/2026 12:52:28
84891,False,0.1519,0.1715,0.1973,0.226,0.2587,0.1917,0.036,0.0759,0.1546,0.2293,0.275,0.194,4304689,100.0,05/10/2026 12:52:30
84905,False,0.2081,0.2362,0.2691,0.3018,0.3445,0.253,0.1381,0.1785,0.248,0.3102,0.3412,0.274,4311122,100.0,05/10/2026 12:52:31
84913,False,0.1253,0.1417,0.1631,0.1882,0.216,0.169,0.353,0.3961,0.4682,0.5346,0.5711,0.5196,4322558,100.0,05/10/2026 12:52:30
84921,False,0.1295,0.148,0.1714,0.198,0.2239,0.1663,0.1856,0.2253,0.2979,0.3684,0.4067,0.3474,4302451,100.0,05/10/2026 12:52:28
84930,False,0.1215,0.1381,0.159,0.1835,0.2105,0.1644,0.5298,0.5666,0.6304,0.6832,0.715,0.696,4307864,100.0,05/10/2026 12:52:30
84948,False,0.1153,0.1318,0.1517,0.1744,0.2003,0.1596,0.349,0.3839,0.4403,0.4966,0.5247,0.4753,4300059,100.0,05/10/2026 12:52:31
84956,False,0.146,0.1681,0.1936,0.2215,0.2506,0.1928,0.1383,0.1849,0.2702,0.354,0.3971,0.3092,4320651,100.0,05/10/2026 12:52:30
84964,False,0.1638,0.1851,0.2124,0.2422,0.2744,0.1984,0.1698,0.2084,0.2731,0.3375,0.3691,0.2991,4309951,100.0,05/10/2026 12:52:31
84972,False,0.1493,0.1693,0.1945,0.223,0.2554,0.1885,0.1611,0.2075,0.3007,0.391,0.4454,0.3699,4309753,100.0,05/10/2026 12:52:30
84980,False,0.1788,0.2019,0.2314,0.2635,0.2999,0.2211,0.0029,0.0123,0.0561,0.1278,0.1693,0.032,4313953,100.0,05/10/2026 12:52:28
84999,False,0.1256,0.1434,0.1656,0.1907,0.2224,0.1689,0.4889,0.5176,0.5717,0.6252,0.6499,0.6353,4310439,100.0,05/10/2026 12:52:29
85006,False,0.1467,0.166,0.1923,0.2226,0.2518,0.2026,0.0213,0.0522,0.1139,0.1751,0.2078,0.1363,4321956,100.0,05/10/2026 12:52:32
85014,False,0.1204,0.1362,0.1579,0.1822,0.209,0.1511,0.2051,0.251,0.3227,0.3948,0.4313,0.3805,4300109,100.0,05/10/2026 12:52:31
85022,False,0.1407,0.1574,0.1831,0.2095,0.2393,0.1751,0.1823,0.2211,0.2897,0.3549,0.388,0.3187,4307054,100.0,05/10/2026 12:52:29
85030,False,0.1118,0.1267,0.1472,0.1706,0.1951,0.1513,0.3241,0.3623,0.4213,0.4829,0.5098,0.4753,4300208,100.0,05/10/2026 12:52:29
85049,False,0.1863,0.2098,0.2394,0.2738,0.3107,0.2386,0.0019,0.009,0.0439,0.103,0.1412,0.0044,4306353,100.0,05/10/2026 12:52:30
85057,False,0.1262,0.1424,0.1652,0.1906,0.2199,0.1665,0.007,0.0227,0.0942,0.1771,0.2176,0.1269,4300307,100.0,05/10/2026 12:52:31
85065,False,0.1156,0.1302,0.1519,0.1738,0.2037,0.1551,0.1188,0.1732,0.2974,0.413,0.4703,0.3943,4302659,100.0,05/10/2026 12:52:31
85073,False,0.217,0.2427,0.2761,0.3121,0.3471,0.2768,0.0017,0.0062,0.0365,0.0908,0.1317,0.0399,4300406,100.0,05/10/2026 12:52:31
85081,False,0.1451,0.1656,0.1898,0.2192,0.2515,0.2007,0.1391,0.1749,0.249,0.3205,0.3559,0.275,4306973,100.0,05/10/2026 12:52:29
85090,False,0.1403,0.1619,0.1851,0.2119,0.2428,0.2126,0.1201,0.152,0.2083,0.2636,0.2922,0.2314,4300505,100.0,05/10/2026 12:52:29
85103,False,0.1445,0.1635,0.1888,0.2181,0.244,0.193,0.1031,0.1365,0.2012,0.2652,0.3008,0.235,4306932,100.0,05/10/2026 12:52:28
85111,False,0.1954,0.2202,0.2506,0.2844,0.3229,0.2458,0.0022,0.0074,0.0395,0.0967,0.1355,0.0409,4300604,100.0,05/10/2026 12:52:32
85120,False,0.1456,0.1644,0.1888,0.216,0.2491,0.1906,0.0915,0.1334,0.212,0.2884,0.3316,0.2564,4313037,100.0,05/10/2026 12:52:30
85138,False,0.1199,0.1351,0.157,0.1791,0.208,0.1659,0.5853,0.6143,0.6621,0.7141,0.7397,0.733,4300703,100.0,05/10/2026 12:52:29
85146,False,0.1332,0.1502,0.1743,0.2012,0.228,0.1706,0.1573,0.1937,0.2669,0.3372,0.3699,0.312,4314159,100.0,05/10/2026 12:52:33
85154,False,0.1044,0.1196,0.1389,0.1613,0.1881,0.1505,0.5538,0.5783,0.6215,0.6662,0.6918,0.6879,4300802,100.0,05/10/2026 12:52:31
85162,False,0.1596,0.1799,0.2083,0.2379,0.2685,0.2092,0.1791,0.2201,0.2891,0.3557,0.3953,0.3357,4321436,100.0,05/10/2026 12:52:30
85170,False,0.1223,0.1407,0.1628,0.1876,0.2171,0.1642,0.1449,0.1841,0.2559,0.3262,0.3642,0.3006,4300901,100.0,05/10/2026 12:52:29
85189,False,0.0923,0.1057,0.1233,0.1427,0.1664,0.1258,0.3203,0.369,0.4531,0.5369,0.5807,0.5458,4309555,100.0,05/10/2026 12:52:28
85197,False,0.1183,0.1379,0.1591,0.1841,0.2112,0.1451,0.2835,0.3281,0.4021,0.477,0.5114,0.4749,4301008,100.0,05/10/2026 12:52:29
85200,False,0.145,0.1648,0.1904,0.2185,0.2483,0.1979,0.1239,0.1675,0.2445,0.3226,0.3611,0.2862,4304101,100.0,05/10/2026 12:52:29
85219,False,0.1868,0.2121,0.2422,0.2754,0.3093,0.2394,0.003,0.012,0.0622,0.1342,0.1694,0.0381,4301107,100.0,05/10/2026 12:52:30
85227,False,0.135,0.1531,0.178,0.2039,0.2325,0.2316,0.0025,0.0096,0.0514,0.1243,0.1675,0.014,4305157,100.0,05/10/2026 12:52:30
85235,False,0.1212,0.1376,0.1589,0.1835,0.2116,0.1598,0.2687,0.2996,0.36,0.4175,0.4475,0.407,4301206,100.0,05/10/2026 12:52:30
85243,False,0.1101,0.1245,0.1432,0.1665,0.1928,0.1494,0.5949,0.6224,0.6725,0.719,0.7394,0.7146,4310462,100.0,05/10/2026 12:52:30
85251,False,0.1794,0.2035,0.2313,0.263,0.2997,0.2222,0.0083,0.0303,0.0976,0.164,0.1976,0.0799,4301305,100.0,05/10/2026 12:52:29
85260,False,0.1477,0.1675,0.1943,0.2228,0.2526,0.1879,0.0031,0.0108,0.0558,0.1301,0.1795,0.0151,4311254,100.0,05/10/2026 12:52:29
85278,False,0.1419,0.161,0.1856,0.2129,0.2416,0.1937,0.4036,0.4291,0.4753,0.5222,0.5489,0.5209,4301404,100.0,05/10/2026 12:52:30
85286,False,0.1202,0.1351,0.1571,0.1821,0.2091,0.1627,0.2918,0.331,0.404,0.4723,0.5099,0.4669,4307559,100.0,05/10/2026 12:52:30
85294,False,0.1088,0.1255,0.1456,0.1685,0.1944,0.1541,0.4066,0.4335,0.4885,0.5402,0.5641,0.5349,4301503,100.0,05/10/2026 12:52:30
85308,False,0.1856,0.2086,0.2374,0.2692,0.3079,0.2362,0.1434,0.1842,0.2612,0.3421,0.3816,0.3204,4301057,100.0,05/10/2026 12:52:30
85316,False,0.216,0.2423,0.2764,0.313,0.3502,0.2741,0.0016,0.007,0.0367,0.0889,0.1229,0.0049,4301602,100.0,05/10/2026 12:52:30
85324,False,0.094,0.1079,0.1243,0.1453,0.1674,0.1312,0.4783,0.5117,0.5722,0.629,0.6543,0.6399,4318481,100.0,05/10/2026 12:52:31
85332,False,0.108,0.1222,0.1438,0.1663,0.1896,0.1548,0.2509,0.2826,0.3427,0.4008,0.4311,0.3839,4301701,100.0,05/10/2026 12:52:30
85340,False,0.1221,0.1405,0.1612,0.1868,0.2132,0.1593,0.1597,0.2055,0.2854,0.3617,0.3997,0.3245,4314456,100.0,05/10/2026 12:52:30
85359,False,0.1609,0.1827,0.2092,0.2389,0.2714,0.2142,0.0651,0.1018,0.1688,0.233,0.2623,0.1919,4301800,100.0,05/10/2026 12:52:30
85367,False,0.1109,0.1282,0.1492,0.1718,0.1992,0.1545,0.4233,0.4491,0.5033,0.5527,0.579,0.5542,4321667,100.0,05/10/2026 12:52:31
85375,False,0.1996,0.2236,0.2546,0.2895,0.3263,0.2506,0.0201,0.0554,0.1337,0.2097,0.2484,0.1752,4301909,100.0,05/10/2026 12:52:29
85383,False,0.1173,0.1353,0.1566,0.181,0.2121,0.1439,0.2801,0.3363,0.4266,0.5117,0.5577,0.5047,4319752,100.0,05/10/2026 12:52:30
85391,False,0.1939,0.2157,0.2474,0.2805,0.3149,0.2358,0.1325,0.1622,0.2278,0.2894,0.3249,0.2643,4302006,100.0,05/10/2026 12:52:31
85405,False,0.1172,0.1342,0.1566,0.1815,0.2058,0.1611,0.5967,0.6257,0.68,0.729,0.7538,0.7337,4315172,100.0,05/10/2026 12:52:30
85413,False,0.1395,0.1602,0.1861,0.2134,0.2434,0.189,0.4333,0.459,0.5111,0.5605,0.5917,0.5748,4302105,100.0,05/10/2026 12:52:30
85421,False,0.1385,0.1573,0.1811,0.2086,0.241,0.1874,0.1146,0.1509,0.2444,0.3357,0.3815,0.285,4315131,100.0,05/10/2026 12:52:29
85430,False,0.105,0.1202,0.1404,0.1629,0.1881,0.1402,0.317,0.3629,0.4361,0.5046,0.5428,0.5076,4302204,100.0,05/10/2026 12:52:29
85448,False,0.1523,0.1733,0.1992,0.2258,0.2604,0.1943,0.1785,0.2152,0.2833,0.3541,0.39,0.3106,4307831,100.0,05/10/2026 12:52:30
85456,False,0.1875,0.2121,0.2413,0.2749,0.3143,0.2442,0.0829,0.1184,0.1802,0.2402,0.269,0.2137,4302303,100.0,05/10/2026 12:52:33
85464,False,0.1859,0.21,0.2395,0.2708,0.3108,0.2213,0.0444,0.0804,0.1512,0.2239,0.2601,0.1868,4306056,100.0,05/10/2026 12:52:30
85472,False,0.1439,0.1634,0.1886,0.2157,0.2471,0.1812,0.2394,0.278,0.345,0.4109,0.4473,0.403,4302402,100.0,05/10/2026 12:52:30
85480,False,0.1611,0.1832,0.2104,0.2416,0.2749,0.2098,0.0057,0.0229,0.0755,0.1289,0.1596,0.0911,4319158,100.0,05/10/2026 12:52:30
85499,False,0.1974,0.2229,0.2521,0.2855,0.328,0.2522,0.0014,0.0064,0.0348,0.0867,0.1147,0.0087,4302501,100.0,05/10/2026 12:52:29
85502,False,0.1747,0.1969,0.2252,0.2567,0.2907,0.2208,0.2785,0.3225,0.3918,0.4604,0.4975,0.4554,4309050,100.0,05/10/2026 12:52:29
85510,False,0.176,0.1988,0.2275,0.26,0.2955,0.2158,0.0026,0.0097,0.0573,0.1301,0.1636,0.0436,4302600,100.0,05/10/2026 12:52:29
85529,False,0.1468,0.1654,0.1897,0.2186,0.249,0.1866,0.146,0.1884,0.2605,0.3342,0.3762,0.3056,4320263,100.0,05/10/2026 12:52:29
85537,False,0.1944,0.2194,0.2511,0.2835,0.3157,0.243,0.0041,0.0154,0.0711,0.1319,0.1626,0.0526,4302709,100.0,05/10/2026 12:52:30
85545,False,0.1317,0.1479,0.1708,0.1987,0.2296,0.1775,0.0424,0.0838,0.152,0.2255,0.2645,0.1802,4300455,100.0,05/10/2026 12:52:31
85553,False,0.1837,0.2118,0.2413,0.2734,0.3076,0.2367,0.022,0.0625,0.1425,0.2223,0.2618,0.1271,4302808,100.0,05/10/2026 12:52:32
85561,False,0.1216,0.1365,0.1594,0.1834,0.2105,0.1501,0.3353,0.3723,0.4398,0.5006,0.531,0.475,4316436,100.0,05/10/2026 12:52:31
85570,False,0.2071,0.2352,0.2672,0.3009,0.3418,0.2594,0.002,0.0085,0.0421,0.096,0.1285,0.0594,4302907,100.0,05/10/2026 12:52:30
85588,False,0.2156,0.2412,0.2767,0.3131,0.351,0.2747,0.0031,0.0132,0.0752,0.1599,0.2035,0.0975,4318465,100.0,05/10/2026 12:52:30
85596,False,0.2252,0.2538,0.2879,0.3239,0.3638,0.2874,0.106,0.1463,0.2184,0.2885,0.3259,0.2693,4303004,100.0,05/10/2026 12:52:29
85600,False,0.1344,0.155,0.1778,0.2035,0.2358,0.1744,0.0396,0.0841,0.1619,0.2412,0.2858,0.1917,4323507,100.0,05/10/2026 12:52:30
85618,False,0.1896,0.2109,0.242,0.2752,0.3121,0.2401,0.0453,0.0905,0.1705,0.2563,0.2999,0.2236,4303103,100.0,05/10/2026 12:52:31
85626,False,0.1613,0.184,0.2099,0.2417,0.2725,0.2105,0.0212,0.0624,0.1681,0.274,0.3272,0.215,4310751,100.0,05/10/2026 12:52:30
85634,False,0.1382,0.1551,0.1806,0.2081,0.24,0.191,0.2038,0.2339,0.2975,0.3565,0.392,0.3263,4303202,100.0,05/10/2026 12:52:33
85642,False,0.1151,0.1294,0.15,0.1729,0.2017,0.156,0.3965,0.4263,0.4826,0.5333,0.5636,0.5203,4323408,100.0,05/10/2026 12:52:32
85650,False,0.1501,0.1673,0.1932,0.2201,0.2503,0.1856,0.0047,0.0197,0.081,0.1515,0.1885,0.1043,4303301,100.0,05/10/2026 12:52:31
85669,False,0.1064,0.1226,0.1426,0.1646,0.1874,0.1466,0.0537,0.0906,0.1634,0.2333,0.2672,0.1859,4321329,100.0,05/10/2026 12:52:30
85677,False,0.1285,0.1484,0.171,0.1962,0.2253,0.1767,0.251,0.2838,0.3431,0.4025,0.4303,0.3785,4303400,100.0,05/10/2026 12:52:28
85685,False,0.2134,0.2442,0.2758,0.3109,0.3539,0.2741,0.0856,0.1241,0.1968,0.2695,0.3124,0.2434,4310330,100.0,05/10/2026 12:52:29
85693,False,0.1724,0.1963,0.2258,0.2568,0.2916,0.2234,0.1768,0.2117,0.274,0.3376,0.3734,0.3267,4303509,100.0,05/10/2026 12:52:31
85707,False,0.1192,0.1357,0.1566,0.1809,0.2093,0.1611,0.0273,0.0652,0.1633,0.2525,0.2951,0.1975,4320230,100.0,05/10/2026 12:52:29
85715,False,0.1576,0.1796,0.2067,0.2369,0.2715,0.2012,0.3381,0.3722,0.4315,0.4889,0.5188,0.4819,4303608,100.0,05/10/2026 12:52:29
85723,False,0.1034,0.1184,0.1378,0.1589,0.185,0.135,0.5015,0.5406,0.6101,0.6706,0.7009,0.6977,4322251,100.0,05/10/2026 12:52:31
85731,False,0.1219,0.1391,0.1605,0.1869,0.2173,0.1603,0.1417,0.1859,0.2645,0.341,0.3836,0.3148,4303707,100.0,05/10/2026 12:52:31
85740,False,0.1119,0.1265,0.147,0.1698,0.1963,0.1545,0.1292,0.1775,0.2654,0.3512,0.3923,0.3256,4315750,100.0,05/10/2026 12:52:30
85758,False,0.1053,0.1203,0.1398,0.1626,0.1867,0.1416,0.5059,0.5274,0.5715,0.6136,0.635,0.6088,4303806,100.0,05/10/2026 12:52:30
85766,False,0.1671,0.1876,0.2143,0.246,0.2831,0.2188,0.3425,0.3894,0.467,0.538,0.579,0.5241,4315453,100.0,05/10/2026 12:52:31
85774,False,0.1469,0.1668,0.1921,0.2203,0.2518,0.1927,0.2752,0.3084,0.366,0.4299,0.4633,0.4273,4303905,100.0,05/10/2026 12:52:29
85782,False,0.1408,0.1595,0.1836,0.2112,0.2389,0.1836,0.2306,0.2782,0.3862,0.485,0.5475,0.4849,4310363,100.0,05/10/2026 12:52:29
85790,False,0.1643,0.1887,0.2159,0.2478,0.2809,0.2127,0.0123,0.0352,0.0957,0.1548,0.1863,0.1082,4304002,100.0,05/10/2026 12:52:29
85804,False,0.2712,0.3001,0.3383,0.3772,0.4194,0.325,0.0017,0.007,0.0399,0.0941,0.1322,0.0431,4305454,100.0,05/10/2026 12:52:31
85812,False,0.1615,0.1832,0.2114,0.2415,0.2755,0.2041,0.2151,0.2473,0.3125,0.3746,0.414,0.3631,4304200,100.0,05/10/2026 12:52:31
85820,False,0.1048,0.1206,0.14,0.1626,0.1897,0.1573,0.4527,0.4954,0.5801,0.6578,0.7004,0.6667,4312351,100.0,05/10/2026 12:52:30
85839,False,0.0883,0.1014,0.1183,0.1375,0.1595,0.1193,0.3942,0.4297,0.4894,0.5472,0.5763,0.5482,4304309,100.0,05/10/2026 12:52:30
85847,False,0.1441,0.1616,0.1882,0.2153,0.2468,0.1833,0.0909,0.1333,0.2164,0.293,0.3434,0.2519,4323705,100.0,05/10/2026 12:52:28
85855,False,0.1933,0.2146,0.2465,0.2801,0.3167,0.2443,0.2691,0.3068,0.3721,0.4388,0.4755,0.4346,4304408,100.0,05/10/2026 12:52:30
85863,False,0.1174,0.1333,0.1538,0.1769,0.2084,0.1624,0.3846,0.4527,0.5559,0.6494,0.6999,0.6732,4323606,100.0,05/10/2026 12:52:31
85871,False,0.168,0.1895,0.2185,0.249,0.2856,0.2154,0.1932,0.2307,0.2954,0.3613,0.4007,0.3545,4304507,100.0,05/10/2026 12:52:30
85880,False,0.1589,0.1797,0.2061,0.2354,0.2734,0.2131,0.2563,0.2894,0.359,0.4213,0.4606,0.3989,4304952,100.0,05/10/2026 12:52:28
85898,False,0.1891,0.2128,0.2429,0.2756,0.3129,0.239,0.0077,0.026,0.1007,0.1867,0.2361,0.1468,4304606,100.0,05/10/2026 12:52:31
85901,False,0.1788,0.2012,0.2296,0.2611,0.2955,0.2255,0.0022,0.0085,0.0478,0.1175,0.1632,0.0558,4310553,100.0,05/10/2026 12:52:30
85910,False,0.1601,0.1813,0.207,0.2366,0.2706,0.2104,0.2156,0.2443,0.2959,0.3504,0.3806,0.3429,4304705,100.0,05/10/2026 12:52:29
85928,False,0.1679,0.189,0.218,0.2495,0.2826,0.2217,0.0239,0.0581,0.1322,0.206,0.2409,0.1512,4306957,100.0,05/10/2026 12:52:30
85936,False,0.1054,0.12,0.14,0.1611,0.1858,0.1424,0.3753,0.413,0.4865,0.5562,0.6008,0.5769,4304804,100.0,05/10/2026 12:52:33
85944,False,0.1416,0.164,0.19,0.2181,0.2501,0.1898,0.1531,0.1925,0.259,0.3241,0.3563,0.3005,4305173,100.0,05/10/2026 12:52:28
85952,False,0.1136,0.1292,0.1496,0.1714,0.2001,0.157,0.4583,0.4853,0.5391,0.5894,0.6155,0.6017,4304903,100.0,05/10/2026 12:52:30
85960,False,0.1079,0.1234,0.1436,0.1657,0.1906,0.1517,0.3016,0.3397,0.41,0.4746,0.507,0.446,4303558,100.0,05/10/2026 12:52:30
85979,False,0.1143,0.1318,0.152,0.1749,0.2021,0.1553,0.1766,0.207,0.2667,0.3278,0.3583,0.3032,4305009,100.0,05/10/2026 12:52:28
85987,False,0.1346,0.1519,0.1752,0.201,0.2309,0.1676,0.2785,0.3157,0.3916,0.4626,0.5005,0.4502,4314027,100.0,05/10/2026 12:52:28
85995,False,0.1453,0.1648,0.1898,0.2186,0.2543,0.1929,0.2088,0.2517,0.3276,0.4046,0.4464,0.4,4305108,100.0,05/10/2026 12:52:31
86010,False,0.1346,0.1538,0.1774,0.2059,0.2363,0.1789,0.0123,0.0469,0.1193,0.1901,0.2312,0.152,4305207,100.0,05/10/2026 12:52:29
86029,False,0.1644,0.1852,0.213,0.243,0.2776,0.2106,0.1845,0.2169,0.2891,0.3585,0.3876,0.312,4308052,100.0,05/10/2026 12:52:31
86037,False,0.1116,0.1278,0.1483,0.171,0.1967,0.1502,0.2395,0.2797,0.3508,0.4212,0.457,0.4122,4305306,100.0,05/10/2026 12:52:30
86045,False,0.1743,0.1957,0.2234,0.255,0.2908,0.2074,0.0693,0.1079,0.1747,0.2431,0.2794,0.2051,4300638,100.0,05/10/2026 12:52:32
86053,False,0.1462,0.1646,0.1895,0.2178,0.2458,0.1935,0.1949,0.2312,0.2913,0.3547,0.3851,0.3207,4305405,100.0,05/10/2026 12:52:29
86061,False,0.104,0.1176,0.1366,0.1576,0.1839,0.1418,0.4829,0.519,0.5855,0.6452,0.6726,0.6573,4323309,100.0,05/10/2026 12:52:30
86070,False,0.1223,0.1387,0.1596,0.1837,0.212,0.1634,0.2167,0.2489,0.3126,0.3742,0.4066,0.3473,4305504,100.0,05/10/2026 12:52:31
86088,False,0.1571,0.1786,0.2039,0.2329,0.2654,0.1897,0.2034,0.2438,0.3231,0.3955,0.4383,0.3723,4305132,100.0,05/10/2026 12:52:29
86096,False,0.1405,0.1598,0.1839,0.2114,0.2456,0.1874,0.4434,0.4721,0.53,0.5826,0.6084,0.5706,4305603,100.0,05/10/2026 12:52:31
86100,False,0.1524,0.173,0.199,0.2287,0.2652,0.1819,0.3692,0.4221,0.5035,0.5829,0.6209,0.5627,4300661,100.0,05/10/2026 12:52:29
86118,False,0.1605,0.1825,0.2106,0.2386,0.2764,0.2082,0.3361,0.3641,0.4206,0.4732,0.497,0.4625,4305702,100.0,05/10/2026 12:52:31
86126,False,0.1141,0.1301,0.1516,0.1754,0.1995,0.147,0.2879,0.3402,0.4433,0.5351,0.5775,0.5324,4314753,100.0,05/10/2026 12:52:29
86134,False,0.1322,0.1513,0.1739,0.2005,0.2301,0.1906,0.18,0.2101,0.2689,0.3274,0.3578,0.3048,4305801,100.0,05/10/2026 12:52:33
86142,False,0.1466,0.1633,0.1894,0.2183,0.2493,0.1899,0.0019,0.0071,0.037,0.0923,0.1226,0.0383,4321857,100.0,05/10/2026 12:52:31
86150,False,0.1851,0.208,0.2375,0.2697,0.3074,0.2294,0.0081,0.0287,0.0798,0.1353,0.1635,0.0955,4305900,100.0,05/10/2026 12:52:29
86169,False,0.1123,0.1286,0.1487,0.1707,0.1965,0.1493,0.5009,0.529,0.5886,0.6424,0.6672,0.6426,4312757,100.0,05/10/2026 12:52:29
86177,False,0.149,0.1681,0.1938,0.2224,0.2569,0.1953,0.1823,0.2189,0.2906,0.3564,0.3967,0.3406,4306007,100.0,05/10/2026 12:52:31
86185,False,0.1652,0.185,0.2119,0.2416,0.2767,0.2128,0.0728,0.1242,0.2159,0.3156,0.3646,0.2818,4312450,100.0,05/10/2026 12:52:31
86193,False,0.1856,0.2077,0.2384,0.2701,0.3067,0.2358,0.0597,0.0943,0.1538,0.2135,0.2398,0.1871,4306106,100.0,05/10/2026 12:52:31
86207,False,0.0828,0.0948,0.1113,0.1288,0.1495,0.1119,0.2263,0.2923,0.3937,0.4858,0.5396,0.491,4316956,100.0,05/10/2026 12:52:32
86215,False,0.1484,0.1671,0.1921,0.219,0.2548,0.1871,0.2455,0.2773,0.3479,0.4116,0.4461,0.4023,4306205,100.0,05/10/2026 12:52:31
86223,False,0.0982,0.1123,0.1304,0.1512,0.1755,0.1304,0.3723,0.4106,0.4865,0.5529,0.5887,0.5658,4301651,100.0,05/10/2026 12:52:31
86231,False,0.1172,0.1318,0.153,0.1776,0.2067,0.1565,0.2701,0.3115,0.3782,0.445,0.4833,0.4292,4306304,100.0,05/10/2026 12:52:30
86240,False,0.1953,0.2183,0.25,0.2847,0.3202,0.2419,0.0021,0.0092,0.0493,0.115,0.1566,0.073,4306767,100.0,05/10/2026 12:52:31
86258,False,0.115,0.1323,0.1531,0.1763,0.2055,0.1571,0.2699,0.3086,0.3769,0.4437,0.4819,0.4436,4306403,100.0,05/10/2026 12:52:28
86274,False,0.1577,0.1792,0.2052,0.2357,0.268,0.2031,0.0822,0.1174,0.1873,0.2598,0.2981,0.2301,4306502,100.0,05/10/2026 12:52:32
86282,False,0.1214,0.1411,0.1634,0.1871,0.2155,0.1638,0.3303,0.3825,0.4775,0.5722,0.6173,0.5826,4300570,100.0,05/10/2026 12:52:30
86290,False,0.223,0.2534,0.2859,0.324,0.3645,0.2797,0.0043,0.0208,0.0732,0.1351,0.17,0.1025,4306601,100.0,05/10/2026 12:52:31
86304,False,0.103,0.1173,0.1365,0.1574,0.1821,0.1445,0.2335,0.2611,0.3082,0.3558,0.3816,0.3303,4300646,100.0,05/10/2026 12:52:29
86312,False,0.1508,0.1728,0.1988,0.2274,0.2606,0.1942,0.1086,0.1547,0.2279,0.3042,0.3439,0.2612,4306700,100.0,05/10/2026 12:52:31
86320,False,0.2006,0.2278,0.2608,0.2949,0.3325,0.2521,0.0378,0.0851,0.1646,0.2476,0.2901,0.2015,4300851,100.0,05/10/2026 12:52:30
86339,False,0.1245,0.1431,0.1648,0.1895,0.2194,0.1655,0.3392,0.3688,0.4249,0.4819,0.5113,0.4841,4306809,100.0,05/10/2026 12:52:30
86347,False,0.1476,0.1666,0.1925,0.2207,0.2525,0.1904,0.2994,0.3514,0.4339,0.5103,0.5545,0.511,4301750,100.0,05/10/2026 12:52:30
86355,False,0.1872,0.2083,0.2393,0.2722,0.308,0.2353,0.0018,0.0082,0.0419,0.0992,0.1311,0.0107,4306908,100.0,05/10/2026 12:52:29
86363,False,0.1631,0.187,0.2133,0.244,0.282,0.2196,0.0022,0.0089,0.0434,0.1054,0.1444,0.0399,4301859,100.0,05/10/2026 12:52:28
86371,False,0.1398,0.1603,0.1846,0.2119,0.2431,0.1874,0.2978,0.3327,0.3929,0.4491,0.4822,0.4504,4307005,100.0,05/10/2026 12:52:28
86380,False,0.0737,0.0853,0.0999,0.1164,0.1384,0.1074,0.052,0.1082,0.2229,0.3304,0.3883,0.2811,4301925,100.0,05/10/2026 12:52:31
86398,False,0.1908,0.2189,0.2482,0.2822,0.3207,0.247,0.1413,0.1856,0.26,0.3341,0.3687,0.2598,4307104,100.0,05/10/2026 12:52:31
86401,False,0.1084,0.1241,0.1431,0.1656,0.1904,0.133,0.2003,0.2407,0.3174,0.3901,0.428,0.358,4301958,100.0,05/10/2026 12:52:29
86410,False,0.1309,0.1476,0.1706,0.1982,0.2256,0.1756,0.0052,0.0195,0.0774,0.146,0.1796,0.0989,4307203,100.0,05/10/2026 12:52:29
86428,False,0.1457,0.1642,0.1901,0.2169,0.2487,0.1925,0.0211,0.0545,0.1289,0.2077,0.2473,0.1452,4302154,100.0,05/10/2026 12:52:31
86436,False,0.1404,0.1604,0.1849,0.2139,0.2458,0.1855,0.0045,0.0172,0.0668,0.1274,0.162,0.0843,4307302,100.0,05/10/2026 12:52:29
86444,False,0.1751,0.1985,0.2286,0.2603,0.2981,0.1941,0.0017,0.0094,0.0499,0.1211,0.1636,0.061,4302378,100.0,05/10/2026 12:52:29
86452,False,0.1821,0.2045,0.2338,0.2663,0.3013,0.236,0.0708,0.1128,0.1851,0.2585,0.294,0.2095,4307401,100.0,05/10/2026 12:52:30
86460,False,0.1362,0.1549,0.1786,0.2045,0.2348,0.1888,0.5567,0.5895,0.6415,0.6896,0.7158,0.6958,4303673,100.0,05/10/2026 12:52:32
86479,False,0.1453,0.1616,0.1867,0.2144,0.245,0.1851,0.2199,0.245,0.2965,0.3487,0.3825,0.3322,4307500,100.0,05/10/2026 12:52:29
86487,False,0.1898,0.2137,0.2449,0.2791,0.3149,0.2335,0.1472,0.1782,0.238,0.2953,0.3247,0.2345,4304358,100.0,05/10/2026 12:52:29
86495,False,0.143,0.1631,0.1885,0.2162,0.2486,0.19,0.3185,0.3491,0.4168,0.4791,0.5138,0.4837,4307609,100.0,05/10/2026 12:52:29
86509,False,0.1299,0.1485,0.1715,0.1977,0.2278,0.1701,0.2627,0.3187,0.4112,0.4881,0.5282,0.4767,4304697,100.0,05/10/2026 12:52:31
86517,False,0.1911,0.2171,0.2466,0.2788,0.321,0.2439,0.0018,0.0075,0.0434,0.1058,0.1442,0.0587,4307708,100.0,05/10/2026 12:52:29
86525,False,0.0999,0.1157,0.1342,0.1543,0.1769,0.15,0.0501,0.1164,0.2171,0.3212,0.3728,0.2552,4304853,100.0,05/10/2026 12:52:30
86533,False,0.15,0.1707,0.1959,0.2247,0.2594,0.1852,0.3392,0.3727,0.4391,0.5027,0.5394,0.5116,4307807,100.0,05/10/2026 12:52:31
86541,False,0.0885,0.1003,0.1171,0.1352,0.1596,0.1243,0.1178,0.1571,0.2439,0.3279,0.3719,0.2887,4305116,100.0,05/10/2026 12:52:32
86550,False,0.1333,0.1514,0.175,0.2026,0.2345,0.1785,0.3846,0.4199,0.479,0.538,0.5687,0.5501,4307906,100.0,05/10/2026 12:52:31
86568,False,0.1209,0.1374,0.1599,0.1841,0.2142,0.1745,0.0172,0.0482,0.118,0.1882,0.2237,0.1301,4305371,100.0,05/10/2026 12:52:33
86576,False,0.1629,0.1843,0.2113,0.2426,0.2737,0.2097,0.1729,0.213,0.2836,0.3492,0.385,0.3274,4308003,100.0,05/10/2026 12:52:30
86584,False,0.1254,0.1434,0.1661,0.1914,0.2226,0.1594,0.2201,0.2782,0.3849,0.4872,0.541,0.4791,4305587,100.0,05/10/2026 12:52:29
86592,False,0.1197,0.1363,0.1574,0.1816,0.2086,0.1642,0.2738,0.3164,0.3969,0.4738,0.5116,0.4753,4308102,100.0,05/10/2026 12:52:28
86606,False,0.1113,0.128,0.148,0.1713,0.1982,0.154,0.2425,0.3023,0.3964,0.4852,0.5325,0.4764,4305850,100.0,05/10/2026 12:52:29
86614,False,0.1171,0.1343,0.1557,0.1804,0.2044,0.163,0.5668,0.5923,0.6428,0.6907,0.7194,0.7235,4308201,100.0,05/10/2026 12:52:31
86622,False,0.109,0.1245,0.1447,0.1675,0.193,0.145,0.2892,0.332,0.4132,0.4849,0.5203,0.474,4305871,100.0,05/10/2026 12:52:31
86630,False,0.1794,0.2029,0.2326,0.2644,0.2958,0.2309,0.0018,0.0068,0.0388,0.0957,0.1217,0.047,4308300,100.0,05/10/2026 12:52:30
86649,False,0.1387,0.1578,0.1818,0.2082,0.238,0.1772,0.214,0.255,0.3303,0.3985,0.4372,0.3713,4305975,100.0,05/10/2026 12:52:29
86657,False,0.1856,0.21,0.2399,0.2719,0.309,0.2286,0.0038,0.0135,0.0655,0.1355,0.1718,0.0906,4308409,100.0,05/10/2026 12:52:33
86665,False,0.1475,0.1688,0.1952,0.2244,0.2519,0.1857,0.1101,0.1607,0.2508,0.3357,0.3796,0.2951,4306320,100.0,05/10/2026 12:52:31
86673,False,0.1556,0.1748,0.2014,0.2305,0.2606,0.2024,0.2724,0.2975,0.3504,0.3995,0.4262,0.396,4308508,100.0,05/10/2026 12:52:31
86681,False,0.1592,0.1786,0.2051,0.2345,0.2641,0.2008,0.0046,0.0206,0.089,0.1682,0.2119,0.1088,4306429,100.0,05/10/2026 12:52:30
86690,False,0.1101,0.1251,0.1458,0.1683,0.1964,0.1485,0.4392,0.4711,0.5245,0.5814,0.6164,0.5956,4308607,100.0,05/10/2026 12:52:29
86703,False,0.1316,0.1495,0.1731,0.1991,0.2293,0.1826,0.0034,0.0125,0.0635,0.1546,0.2004,0.0626,4306924,100.0,05/10/2026 12:52:30
86711,False,0.1048,0.1186,0.138,0.1594,0.1845,0.1455,0.3674,0.3991,0.4574,0.5126,0.539,0.5068,4308706,100.0,05/10/2026 12:52:28
86720,False,0.2142,0.2377,0.2713,0.307,0.3474,0.2633,0.0505,0.0969,0.1771,0.2541,0.2962,0.1681,4308656,100.0,05/10/2026 12:52:31
86738,False,0.1797,0.2031,0.2332,0.2639,0.3034,0.2266,0.0018,0.0085,0.0493,0.1232,0.1683,0.0608,4308805,100.0,05/10/2026 12:52:29
86746,False,0.1188,0.1349,0.1566,0.1809,0.2088,0.1547,0.3726,0.4098,0.4833,0.5604,0.5893,0.5316,4308854,100.0,05/10/2026 12:52:30
86754,False,0.1804,0.2032,0.232,0.2653,0.3,0.2297,0.0029,0.0115,0.0623,0.1348,0.1787,0.0904,4319802,100.0,05/10/2026 12:52:30
86762,False,0.1558,0.1764,0.202,0.231,0.2669,0.1996,0.0163,0.0495,0.1204,0.1895,0.2255,0.1154,4309126,100.0,05/10/2026 12:52:32
86770,False,0.1151,0.1314,0.1518,0.176,0.2037,0.1562,0.3764,0.4046,0.4636,0.5207,0.5512,0.5268,4308904,100.0,05/10/2026 12:52:29
86789,False,0.1648,0.1874,0.2157,0.2456,0.2806,0.1985,0.0695,0.1136,0.1966,0.2768,0.3203,0.2379,4309159,100.0,05/10/2026 12:52:30
86797,False,0.1386,0.1572,0.1817,0.2082,0.2375,0.1845,0.2943,0.3241,0.3732,0.4245,0.4469,0.4145,4309001,100.0,05/10/2026 12:52:30
86800,False,0.1847,0.2066,0.2372,0.2705,0.3035,0.2276,0.0276,0.0611,0.1311,0.1973,0.2299,0.1215,4309654,100.0,05/10/2026 12:52:30
86819,False,0.176,0.1964,0.2257,0.2569,0.2901,0.2245,0.4223,0.4539,0.506,0.5596,0.5858,0.5731,4309100,100.0,05/10/2026 12:52:33
86827,False,0.169,0.1907,0.2186,0.2496,0.2868,0.2215,0.0144,0.0495,0.1387,0.2235,0.2643,0.1614,4310413,100.0,05/10/2026 12:52:31
86835,False,0.1865,0.2097,0.2397,0.2726,0.3054,0.2367,0.0705,0.1168,0.1956,0.2761,0.322,0.2494,4309209,100.0,05/10/2026 12:52:30
86843,False,0.1551,0.1776,0.2023,0.2317,0.2638,0.202,0.3299,0.3741,0.4483,0.5187,0.5505,0.4878,4310579,100.0,05/10/2026 12:52:29
86851,False,0.1786,0.2011,0.2303,0.2631,0.2969,0.2288,0.0021,0.0085,0.0472,0.1145,0.1554,0.0612,4309308,100.0,05/10/2026 12:52:30
86860,False,0.175,0.1988,0.2271,0.2589,0.2896,0.2414,0.0017,0.008,0.0406,0.0979,0.1308,0.0134,4311429,100.0,05/10/2026 12:52:30
86878,False,0.1222,0.1391,0.1608,0.1847,0.2136,0.166,0.4825,0.5071,0.5592,0.6086,0.6369,0.6286,4309407,100.0,05/10/2026 12:52:30
86886,False,0.1137,0.1298,0.1509,0.1745,0.2012,0.143,0.4224,0.4642,0.5505,0.6265,0.664,0.6276,4311270,100.0,05/10/2026 12:52:30
86894,False,0.1274,0.1448,0.1666,0.1932,0.2196,0.1673,0.1569,0.1908,0.2616,0.3315,0.3702,0.3092,4309506,100.0,05/10/2026 12:52:31
86908,False,0.116,0.1335,0.1534,0.1762,0.2038,0.1541,0.1292,0.1726,0.2542,0.3343,0.3735,0.303,4311627,100.0,05/10/2026 12:52:28
86916,False,0.1522,0.1714,0.1971,0.2264,0.2568,0.1859,0.3905,0.4182,0.4725,0.5244,0.5538,0.5282,4309605,100.0,05/10/2026 12:52:30
86924,False,0.1175,0.135,0.1557,0.1793,0.2069,0.1698,0.1927,0.2493,0.3509,0.4549,0.5074,0.4252,4311643,100.0,05/10/2026 12:52:30
86932,False,0.1524,0.1732,0.2007,0.2293,0.2644,0.1967,0.0027,0.0124,0.06,0.1382,0.1783,0.0342,4305355,100.0,05/10/2026 12:52:29
86940,False,0.1727,0.1941,0.2227,0.2525,0.2886,0.2195,0.0028,0.011,0.055,0.1188,0.1496,0.0746,4311759,100.0,05/10/2026 12:52:29
86959,False,0.1086,0.1259,0.1455,0.1673,0.1943,0.1485,0.1802,0.2152,0.2792,0.341,0.3745,0.3118,4309704,100.0,05/10/2026 12:52:28
86967,False,0.1404,0.1616,0.1844,0.2115,0.2418,0.1849,0.005,0.0163,0.0718,0.1394,0.1754,0.0932,4311775,100.0,05/10/2026 12:52:29
86975,False,0.1086,0.1246,0.1443,0.1677,0.1915,0.1533,0.3295,0.367,0.4354,0.5054,0.5444,0.5015,4309803,100.0,05/10/2026 12:52:29
86983,False,0.1087,0.1255,0.1462,0.169,0.1959,0.1444,0.3423,0.3934,0.4863,0.5712,0.613,0.5795,4311791,100.0,05/10/2026 12:52:32
86991,False,0.1153,0.1314,0.1521,0.1757,0.2022,0.1566,0.4415,0.475,0.5304,0.5834,0.6115,0.5895,4309902,100.0,05/10/2026 12:52:29
87009,False,0.1775,0.2009,0.2303,0.2625,0.2999,0.2221,0.1385,0.1861,0.2708,0.3513,0.396,0.3223,4311981,100.0,05/10/2026 12:52:30
87017,False,0.1208,0.1376,0.1597,0.1856,0.2149,0.1603,0.3915,0.4207,0.4766,0.5266,0.5543,0.533,4310009,100.0,05/10/2026 12:52:30
87025,False,0.1233,0.1393,0.1604,0.1846,0.2161,0.1663,0.3771,0.4187,0.4801,0.542,0.573,0.5316,4312138,100.0,05/10/2026 12:52:29
87033,False,0.1201,0.1372,0.159,0.1825,0.2116,0.1577,0.3094,0.3403,0.3976,0.4546,0.4824,0.4526,4310108,100.0,05/10/2026 12:52:31
87041,False,0.1163,0.1329,0.1536,0.1776,0.2067,0.1516,0.2133,0.2645,0.3607,0.4546,0.5044,0.4411,4312153,100.0,05/10/2026 12:52:31
87050,False,0.1476,0.168,0.1934,0.2206,0.2573,0.1951,0.1519,0.1826,0.237,0.2908,0.3174,0.2742,4310207,100.0,05/10/2026 12:52:29
87068,False,0.1752,0.1995,0.2293,0.2609,0.2972,0.2176,0.0026,0.009,0.0466,0.1142,0.1634,0.0545,4312252,100.0,05/10/2026 12:52:33
87076,False,0.1332,0.1497,0.1738,0.1993,0.2274,0.178,0.5141,0.5415,0.5945,0.6443,0.6691,0.651,4310306,100.0,05/10/2026 12:52:28
87084,False,0.1091,0.1244,0.1456,0.168,0.1963,0.1567,0.6153,0.6464,0.6948,0.7426,0.7689,0.7608,4312385,100.0,05/10/2026 12:52:30
87092,False,0.1295,0.1461,0.17,0.195,0.2263,0.1681,0.2381,0.2769,0.3438,0.4117,0.4437,0.3952,4310405,100.0,05/10/2026 12:52:30
87106,False,0.1505,0.1677,0.1936,0.2215,0.2553,0.18,0.2139,0.2531,0.3286,0.3934,0.4273,0.3618,4312427,100.0,05/10/2026 12:52:29
87114,False,0.159,0.182,0.2092,0.2392,0.2725,0.2114,0.0169,0.0473,0.1025,0.1598,0.1877,0.1189,4310504,100.0,05/10/2026 12:52:31
87122,False,0.1219,0.1376,0.16,0.1838,0.2086,0.1587,0.3003,0.3435,0.428,0.5099,0.5483,0.5027,4312443,100.0,05/10/2026 12:52:29
87130,False,0.2278,0.2567,0.2914,0.3276,0.3658,0.2931,0.0623,0.0931,0.1483,0.205,0.2317,0.1797,4310603,100.0,05/10/2026 12:52:28
87149,False,0.096,0.1121,0.1295,0.1502,0.1742,0.133,0.445,0.4844,0.5484,0.6148,0.6448,0.6323,4312476,100.0,05/10/2026 12:52:32
87157,False,0.136,0.1556,0.181,0.2084,0.2347,0.1831,0.0103,0.0404,0.1068,0.1722,0.2115,0.1004,4310702,100.0,05/10/2026 12:52:33
87165,False,0.1452,0.165,0.1897,0.2172,0.2474,0.1961,0.0204,0.0511,0.129,0.2129,0.2574,0.1574,4312625,100.0,05/10/2026 12:52:31
87173,False,0.0956,0.109,0.1278,0.1476,0.1701,0.131,0.3025,0.3423,0.4152,0.4922,0.5359,0.4992,4310801,100.0,05/10/2026 12:52:29
87181,False,0.1776,0.2017,0.231,0.2629,0.2931,0.2176,0.3125,0.347,0.4139,0.4759,0.5081,0.4456,4312674,100.0,05/10/2026 12:52:30
87190,False,0.1107,0.1272,0.1478,0.1709,0.1963,0.1531,0.2716,0.3138,0.3945,0.4699,0.5084,0.4531,4310900,100.0,05/10/2026 12:52:29
87203,False,0.0832,0.0943,0.1108,0.1292,0.1488,0.1176,0.2977,0.3606,0.4613,0.5523,0.6045,0.5563,4312955,100.0,05/10/2026 12:52:31
87211,False,0.2057,0.2334,0.266,0.3005,0.3377,0.267,0.0026,0.0101,0.0544,0.1323,0.1658,0.0233,4311007,100.0,05/10/2026 12:52:31
87220,False,0.1044,0.119,0.1387,0.1605,0.1847,0.1506,0.7177,0.7402,0.7808,0.8201,0.8397,0.8436,4313086,100.0,05/10/2026 12:52:31
87238,False,0.1502,0.1706,0.1975,0.2257,0.2558,0.2006,0.1497,0.1875,0.2546,0.3216,0.3523,0.2997,4311106,100.0,05/10/2026 12:52:32
87246,False,0.1834,0.2054,0.2352,0.2661,0.3018,0.2288,0.0151,0.0456,0.1165,0.1836,0.2262,0.1536,4313375,100.0,05/10/2026 12:52:30
87254,False,0.1706,0.1927,0.2216,0.2521,0.2875,0.2205,0.0023,0.0097,0.0528,0.1099,0.1422,0.0754,4311205,100.0,05/10/2026 12:52:29
87262,False,0.1197,0.1376,0.1593,0.1843,0.2101,0.1603,0.0202,0.0492,0.1149,0.1811,0.2147,0.1349,4313490,100.0,05/10/2026 12:52:32
87270,False,0.1542,0.1745,0.2,0.2291,0.2584,0.199,0.2056,0.2372,0.2924,0.3438,0.374,0.3303,4311304,100.0,05/10/2026 12:52:31
87289,False,0.133,0.1503,0.1745,0.2007,0.2291,0.1782,0.3385,0.3729,0.4375,0.5003,0.5338,0.4786,4313425,100.0,05/10/2026 12:52:28
87297,False,0.1613,0.1826,0.2098,0.239,0.2723,0.1972,0.2525,0.2853,0.3514,0.4186,0.4545,0.4146,4311403,100.0,05/10/2026 12:52:28
87300,False,0.1296,0.149,0.1712,0.197,0.228,0.1765,0.0111,0.0389,0.1285,0.2253,0.2774,0.1655,4313441,100.0,05/10/2026 12:52:29
87319,False,0.1691,0.1938,0.2217,0.2522,0.2889,0.2145,0.0073,0.0288,0.0994,0.1699,0.2064,0.0802,4311502,100.0,05/10/2026 12:52:30
87327,False,0.124,0.1438,0.1661,0.1915,0.2164,0.1662,0.4052,0.4472,0.5237,0.591,0.6327,0.6076,4314035,100.0,05/10/2026 12:52:28
87335,False,0.1753,0.1991,0.2272,0.2594,0.2928,0.2282,0.0072,0.0252,0.0886,0.1574,0.1928,0.1101,4311601,100.0,05/10/2026 12:52:31
87343,False,0.1138,0.1299,0.1507,0.1741,0.2002,0.1491,0.1884,0.2219,0.2872,0.3525,0.3904,0.3279,4314076,100.0,05/10/2026 12:52:30
87351,False,0.1211,0.1383,0.1603,0.1845,0.2131,0.1679,0.1882,0.2254,0.2866,0.3487,0.3816,0.3229,4311700,100.0,05/10/2026 12:52:28
87360,False,0.1137,0.1313,0.1515,0.1755,0.2033,0.1517,0.3348,0.3864,0.4783,0.5662,0.6077,0.584,4314423,100.0,05/10/2026 12:52:28
87378,False,0.1206,0.1377,0.1594,0.1833,0.2128,0.1617,0.3815,0.4135,0.4653,0.5209,0.5478,0.5285,4311809,100.0,05/10/2026 12:52:31
87386,False,0.166,0.1878,0.2161,0.2478,0.2794,0.2157,0.0118,0.043,0.1275,0.2143,0.2576,0.1643,4314472,100.0,05/10/2026 12:52:32
87394,False,0.1286,0.1458,0.1685,0.1939,0.2233,0.1724,0.1419,0.179,0.249,0.32,0.3533,0.2845,4311908,100.0,05/10/2026 12:52:31
87408,False,0.1401,0.1584,0.1829,0.2111,0.2419,0.1752,0.0335,0.0771,0.1552,0.2299,0.2707,0.1879,4314498,100.0,05/10/2026 12:52:31
87416,False,0.1341,0.155,0.1784,0.2051,0.2373,0.178,0.0552,0.1045,0.1965,0.2831,0.3341,0.2356,4312005,100.0,05/10/2026 12:52:30
87424,False,0.1092,0.1238,0.1431,0.165,0.1898,0.1547,0.0453,0.0806,0.1541,0.2214,0.2603,0.1761,4314779,100.0,05/10/2026 12:52:30
87432,False,0.1689,0.1915,0.2208,0.2511,0.2838,0.2227,0.0976,0.1391,0.2174,0.2928,0.3343,0.257,4312104,100.0,05/10/2026 12:52:31
87440,False,0.0799,0.0923,0.108,0.1263,0.1457,0.1152,0.3794,0.4271,0.5038,0.575,0.6116,0.5595,4314787,100.0,05/10/2026 12:52:30
87459,False,0.15,0.1696,0.195,0.2244,0.2527,0.1976,0.3355,0.3655,0.4238,0.4797,0.5089,0.462,4312203,100.0,05/10/2026 12:52:29
87467,False,0.1487,0.168,0.194,0.2213,0.2526,0.1862,0.2839,0.3224,0.3947,0.4663,0.5031,0.4362,4315057,100.0,05/10/2026 12:52:31
87475,False,0.1444,0.163,0.1872,0.2136,0.2494,0.1858,0.0021,0.0081,0.0407,0.0977,0.1334,0.0015,4312302,100.0,05/10/2026 12:52:28
87483,False,0.1476,0.1683,0.1926,0.2194,0.2515,0.1877,0.0156,0.0546,0.1511,0.2387,0.2854,0.1822,4315073,100.0,05/10/2026 12:52:31
87491,False,0.1802,0.2045,0.2353,0.2681,0.3037,0.2309,0.0841,0.132,0.2132,0.2872,0.3345,0.269,4312401,100.0,05/10/2026 12:52:29
87505,False,0.0958,0.1091,0.1263,0.1467,0.1728,0.1253,0.4265,0.4715,0.5538,0.6276,0.666,0.6432,4315149,100.0,05/10/2026 12:52:30
87513,False,0.2001,0.229,0.2604,0.2949,0.3318,0.2558,0.164,0.193,0.2536,0.313,0.3485,0.2926,4312500,100.0,05/10/2026 12:52:31
87521,False,0.2089,0.2354,0.268,0.3031,0.3393,0.2618,0.0017,0.0083,0.0493,0.1164,0.1652,0.0516,4315321,100.0,05/10/2026 12:52:29
87530,False,0.143,0.1596,0.1857,0.2142,0.2432,0.1818,0.3783,0.4168,0.4922,0.5593,0.5937,0.5613,4312609,100.0,05/10/2026 12:52:31
87548,False,0.174,0.198,0.2259,0.2572,0.2928,0.227,0.002,0.0086,0.0424,0.1,0.1418,0.0079,4315552,100.0,05/10/2026 12:52:29
87556,False,0.1306,0.1495,0.1729,0.1984,0.2302,0.1699,0.4387,0.4645,0.5103,0.5547,0.5792,0.5595,4312658,100.0,05/10/2026 12:52:31
87564,False,0.155,0.1738,0.2004,0.2283,0.2616,0.1985,0.0023,0.011,0.0588,0.134,0.1795,0.0689,4316428,100.0,05/10/2026 12:52:30
87572,False,0.1794,0.2017,0.2299,0.2614,0.2967,0.2298,0.0654,0.0915,0.1434,0.1908,0.2175,0.1638,4312708,100.0,05/10/2026 12:52:30
87580,False,0.1171,0.1332,0.1542,0.1779,0.2054,0.1521,0.2591,0.3023,0.3805,0.4534,0.4898,0.4309,4316477,100.0,05/10/2026 12:52:29
87599,False,0.1302,0.149,0.1729,0.2002,0.2277,0.1739,0.5081,0.5401,0.5929,0.6447,0.6696,0.653,4312807,100.0,05/10/2026 12:52:30
87602,False,0.1215,0.1379,0.1595,0.1831,0.2135,0.1515,0.367,0.4104,0.4837,0.5595,0.5946,0.5656,4316758,100.0,05/10/2026 12:52:30
87610,False,0.1032,0.1193,0.139,0.1595,0.1847,0.1457,0.6453,0.6643,0.7015,0.7378,0.7579,0.7572,4312906,100.0,05/10/2026 12:52:29
87629,False,0.1266,0.1432,0.1663,0.192,0.221,0.1602,0.3618,0.4101,0.4906,0.5681,0.6111,0.5574,4317251,100.0,05/10/2026 12:52:31
87637,False,0.1159,0.1331,0.1544,0.1768,0.201,0.1591,0.4698,0.5039,0.5702,0.6347,0.6695,0.6438,4313003,100.0,05/10/2026 12:52:28
87645,False,0.114,0.1305,0.1521,0.1746,0.1997,0.1569,0.1459,0.1985,0.3016,0.3956,0.4482,0.3613,4317558,100.0,05/10/2026 12:52:30
87653,False,0.1298,0.1497,0.1734,0.1998,0.2285,0.1775,0.1464,0.1896,0.2676,0.3438,0.3863,0.3196,4313102,100.0,05/10/2026 12:52:30
87661,False,0.0937,0.1083,0.1259,0.1464,0.1674,0.1241,0.4487,0.4831,0.5512,0.6155,0.6424,0.6078,4317756,100.0,05/10/2026 12:52:31
87670,False,0.1262,0.1434,0.1651,0.1892,0.2168,0.1612,0.3614,0.4045,0.4839,0.5625,0.5971,0.581,4313201,100.0,05/10/2026 12:52:28
87688,False,0.1271,0.1452,0.1681,0.1921,0.2221,0.1801,0.223,0.2655,0.3453,0.4205,0.4549,0.384,4317954,100.0,05/10/2026 12:52:28
87696,False,0.1274,0.1446,0.1672,0.1918,0.2203,0.1693,0.4626,0.4988,0.5543,0.6088,0.643,0.6307,4313300,100.0,05/10/2026 12:52:31
87700,False,0.1598,0.1802,0.2063,0.2367,0.2744,0.1993,0.2071,0.2479,0.3286,0.4051,0.4446,0.3751,4318432,100.0,05/10/2026 12:52:29
87718,False,0.1677,0.1919,0.2196,0.2504,0.2837,0.2196,0.2442,0.2791,0.338,0.4017,0.4378,0.3982,4313409,100.0,05/10/2026 12:52:31
87726,False,0.1859,0.209,0.2375,0.2717,0.3001,0.2416,0.3171,0.3478,0.4055,0.4594,0.4863,0.4371,4318622,100.0,05/10/2026 12:52:31
87734,False,0.1793,0.1993,0.228,0.2601,0.2896,0.2277,0.004,0.0162,0.0779,0.1555,0.198,0.1158,4313508,100.0,05/10/2026 12:52:31
87742,False,0.1018,0.1154,0.1344,0.1561,0.1823,0.1361,0.2638,0.3239,0.4208,0.5099,0.5583,0.5003,4318499,100.0,05/10/2026 12:52:30
87750,False,0.1337,0.1509,0.1752,0.2014,0.2331,0.1828,0.0667,0.0985,0.1641,0.2236,0.2563,0.1824,4313607,100.0,05/10/2026 12:52:31
87769,False,0.1666,0.1896,0.2177,0.2484,0.283,0.2052,0.0021,0.0077,0.0395,0.0947,0.1317,0.0256,4318457,100.0,05/10/2026 12:52:32
87777,False,0.1441,0.1635,0.1907,0.2187,0.2494,0.1918,0.1101,0.1349,0.1792,0.2238,0.2494,0.2042,4313706,100.0,05/10/2026 12:52:31
87785,False,0.1732,0.1988,0.2281,0.2595,0.2959,0.2293,0.1774,0.2195,0.3028,0.3847,0.4244,0.3525,4319125,100.0,05/10/2026 12:52:30
87793,False,0.1326,0.1513,0.1744,0.1996,0.2332,0.1731,0.0059,0.0256,0.0985,0.1741,0.2196,0.1303,4313805,100.0,05/10/2026 12:52:32
87807,False,0.0885,0.101,0.118,0.1365,0.1604,0.124,0.3999,0.4453,0.5199,0.5928,0.632,0.6023,4319356,100.0,05/10/2026 12:52:31
87815,False,0.1336,0.1504,0.1749,0.2012,0.2309,0.1797,0.4154,0.4405,0.4895,0.5394,0.5632,0.5488,4313904,100.0,05/10/2026 12:52:29
87823,False,0.1283,0.1464,0.1693,0.1948,0.2206,0.1721,0.1978,0.2457,0.3288,0.4124,0.455,0.3837,4319372,100.0,05/10/2026 12:52:30
87831,False,0.096,0.1107,0.1286,0.1504,0.1742,0.1333,0.5014,0.5357,0.5922,0.6464,0.6792,0.6631,4314001,100.0,05/10/2026 12:52:29
87840,False,0.1354,0.1575,0.1812,0.2073,0.2348,0.188,0.4294,0.4684,0.5451,0.6123,0.6466,0.6093,4319711,100.0,05/10/2026 12:52:28
87858,False,0.1583,0.1816,0.2082,0.237,0.2715,0.2082,0.0852,0.1285,0.1934,0.259,0.2996,0.238,4314100,100.0,05/10/2026 12:52:32
87866,False,0.157,0.1796,0.2045,0.2338,0.2656,0.1856,0.008,0.0306,0.1004,0.1679,0.2077,0.0969,4319737,100.0,05/10/2026 12:52:30
87874,False,0.1998,0.2269,0.258,0.2911,0.3304,0.2517,0.0746,0.118,0.1902,0.2565,0.2936,0.1821,4314209,100.0,05/10/2026 12:52:31
87882,False,0.162,0.1853,0.2131,0.2451,0.2768,0.2103,0.0179,0.0524,0.1463,0.2354,0.2824,0.1912,4320354,100.0,05/10/2026 12:52:31
87890,False,0.1352,0.1536,0.1769,0.2031,0.2333,0.1708,0.2607,0.2948,0.3601,0.4236,0.4589,0.3966,4314308,100.0,05/10/2026 12:52:31
87904,False,0.1379,0.1565,0.1822,0.2086,0.2439,0.1775,0.107,0.1663,0.2795,0.3833,0.4355,0.3481,4320453,100.0,05/10/2026 12:52:29
87912,False,0.1586,0.181,0.2086,0.2389,0.2719,0.2105,0.0046,0.0185,0.0829,0.1637,0.2066,0.0562,4314407,100.0,05/10/2026 12:52:31
87920,False,0.15,0.1709,0.1965,0.2246,0.2524,0.1949,0.3062,0.3517,0.431,0.5044,0.54,0.504,4320552,100.0,05/10/2026 12:52:30
87939,False,0.2157,0.2439,0.2753,0.3115,0.3523,0.2742,0.0871,0.136,0.2222,0.2996,0.3395,0.2152,4314506,100.0,05/10/2026 12:52:29
87947,False,0.1319,0.1505,0.1745,0.2004,0.2276,0.1603,0.0945,0.1477,0.247,0.3406,0.3837,0.3118,4320677,100.0,05/10/2026 12:52:33
87955,False,0.1842,0.2109,0.2406,0.2735,0.3062,0.2442,0.0159,0.0473,0.1151,0.1821,0.2158,0.1006,4314605,100.0,05/10/2026 12:52:29
87963,False,0.1671,0.1902,0.2177,0.249,0.2826,0.2171,0.0061,0.0241,0.081,0.15,0.1875,0.1039,4321477,100.0,05/10/2026 12:52:29
87971,False,0.1686,0.1916,0.2195,0.2508,0.2856,0.2288,0.1787,0.2054,0.2579,0.3089,0.3345,0.2866,4314704,100.0,05/10/2026 12:52:30
87980,False,0.0943,0.109,0.1269,0.1473,0.169,0.1239,0.0621,0.1233,0.2341,0.3382,0.3915,0.2914,4321626,100.0,05/10/2026 12:52:30
87998,False,0.1578,0.177,0.2036,0.2319,0.2654,0.2011,0.1385,0.1774,0.2508,0.3217,0.3571,0.3031,4314803,100.0,05/10/2026 12:52:29
88005,False,0.1486,0.1683,0.194,0.2226,0.2511,0.1992,0.116,0.1604,0.2292,0.3026,0.3426,0.2637,4321832,100.0,05/10/2026 12:52:30
88013,False,0.1896,0.2156,0.246,0.2801,0.3158,0.2466,0.0068,0.0237,0.0944,0.17,0.2054,0.0742,4314902,100.0,05/10/2026 12:52:31
88021,False,0.1554,0.1773,0.2051,0.2338,0.264,0.2115,0.2766,0.323,0.4069,0.4926,0.5311,0.4544,4322186,100.0,05/10/2026 12:52:32
88030,False,0.1663,0.1896,0.2173,0.2483,0.2834,0.2191,0.086,0.1251,0.2004,0.27,0.3075,0.2345,4315008,100.0,05/10/2026 12:52:29
88048,False,0.1219,0.1388,0.1603,0.1841,0.2102,0.1671,0.3974,0.4479,0.532,0.6082,0.6421,0.601,4322350,100.0,05/10/2026 12:52:32
88056,False,0.1319,0.1505,0.1746,0.2004,0.2272,0.1803,0.0699,0.097,0.1459,0.1977,0.2213,0.1667,4315107,100.0,05/10/2026 12:52:31
88064,False,0.1311,0.1497,0.1733,0.1981,0.2293,0.1755,0.1729,0.2129,0.2901,0.3692,0.4103,0.3493,4322533,100.0,05/10/2026 12:52:32
88072,False,0.1764,0.2016,0.2318,0.2621,0.2992,0.2363,0.5463,0.5804,0.6327,0.6838,0.7081,0.6963,4315206,100.0,05/10/2026 12:52:30
88080,False,0.1167,0.1337,0.155,0.1793,0.2065,0.1518,0.221,0.2712,0.3588,0.4495,0.4884,0.4384,4322541,100.0,05/10/2026 12:52:30
88099,False,0.1994,0.2221,0.2537,0.2881,0.3237,0.2531,0.0034,0.0129,0.0599,0.1197,0.1558,0.0837,4315305,100.0,05/10/2026 12:52:29
88102,False,0.1767,0.1989,0.2278,0.2598,0.2957,0.2295,0.0027,0.0093,0.0505,0.1192,0.1515,0.0266,4323457,100.0,05/10/2026 12:52:30
88110,False,0.1794,0.2032,0.2323,0.2663,0.3007,0.2226,0.1292,0.1553,0.2023,0.2478,0.2734,0.1981,4315404,100.0,05/10/2026 12:52:29
88129,False,0.1568,0.177,0.2028,0.2337,0.2679,0.2086,0.0104,0.0325,0.0956,0.1654,0.2049,0.1128,4323754,100.0,05/10/2026 12:52:29
88137,False,0.1625,0.1868,0.2146,0.2448,0.2759,0.2056,0.13,0.1617,0.216,0.2707,0.3024,0.2489,4315503,100.0,05/10/2026 12:52:30
88145,False,0.1638,0.1821,0.2108,0.241,0.2705,0.2119,0.3099,0.3398,0.3983,0.454,0.4826,0.4549,4323804,100.0,05/10/2026 12:52:30
88153,False,0.2208,0.2471,0.28,0.3149,0.3503,0.2803,0.1294,0.1684,0.2445,0.3104,0.3464,0.2374,4315602,100.0,05/10/2026 12:52:31
88161,False,0.1227,0.141,0.1629,0.1865,0.2168,0.1672,0.4506,0.4866,0.5588,0.62,0.6548,0.6288,4302253,100.0,05/10/2026 12:52:32
88170,False,0.1986,0.2252,0.2562,0.2915,0.3293,0.25,0.0053,0.0176,0.0746,0.1365,0.1676,0.0548,4315701,100.0,05/10/2026 12:52:30
88188,False,0.1966,0.224,0.2535,0.2871,0.3229,0.2394,0.0445,0.0898,0.1733,0.2599,0.3036,0.2147,4306379,100.0,05/10/2026 12:52:28
88196,False,0.143,0.161,0.1853,0.2126,0.2439,0.1791,0.2912,0.326,0.3921,0.4557,0.4913,0.4505,4315800,100.0,05/10/2026 12:52:31
88200,False,0.1593,0.1787,0.2057,0.236,0.268,0.1934,0.226,0.2672,0.3374,0.4099,0.4427,0.3819,4304671,100.0,05/10/2026 12:52:30
88218,False,0.1257,0.1438,0.165,0.1915,0.2192,0.1704,0.103,0.14,0.1999,0.2608,0.2961,0.2302,4315909,100.0,05/10/2026 12:52:30
88226,False,0.0767,0.0881,0.1029,0.1195,0.1402,0.1078,0.3649,0.4088,0.4824,0.5535,0.5877,0.5455,4313011,100.0,05/10/2026 12:52:30
88234,False,0.1158,0.1308,0.1527,0.1749,0.2055,0.1549,0.2616,0.2986,0.3629,0.4266,0.4617,0.421,4316006,100.0,05/10/2026 12:52:31
88242,False,0.1399,0.1573,0.183,0.2099,0.2401,0.1882,0.1279,0.1723,0.263,0.3527,0.3996,0.3045,4308250,100.0,05/10/2026 12:52:29
88250,False,0.1205,0.1365,0.1577,0.1818,0.2119,0.1669,0.004,0.0175,0.0667,0.1226,0.1519,0.0887,4316105,100.0,05/10/2026 12:52:29
88269,False,0.1157,0.1304,0.1507,0.1748,0.1988,0.1443,0.3785,0.4217,0.4977,0.5717,0.6062,0.5815,4305447,100.0,05/10/2026 12:52:29
88277,False,0.1055,0.1203,0.1404,0.1621,0.186,0.1498,0.1609,0.1893,0.2525,0.3129,0.3451,0.2814,4316204,100.0,05/10/2026 12:52:31
88285,False,0.1354,0.1546,0.1786,0.2061,0.2347,0.1747,0.0026,0.0098,0.0481,0.1134,0.1453,0.0544,4307450,100.0,05/10/2026 12:52:31
88293,False,0.1339,0.153,0.1767,0.2019,0.2356,0.1773,0.0422,0.0773,0.1401,0.2061,0.2398,0.1682,4316303,100.0,05/10/2026 12:52:30
88307,False,0.1458,0.1647,0.1908,0.2186,0.2466,0.196,0.399,0.4404,0.514,0.5798,0.6178,0.5762,4306759,100.0,05/10/2026 12:52:28
88315,False,0.218,0.2446,0.2784,0.3135,0.3488,0.2767,0.0013,0.0052,0.029,0.0722,0.1019,0.032,4316402,100.0,05/10/2026 12:52:29
88323,False,0.1775,0.2011,0.2304,0.2623,0.3004,0.2083,0.0191,0.0532,0.1362,0.2197,0.2659,0.1674,4309571,100.0,05/10/2026 12:52:30
88331,False,0.1127,0.1293,0.1506,0.1738,0.1986,0.1519,0.364,0.4114,0.4912,0.5735,0.6155,0.5886,4316501,100.0,05/10/2026 12:52:28
88340,False,0.171,0.1942,0.2235,0.2544,0.2898,0.2231,0.0247,0.0689,0.1539,0.2349,0.2831,0.1987,4304713,100.0,05/10/2026 12:52:33
88358,False,0.1114,0.1286,0.1487,0.1714,0.1961,0.1586,0.3964,0.418,0.4581,0.4999,0.5218,0.496,4316600,100.0,05/10/2026 12:52:31
88366,False,0.1573,0.1759,0.2039,0.2319,0.2643,0.189,0.0984,0.1438,0.2262,0.3059,0.3499,0.2691,4308078,100.0,05/10/2026 12:52:30
88374,False,0.1322,0.151,0.1731,0.1989,0.2261,0.1747,0.2846,0.3099,0.3619,0.4124,0.4409,0.3973,4316709,100.0,05/10/2026 12:52:31
88382,False,0.1562,0.1757,0.2036,0.2325,0.2644,0.2045,0.0447,0.0848,0.1528,0.2243,0.2608,0.187,4310538,100.0,05/10/2026 12:52:29
88390,False,0.1528,0.1743,0.2004,0.2296,0.2618,0.1985,0.1438,0.1847,0.2582,0.3367,0.3727,0.32,4316808,100.0,05/10/2026 12:52:30
88404,False,0.1509,0.1719,0.1977,0.2277,0.2605,0.1932,0.1601,0.2044,0.2955,0.3797,0.4221,0.3511,4307815,100.0,05/10/2026 12:52:30
88412,False,0.1847,0.213,0.2424,0.2765,0.3132,0.2435,0.0024,0.0107,0.0533,0.1219,0.164,0.0835,4316907,100.0,05/10/2026 12:52:30
88420,False,0.1583,0.1798,0.2085,0.2379,0.2691,0.2188,0.015,0.0462,0.1244,0.2013,0.2384,0.1207,4302055,100.0,05/10/2026 12:52:30
88439,False,0.2133,0.2373,0.27,0.3038,0.3397,0.2592,0.0028,0.011,0.0533,0.1243,0.1608,0.075,4317004,100.0,05/10/2026 12:52:29
88447,False,0.2268,0.2559,0.2902,0.3258,0.371,0.2754,0.0096,0.0423,0.1187,0.2057,0.2517,0.1564,4311718,100.0,05/10/2026 12:52:31
88455,False,0.2399,0.2652,0.302,0.34,0.382,0.3028,0.0091,0.0321,0.1021,0.1758,0.2155,0.0828,4317103,100.0,05/10/2026 12:52:33
88463,False,0.1232,0.141,0.1634,0.1879,0.2187,0.1539,0.1886,0.2362,0.3273,0.4107,0.4594,0.3854,4306551,100.0,05/10/2026 12:52:30
88471,False,0.1478,0.1659,0.1915,0.2187,0.2485,0.1874,0.3037,0.3364,0.393,0.4529,0.4871,0.4533,4317202,100.0,05/10/2026 12:52:30
88480,False,0.1967,0.2217,0.2531,0.288,0.3262,0.2384,0.0691,0.1063,0.1804,0.2525,0.2848,0.2038,4322376,100.0,05/10/2026 12:52:29
88498,False,0.241,0.2706,0.3051,0.3439,0.3815,0.2978,0.017,0.0526,0.1262,0.2004,0.238,0.1091,4317301,100.0,05/10/2026 12:52:31
88501,False,0.151,0.1694,0.1953,0.2233,0.2545,0.1881,0.3222,0.3579,0.4232,0.4853,0.5148,0.472,4322327,100.0,05/10/2026 12:52:31
88510,False,0.2139,0.2413,0.2729,0.3102,0.349,0.2724,0.1365,0.1691,0.2303,0.2927,0.3272,0.2747,4317400,100.0,05/10/2026 12:52:29
88528,False,0.1187,0.1356,0.1573,0.1822,0.2102,0.1653,0.0031,0.0137,0.0687,0.1403,0.1792,0.0861,4306072,100.0,05/10/2026 12:52:30
88536,False,0.1901,0.2108,0.2421,0.2731,0.3061,0.2423,0.0694,0.1012,0.1616,0.2229,0.2599,0.1988,4317509,100.0,05/10/2026 12:52:33
88544,False,0.1791,0.2034,0.2323,0.2645,0.3034,0.2292,0.4077,0.4407,0.4998,0.5528,0.5775,0.5405,4312617,100.0,05/10/2026 12:52:32
88552,False,0.1722,0.1957,0.2232,0.2548,0.2893,0.2233,0.1171,0.1534,0.2225,0.2889,0.3244,0.2704,4317608,100.0,05/10/2026 12:52:31
88560,False,0.1092,0.1244,0.1451,0.1674,0.1941,0.1562,0.2298,0.2791,0.365,0.4496,0.4931,0.4197,4313334,100.0,05/10/2026 12:52:30
88579,False,0.1861,0.2124,0.244,0.2764,0.3077,0.2384,0.0064,0.0255,0.0825,0.1419,0.1688,0.0696,4317707,100.0,05/10/2026 12:52:29
88587,False,0.1526,0.1746,0.2007,0.2284,0.2638,0.1953,0.0096,0.0328,0.1193,0.2085,0.257,0.1543,4311130,100.0,05/10/2026 12:52:30
88595,False,0.1467,0.1652,0.1892,0.2161,0.2491,0.1893,0.0728,0.1065,0.1624,0.2183,0.2497,0.1912,4317806,100.0,05/10/2026 12:52:30
88609,False,0.1045,0.1198,0.1391,0.1614,0.1877,0.1329,0.3002,0.3472,0.433,0.5173,0.5549,0.4959,4322343,100.0,05/10/2026 12:52:30
88617,False,0.099,0.1126,0.1323,0.1539,0.1747,0.1323,0.1324,0.1747,0.2444,0.3132,0.3462,0.2912,4317905,100.0,05/10/2026 12:52:29
88625,False,0.2334,0.2626,0.2979,0.3346,0.3743,0.2718,0.0023,0.0078,0.0425,0.1047,0.1413,0.0082,4301875,100.0,05/10/2026 12:52:29
88633,False,0.2002,0.2266,0.2584,0.2911,0.3307,0.2643,0.0013,0.0049,0.0269,0.0646,0.0914,0.0166,4318002,100.0,05/10/2026 12:52:29
88641,False,0.179,0.2015,0.2308,0.2628,0.2976,0.2301,0.0033,0.011,0.0599,0.1354,0.1831,0.0298,4305124,100.0,05/10/2026 12:52:28
88650,False,0.1779,0.201,0.2297,0.2615,0.2927,0.2222,0.0065,0.0269,0.079,0.1409,0.1711,0.1068,4318101,100.0,05/10/2026 12:52:31
88668,False,0.1856,0.2071,0.2378,0.2711,0.3108,0.2287,0.0951,0.1408,0.2259,0.3082,0.35,0.2725,4322525,100.0,05/10/2026 12:52:28
88676,False,0.179,0.2022,0.2305,0.2626,0.3009,0.2263,0.0574,0.0905,0.1532,0.2102,0.2463,0.1851,4318200,100.0,05/10/2026 12:52:30
88684,False,0.1559,0.1774,0.2042,0.2335,0.2663,0.1855,0.1729,0.2099,0.284,0.3559,0.3891,0.3266,4313391,100.0,05/10/2026 12:52:31
88692,False,0.2172,0.2468,0.2802,0.3155,0.3593,0.2763,0.003,0.0112,0.0571,0.1161,0.1522,0.0818,4318309,100.0,05/10/2026 12:52:32
88706,False,0.1321,0.15,0.174,0.1995,0.2292,0.1714,0.0536,0.1021,0.2,0.2925,0.3399,0.2412,4320578,100.0,05/10/2026 12:52:29
88714,False,0.1813,0.2054,0.2351,0.2678,0.3044,0.2275,0.0024,0.0083,0.0425,0.1016,0.1411,0.0276,4318408,100.0,05/10/2026 12:52:29
88722,False,0.1442,0.1655,0.191,0.2172,0.2518,0.1885,0.0168,0.0511,0.122,0.1911,0.2265,0.1455,4320859,100.0,05/10/2026 12:52:29
88730,False,0.1726,0.198,0.2262,0.2574,0.2932,0.224,0.0024,0.0082,0.0472,0.12,0.1675,0.0449,4318507,100.0,05/10/2026 12:52:32
88749,False,0.1005,0.1153,0.1336,0.1557,0.1781,0.1456,0.4415,0.4826,0.5457,0.6021,0.6311,0.592,4323358,100.0,05/10/2026 12:52:30
88757,False,0.1111,0.1258,0.1459,0.1684,0.1968,0.1594,0.3805,0.4128,0.4676,0.5209,0.5463,0.5136,4318606,100.0,05/10/2026 12:52:29
88765,False,0.1091,0.1246,0.1449,0.1663,0.19,0.143,0.3859,0.4177,0.4759,0.5344,0.5623,0.5128,4320321,100.0,05/10/2026 12:52:29
88773,False,0.1873,0.2135,0.2442,0.2762,0.3183,0.2418,0.0202,0.0517,0.1212,0.1878,0.2233,0.1597,4318705,100.0,05/10/2026 12:52:31
88781,False,0.1358,0.1547,0.1796,0.2051,0.2349,0.1799,0.6231,0.655,0.709,0.7578,0.7813,0.782,4322855,100.0,05/10/2026 12:52:31
88790,False,0.1701,0.193,0.2213,0.2528,0.29,0.2216,0.139,0.1701,0.231,0.2911,0.3242,0.2726,4318804,100.0,05/10/2026 12:52:29
88803,False,0.1689,0.1933,0.2209,0.2532,0.2933,0.2325,0.2546,0.2941,0.3619,0.4264,0.459,0.4021,4312377,100.0,05/10/2026 12:52:31
88811,False,0.1935,0.216,0.2471,0.2798,0.316,0.2472,0.0347,0.0655,0.12,0.1801,0.2057,0.1494,4318903,100.0,05/10/2026 12:52:29
88820,False,0.1417,0.1597,0.1843,0.2109,0.2454,0.1784,0.3055,0.3406,0.4105,0.4813,0.5182,0.4707,4312054,100.0,05/10/2026 12:52:31
88838,False,0.121,0.1376,0.1593,0.1827,0.2143,0.1603,0.4672,0.4989,0.556,0.6112,0.6418,0.6334,4319000,100.0,05/10/2026 12:52:31
88846,False,0.2395,0.2665,0.3007,0.3359,0.3788,0.2988,0.0425,0.098,0.1823,0.2667,0.3111,0.1751,4305439,100.0,05/10/2026 12:52:32
88854,False,0.1192,0.1354,0.1576,0.1817,0.2087,0.1546,0.3199,0.3551,0.4167,0.4768,0.5038,0.4645,4319109,100.0,05/10/2026 12:52:29
88862,False,0.1374,0.155,0.1786,0.2054,0.2343,0.1796,0.278,0.3092,0.366,0.4255,0.4573,0.4115,4300877,100.0,05/10/2026 12:52:32
88870,False,0.1792,0.2021,0.2318,0.2625,0.3002,0.2272,0.0307,0.0615,0.1231,0.1836,0.2175,0.1173,4319208,100.0,05/10/2026 12:52:29
88889,False,0.149,0.1689,0.1948,0.2226,0.2568,0.185,0.23,0.2674,0.3453,0.419,0.46,0.3972,4314068,100.0,05/10/2026 12:52:32
88897,False,0.1363,0.1556,0.1792,0.2065,0.2375,0.1753,0.1064,0.1454,0.2154,0.2869,0.3274,0.2543,4319307,100.0,05/10/2026 12:52:33
88900,False,0.1467,0.1675,0.1925,0.2217,0.2535,0.1902,0.1975,0.2407,0.3192,0.3993,0.4376,0.3675,4321493,100.0,05/10/2026 12:52:30
88919,False,0.1739,0.1952,0.2248,0.2553,0.2879,0.2232,0.0648,0.0997,0.1735,0.2495,0.2871,0.2178,4319406,100.0,05/10/2026 12:52:30
88927,False,0.2552,0.2803,0.3182,0.3554,0.3986,0.3104,0.0044,0.0177,0.0753,0.1445,0.1858,0.1041,4301636,100.0,05/10/2026 12:52:30
88935,False,0.1502,0.1718,0.1968,0.2252,0.2533,0.197,0.2045,0.2369,0.3081,0.3776,0.4087,0.366,4319505,100.0,05/10/2026 12:52:30
88943,False,0.1273,0.1451,0.1675,0.1928,0.2207,0.1591,0.0244,0.0684,0.1599,0.2497,0.2976,0.2027,4311734,100.0,05/10/2026 12:52:29
88951,False,0.1818,0.2038,0.234,0.2677,0.3031,0.2284,0.0017,0.0067,0.0364,0.092,0.1244,0.0103,4319604,100.0,05/10/2026 12:52:29
88978,False,0.129,0.1477,0.1701,0.1949,0.2255,0.1767,0.2963,0.3299,0.3914,0.4521,0.4834,0.4232,4319703,100.0,05/10/2026 12:52:31
88986,False,0.1921,0.2174,0.2483,0.2827,0.319,0.2444,0.1607,0.1971,0.2719,0.3449,0.3786,0.3159,4300034,100.0,05/10/2026 12:52:28
88994,False,0.1417,0.1612,0.1857,0.213,0.2419,0.1841,0.2213,0.253,0.3077,0.3593,0.3864,0.3497,4319901,100.0,05/10/2026 12:52:31
89001,False,0.1205,0.1378,0.1596,0.1823,0.2125,0.1563,0.2445,0.2973,0.3898,0.4737,0.5104,0.4521,4300471,100.0,05/10/2026 12:52:30
89010,False,0.2043,0.2281,0.2609,0.295,0.3329,0.2572,0.0022,0.0085,0.0414,0.1019,0.1379,0.0387,4320008,100.0,05/10/2026 12:52:30
89028,False,0.0971,0.1103,0.129,0.1493,0.1754,0.1242,0.6214,0.6495,0.6997,0.7472,0.7738,0.7698,4301073,100.0,05/10/2026 12:52:30
89036,False,0.1218,0.138,0.1604,0.1848,0.2123,0.1607,0.287,0.3144,0.3628,0.4121,0.4376,0.4038,4320107,100.0,05/10/2026 12:52:30
89044,False,0.1527,0.1747,0.2006,0.2299,0.265,0.1948,0.3865,0.4277,0.5002,0.5613,0.588,0.5412,4302220,100.0,05/10/2026 12:52:30
89052,False,0.128,0.1453,0.1677,0.1922,0.2233,0.1701,0.1804,0.2092,0.2641,0.3189,0.3459,0.299,4320206,100.0,05/10/2026 12:52:30
89060,False,0.1283,0.1448,0.169,0.194,0.2236,0.155,0.2538,0.2903,0.3684,0.4396,0.4758,0.4068,4302238,100.0,05/10/2026 12:52:31
89079,False,0.1179,0.1358,0.1576,0.1815,0.2129,0.1582,0.4221,0.455,0.5123,0.5654,0.5928,0.5627,4320305,100.0,05/10/2026 12:52:30
89087,False,0.1305,0.1505,0.1734,0.1987,0.2277,0.1575,0.3787,0.411,0.4766,0.5401,0.5703,0.5184,4302584,100.0,05/10/2026 12:52:28
89095,False,0.1124,0.1291,0.1496,0.1729,0.1973,0.157,0.4406,0.4732,0.5231,0.5725,0.5991,0.5813,4320404,100.0,05/10/2026 12:52:32
89109,False,0.1063,0.1207,0.1405,0.1634,0.1895,0.1375,0.0113,0.0393,0.145,0.27,0.3264,0.2084,4304614,100.0,05/10/2026 12:52:33
89117,False,0.1147,0.1326,0.1532,0.1768,0.2056,0.1507,0.2966,0.3279,0.3859,0.447,0.4762,0.4328,4320503,100.0,05/10/2026 12:52:31
89125,False,0.1483,0.1699,0.1959,0.2242,0.2559,0.1873,0.0353,0.0814,0.1644,0.2489,0.2931,0.1936,4304622,100.0,05/10/2026 12:52:31
89133,False,0.1102,0.1265,0.1466,0.1697,0.1979,0.1519,0.196,0.2473,0.3363,0.4157,0.4574,0.3954,4320602,100.0,05/10/2026 12:52:29
89141,False,0.1914,0.2182,0.2471,0.2801,0.3229,0.2476,0.0024,0.009,0.0457,0.1116,0.1506,0.0483,4304655,100.0,05/10/2026 12:52:29
89150,False,0.1965,0.2194,0.2506,0.2854,0.3235,0.2547,0.2301,0.2621,0.3261,0.386,0.4204,0.3801,4304630,100.0,05/10/2026 12:52:30
89168,False,0.1469,0.1666,0.1923,0.2204,0.2526,0.1951,0.4382,0.4839,0.5737,0.654,0.6935,0.6591,4305835,100.0,05/10/2026 12:52:29
89176,False,0.1542,0.1702,0.1965,0.2248,0.2561,0.1934,0.1931,0.2351,0.3052,0.3751,0.4113,0.3627,4320701,100.0,05/10/2026 12:52:31
89184,False,0.1098,0.1247,0.145,0.1672,0.1941,0.1499,0.4551,0.4964,0.5763,0.6422,0.6751,0.6386,4305934,100.0,05/10/2026 12:52:29
89192,False,0.1562,0.175,0.203,0.2306,0.2656,0.1969,0.1099,0.1396,0.1929,0.2414,0.2696,0.2231,4320800,100.0,05/10/2026 12:52:31
89206,False,0.1124,0.1282,0.149,0.1716,0.1963,0.1482,0.387,0.4307,0.5059,0.5747,0.6057,0.5647,4306130,100.0,05/10/2026 12:52:29
89214,False,0.1141,0.1303,0.1509,0.1741,0.2002,0.1571,0.4793,0.5053,0.5515,0.6008,0.625,0.6138,4320909,100.0,05/10/2026 12:52:30
89222,False,0.1119,0.1266,0.1471,0.1694,0.197,0.1407,0.3721,0.4079,0.4765,0.5385,0.5718,0.5224,4308433,100.0,05/10/2026 12:52:31
89230,False,0.1307,0.1478,0.1705,0.1955,0.2259,0.1721,0.2129,0.2399,0.2981,0.3563,0.3829,0.3363,4321006,100.0,05/10/2026 12:52:29
89247,False,0.1211,0.1364,0.1579,0.1814,0.2126,0.1668,0.4323,0.4759,0.546,0.6103,0.6464,0.606,4316733,100.0,05/10/2026 12:52:31
89249,False,0.132,0.1487,0.1727,0.1974,0.232,0.1753,0.1437,0.1803,0.256,0.3237,0.3638,0.2942,4310652,100.0,05/10/2026 12:52:30
89257,False,0.1859,0.2122,0.2422,0.2762,0.3123,0.2359,0.0071,0.0252,0.0804,0.1396,0.169,0.1053,4321105,100.0,05/10/2026 12:52:29
89265,False,0.1366,0.1534,0.1771,0.2029,0.2352,0.1709,0.0051,0.0205,0.0893,0.1825,0.229,0.1151,4310876,100.0,05/10/2026 12:52:29
89273,False,0.168,0.1914,0.22,0.2512,0.2879,0.219,0.2814,0.3077,0.3604,0.4124,0.4445,0.411,4321204,100.0,05/10/2026 12:52:29
89281,False,0.1446,0.1648,0.189,0.2161,0.2444,0.1899,0.0634,0.1098,0.2082,0.2995,0.3442,0.2552,4311239,100.0,05/10/2026 12:52:30
89290,False,0.1529,0.172,0.1985,0.2278,0.2636,0.1942,0.1066,0.1356,0.195,0.2614,0.2926,0.2359,4321303,100.0,05/10/2026 12:52:30
89303,False,0.1292,0.1469,0.1701,0.1953,0.2266,0.1695,0.0604,0.1121,0.2122,0.312,0.3584,0.261,4312179,100.0,05/10/2026 12:52:30
89311,False,0.1508,0.1716,0.1975,0.225,0.2596,0.1956,0.0039,0.0139,0.0638,0.1279,0.1607,0.0869,4321402,100.0,05/10/2026 12:52:31
89320,False,0.1194,0.138,0.1592,0.1834,0.2119,0.162,0.0073,0.0327,0.1266,0.2243,0.2798,0.1583,4313466,100.0,05/10/2026 12:52:31
89338,False,0.1808,0.2036,0.2331,0.2651,0.2993,0.2377,0.1237,0.162,0.2384,0.3137,0.3515,0.2917,4321501,100.0,05/10/2026 12:52:31
89346,False,0.1054,0.1184,0.1378,0.1601,0.1836,0.1421,0.3093,0.355,0.4355,0.5205,0.5552,0.5032,4314134,100.0,05/10/2026 12:52:30
89354,False,0.2277,0.2546,0.2879,0.3244,0.3617,0.2865,0.0348,0.0733,0.1451,0.2159,0.2638,0.1873,4321600,100.0,05/10/2026 12:52:30
89362,False,0.1811,0.2064,0.2365,0.2693,0.3002,0.2352,0.0948,0.1346,0.2048,0.275,0.3096,0.2244,4314464,100.0,05/10/2026 12:52:29
89370,False,0.1223,0.1403,0.1626,0.1876,0.2163,0.1636,0.2816,0.3169,0.3833,0.4475,0.4848,0.4436,4321709,100.0,05/10/2026 12:52:33
89389,False,0.1506,0.1722,0.1991,0.2279,0.2603,0.1949,0.2397,0.2872,0.3661,0.4473,0.4893,0.4161,4315313,100.0,05/10/2026 12:52:29
89397,False,0.1239,0.1414,0.1636,0.1889,0.2184,0.1587,0.3272,0.3565,0.4105,0.4668,0.4988,0.4663,4321808,100.0,05/10/2026 12:52:30
89400,False,0.1484,0.1684,0.1936,0.2217,0.2592,0.1891,0.0044,0.0188,0.0836,0.1644,0.2067,0.1058,4315958,100.0,05/10/2026 12:52:30
89419,False,0.1371,0.1571,0.1818,0.2082,0.2356,0.1805,0.0838,0.1198,0.1851,0.2511,0.2897,0.2245,4321907,100.0,05/10/2026 12:52:30
89435,False,0.1769,0.1996,0.2304,0.2621,0.2978,0.2281,0.1255,0.1615,0.2291,0.2968,0.3273,0.2749,4322004,100.0,05/10/2026 12:52:30
89443,False,0.1799,0.2047,0.2345,0.2669,0.3037,0.216,0.0119,0.0436,0.13,0.2145,0.2634,0.1647,4316972,100.0,05/10/2026 12:52:32
89451,False,0.1171,0.1347,0.1562,0.1809,0.2067,0.1568,0.3582,0.3871,0.445,0.4992,0.5257,0.4903,4322103,100.0,05/10/2026 12:52:31
89460,False,0.1073,0.1234,0.1424,0.1645,0.1918,0.1429,0.26,0.3215,0.4506,0.566,0.6277,0.5802,4318614,100.0,05/10/2026 12:52:30
89478,False,0.1759,0.2017,0.2305,0.2626,0.2957,0.2317,0.0692,0.0955,0.147,0.2002,0.2298,0.1731,4322202,100.0,05/10/2026 12:52:29
89486,False,0.1549,0.1757,0.2005,0.2301,0.2646,0.1996,0.0025,0.0096,0.05,0.1202,0.1551,0.0358,4319364,100.0,05/10/2026 12:52:29
89494,False,0.1238,0.1414,0.1636,0.188,0.2148,0.1648,0.4203,0.4568,0.5115,0.567,0.5951,0.5765,4322301,100.0,05/10/2026 12:52:31
89508,False,0.1199,0.1377,0.1594,0.1834,0.2082,0.1596,0.1657,0.2142,0.2948,0.3723,0.4109,0.3408,4321469,100.0,05/10/2026 12:52:29
89516,False,0.2251,0.2561,0.2883,0.3272,0.367,0.291,0.1657,0.1974,0.258,0.3163,0.3477,0.302,4322400,100.0,05/10/2026 12:52:30
89524,False,0.1036,0.1185,0.1378,0.1592,0.1848,0.1343,0.3414,0.3927,0.492,0.5829,0.6292,0.5972,4323770,100.0,05/10/2026 12:52:31
89532,False,0.1722,0.1937,0.2227,0.2537,0.2907,0.2271,0.3392,0.3672,0.4173,0.4697,0.4942,0.4697,4322509,100.0,05/10/2026 12:52:31
89540,False,0.1142,0.1296,0.1506,0.1735,0.202,0.1586,0.6226,0.6557,0.704,0.7535,0.776,0.774,4314548,100.0,05/10/2026 12:52:31
89559,False,0.1557,0.1752,0.2007,0.2303,0.2616,0.1988,0.2317,0.2683,0.3361,0.4025,0.441,0.3998,4322608,100.0,05/10/2026 12:52:31
89567,False,0.2092,0.2351,0.2663,0.3017,0.3406,0.2558,0.0326,0.0708,0.1619,0.2505,0.293,0.1569,4314175,100.0,05/10/2026 12:52:29
89575,False,0.1056,0.1212,0.1401,0.162,0.1869,0.139,0.1447,0.1808,0.2542,0.3249,0.3602,0.3089,4322707,100.0,05/10/2026 12:52:30
89591,False,0.1257,0.1415,0.1636,0.189,0.2145,0.1683,0.5115,0.5419,0.5944,0.6483,0.6773,0.6724,4322806,100.0,05/10/2026 12:52:32
89613,False,0.1154,0.132,0.1522,0.1769,0.2042,0.1582,0.3806,0.4146,0.4714,0.5267,0.5537,0.5166,4322905,100.0,05/10/2026 12:52:31
89630,False,0.1924,0.2193,0.2483,0.2809,0.3175,0.2438,0.0033,0.0099,0.0582,0.1289,0.1654,0.0265,4323002,100.0,05/10/2026 12:52:32
89656,False,0.1609,0.1843,0.2118,0.242,0.2756,0.2135,0.1921,0.2233,0.2824,0.3408,0.3669,0.3069,4323101,100.0,05/10/2026 12:52:29
89672,False,0.2207,0.2494,0.2823,0.3179,0.3582,0.2786,0.076,0.1107,0.1743,0.2359,0.2705,0.2092,4313656,100.0,05/10/2026 12:52:30
89699,False,0.1274,0.1459,0.169,0.1942,0.227,0.1645,0.3747,0.4159,0.4868,0.5503,0.5841,0.5416,4323200,100.0,05/10/2026 12:52:31
89710,False,0.1873,0.2097,0.2402,0.2735,0.309,0.2372,0.0175,0.0488,0.1245,0.1964,0.2375,0.1544,4321352,100.0,05/10/2026 12:52:31
89737,False,0.1623,0.1857,0.2132,0.2435,0.2815,0.2114,0.0026,0.0115,0.0624,0.1425,0.1824,0.0299,4304663,100.0,05/10/2026 12:52:31
89753,False,0.16,0.1801,0.2079,0.2372,0.2664,0.2037,0.0043,0.0175,0.0735,0.1388,0.1696,0.0996,4316451,100.0,05/10/2026 12:52:29
89770,False,0.121,0.1393,0.1604,0.1844,0.2158,0.1667,0.4482,0.4909,0.5645,0.6364,0.6721,0.6515,4305959,100.0,05/10/2026 12:52:28
98213,False,0.1421,0.1594,0.1851,0.211,0.2423,0.1753,0.2028,0.2501,0.3337,0.4158,0.456,0.4078,4321451,100.0,05/10/2026 12:52:30
98230,False,0.1044,0.1185,0.1379,0.1601,0.1858,0.1409,0.4898,0.5193,0.58,0.6379,0.6673,0.6601,4302352,100.0,05/10/2026 12:52:29
98256,False,0.1348,0.1511,0.1746,0.1999,0.236,0.1717,0.2192,0.2457,0.3036,0.3609,0.3915,0.3528,4314050,100.0,05/10/2026 12:52:29
98272,False,0.1175,0.1331,0.1544,0.1789,0.2062,0.1466,0.1926,0.2399,0.3096,0.3726,0.4066,0.3484,4308458,100.0,05/10/2026 12:52:30
98299,False,0.1379,0.157,0.1814,0.2091,0.2415,0.184,0.0011,0.0048,0.0282,0.068,0.098,0.0205,4311155,100.0,05/10/2026 12:52:28
80004,False,0.1648,0.1875,0.2148,0.2448,0.2777,0.2153,0.0474,0.0773,0.137,0.1965,0.2296,0.1643,4211058,100.0,05/10/2026 12:52:18
80012,False,0.1852,0.2102,0.2404,0.2747,0.3112,0.2467,0.165,0.1909,0.2432,0.2953,0.3242,0.2733,4200101,100.0,05/10/2026 12:52:23
80020,False,0.1154,0.1317,0.1527,0.1763,0.2064,0.1568,0.3312,0.3713,0.4497,0.5247,0.5636,0.5321,4207650,100.0,05/10/2026 12:52:21
80039,False,0.1131,0.1294,0.1512,0.1744,0.1953,0.1557,0.5569,0.577,0.6163,0.6527,0.6734,0.6616,4200200,100.0,05/10/2026 12:52:23
80047,False,0.1514,0.1737,0.1994,0.2286,0.2627,0.2009,0.2478,0.2915,0.3706,0.4474,0.4824,0.432,4209854,100.0,05/10/2026 12:52:20
80055,False,0.0892,0.1014,0.1172,0.1351,0.1578,0.1209,0.599,0.6222,0.6653,0.7063,0.7286,0.719,4200309,100.0,05/10/2026 12:52:21
80063,False,0.1338,0.1518,0.1751,0.2007,0.2323,0.1705,0.4271,0.4598,0.5143,0.5665,0.5946,0.5763,4201257,100.0,05/10/2026 12:52:24
80071,False,0.1436,0.163,0.1886,0.2162,0.2449,0.1965,0.408,0.4349,0.4874,0.5403,0.5643,0.536,4200408,100.0,05/10/2026 12:52:21
80080,False,0.1337,0.1512,0.1752,0.2009,0.2365,0.175,0.4923,0.526,0.5958,0.6601,0.6908,0.6777,4205159,100.0,05/10/2026 12:52:23
80098,False,0.1331,0.1551,0.1788,0.2053,0.2329,0.1866,0.0085,0.0366,0.1017,0.1653,0.2004,0.1259,4200507,100.0,05/10/2026 12:52:24
80101,False,0.1418,0.1629,0.1872,0.214,0.2492,0.1881,0.1684,0.2054,0.2702,0.3367,0.3651,0.3051,4209151,100.0,05/10/2026 12:52:20
80110,False,0.1055,0.1203,0.1395,0.1618,0.1859,0.1329,0.3683,0.4081,0.4771,0.5433,0.5813,0.5501,4200606,100.0,05/10/2026 12:52:21
80128,False,0.1278,0.1436,0.1669,0.1926,0.2221,0.1599,0.347,0.385,0.449,0.5116,0.5466,0.5071,4219358,100.0,05/10/2026 12:52:20
80136,False,0.1154,0.1315,0.1513,0.1746,0.2005,0.143,0.5036,0.5305,0.5751,0.6189,0.6425,0.6269,4200705,100.0,05/10/2026 12:52:22
80144,False,0.1267,0.1465,0.1697,0.1946,0.2254,0.1652,0.1805,0.2272,0.3037,0.3794,0.4201,0.3453,4218855,100.0,05/10/2026 12:52:19
80152,False,0.1221,0.1388,0.1608,0.1852,0.2134,0.1679,0.0901,0.1364,0.2095,0.2804,0.3228,0.2483,4200804,100.0,05/10/2026 12:52:24
80160,False,0.1573,0.1796,0.2068,0.2366,0.2676,0.1959,0.1902,0.2365,0.3275,0.4093,0.4562,0.3827,4218954,100.0,05/10/2026 12:52:21
80179,False,0.1016,0.1173,0.1365,0.1572,0.1791,0.1285,0.1697,0.2143,0.298,0.3764,0.4203,0.3596,4200903,100.0,05/10/2026 12:52:21
80187,False,0.101,0.1147,0.1327,0.1536,0.1779,0.1336,0.3631,0.3979,0.4615,0.5254,0.5593,0.5191,4207759,100.0,05/10/2026 12:52:22
80195,False,0.1503,0.1679,0.194,0.2215,0.2518,0.1973,0.0264,0.0562,0.1269,0.1955,0.2343,0.1568,4201000,100.0,05/10/2026 12:52:21
80209,False,0.194,0.2219,0.2531,0.2867,0.3219,0.2522,0.0634,0.0989,0.1623,0.2232,0.2522,0.1927,4218251,100.0,05/10/2026 12:52:22
80217,False,0.1286,0.1478,0.1697,0.1947,0.2228,0.1571,0.2539,0.2997,0.3738,0.4499,0.4918,0.4328,4201109,100.0,05/10/2026 12:52:23
80225,False,0.1297,0.146,0.1716,0.1974,0.229,0.1686,0.228,0.2681,0.3364,0.4075,0.444,0.3723,4200051,100.0,05/10/2026 12:52:20
80233,False,0.1003,0.115,0.1343,0.1551,0.1797,0.1363,0.5013,0.5351,0.5909,0.6501,0.6771,0.6701,4201208,100.0,05/10/2026 12:52:20
80241,False,0.1472,0.1657,0.1918,0.2189,0.2517,0.1898,0.3667,0.3959,0.4554,0.5114,0.5417,0.5101,4215653,100.0,05/10/2026 12:52:21
80250,False,0.1714,0.1942,0.222,0.2526,0.2864,0.2206,0.3232,0.3521,0.4039,0.4567,0.484,0.4554,4201307,100.0,05/10/2026 12:52:22
80268,False,0.1342,0.1531,0.1752,0.2022,0.2312,0.176,0.0798,0.1248,0.2092,0.2913,0.33,0.2527,4204152,100.0,05/10/2026 12:52:22
80276,False,0.1613,0.1829,0.2103,0.2407,0.2742,0.2071,0.3152,0.3487,0.4058,0.4627,0.4985,0.466,4201406,100.0,05/10/2026 12:52:20
80284,False,0.0934,0.1076,0.1259,0.1476,0.1685,0.1227,0.2843,0.3272,0.3976,0.4624,0.4985,0.4413,4217550,100.0,05/10/2026 12:52:24
80292,False,0.1117,0.1278,0.1486,0.171,0.2008,0.1506,0.4259,0.4551,0.5073,0.5544,0.5838,0.5598,4201505,100.0,05/10/2026 12:52:22
80306,False,0.156,0.178,0.205,0.2337,0.2652,0.2124,0.3933,0.4268,0.4931,0.5597,0.5896,0.5726,4204251,100.0,05/10/2026 12:52:23
80314,False,0.1319,0.1518,0.175,0.2015,0.2283,0.168,0.4366,0.479,0.5507,0.6204,0.6551,0.63,4201604,100.0,05/10/2026 12:52:18
80322,False,0.0951,0.108,0.1261,0.1462,0.1709,0.1257,0.0271,0.0685,0.1437,0.2195,0.2589,0.1748,4211454,100.0,05/10/2026 12:52:23
80330,False,0.1333,0.1519,0.1754,0.2017,0.2317,0.1796,0.5565,0.5848,0.6321,0.6771,0.7053,0.6961,4201703,100.0,05/10/2026 12:52:23
80349,False,0.1216,0.1396,0.1621,0.1882,0.2158,0.1689,0.4547,0.4833,0.532,0.5787,0.6042,0.5819,4215679,100.0,05/10/2026 12:52:20
80357,False,0.0996,0.1124,0.1304,0.1515,0.1783,0.13,0.5763,0.6054,0.6536,0.7029,0.7275,0.7111,4201802,100.0,05/10/2026 12:52:22
80365,False,0.1094,0.1241,0.1433,0.165,0.189,0.1425,0.4162,0.4512,0.5148,0.5715,0.5982,0.553,4210852,100.0,05/10/2026 12:52:19
80373,False,0.0885,0.1006,0.1176,0.1361,0.1599,0.1225,0.5905,0.6188,0.6647,0.7062,0.7302,0.7247,4201901,100.0,05/10/2026 12:52:19
80381,False,0.1297,0.1495,0.1715,0.1983,0.2288,0.1724,0.0016,0.0074,0.0435,0.103,0.1309,0.0118,4204178,100.0,05/10/2026 12:52:21
80390,False,0.1806,0.2022,0.2308,0.261,0.298,0.2325,0.3891,0.4192,0.4755,0.531,0.5672,0.5422,4202008,100.0,05/10/2026 12:52:22
80403,False,0.1662,0.1879,0.2152,0.2454,0.2781,0.2115,0.2348,0.2729,0.3362,0.4003,0.4365,0.3877,4212254,100.0,05/10/2026 12:52:20
80411,False,0.1755,0.1977,0.2263,0.2582,0.2953,0.2304,0.4135,0.4369,0.4806,0.5241,0.5476,0.5318,4202107,100.0,05/10/2026 12:52:22
80420,False,0.1074,0.121,0.1417,0.1631,0.1894,0.1433,0.5453,0.5709,0.6247,0.6747,0.6988,0.6833,4202859,100.0,05/10/2026 12:52:22
80438,False,0.12,0.1358,0.1561,0.181,0.207,0.1619,0.5712,0.5992,0.6455,0.6901,0.7171,0.7178,4202206,100.0,05/10/2026 12:52:23
80446,False,0.0916,0.1045,0.122,0.1417,0.1619,0.1172,0.0235,0.0638,0.1482,0.2355,0.2775,0.1825,4217758,100.0,05/10/2026 12:52:23
80454,False,0.1594,0.1812,0.2077,0.2371,0.2725,0.2052,0.2163,0.2537,0.3192,0.3891,0.4238,0.3784,4202305,100.0,05/10/2026 12:52:22
80462,False,0.1453,0.1644,0.1896,0.2179,0.2473,0.1801,0.0624,0.1095,0.1854,0.2591,0.3031,0.2116,4219150,100.0,05/10/2026 12:52:20
80470,False,0.1464,0.1669,0.1922,0.2202,0.2478,0.1944,0.3392,0.379,0.451,0.5222,0.5677,0.5349,4202404,100.0,05/10/2026 12:52:22
80489,False,0.1,0.1149,0.1332,0.1542,0.1803,0.1353,0.3071,0.3412,0.4142,0.4828,0.5179,0.4726,4201273,100.0,05/10/2026 12:52:21
80497,False,0.1567,0.1796,0.2067,0.2361,0.2707,0.195,0.3015,0.3405,0.4003,0.4616,0.4932,0.4503,4202602,100.0,05/10/2026 12:52:21
80500,False,0.0909,0.1045,0.1217,0.1406,0.1619,0.1231,0.1024,0.1528,0.2497,0.3363,0.3874,0.3013,4200556,100.0,05/10/2026 12:52:18
80519,False,0.1041,0.1204,0.1394,0.1614,0.1884,0.141,0.507,0.5348,0.5826,0.6306,0.6561,0.6371,4202701,100.0,05/10/2026 12:52:23
80527,False,0.1153,0.133,0.1541,0.1772,0.2038,0.1554,0.0027,0.0099,0.0501,0.1145,0.1503,0.0695,4206652,100.0,05/10/2026 12:52:23
80535,False,0.1289,0.1462,0.1685,0.1941,0.2248,0.1681,0.5108,0.5405,0.5905,0.6418,0.672,0.664,4202800,100.0,05/10/2026 12:52:23
80543,False,0.1113,0.1271,0.1473,0.1711,0.1976,0.1482,0.0033,0.0138,0.0643,0.1414,0.1898,0.0858,4213153,100.0,05/10/2026 12:52:19
80551,False,0.1255,0.1435,0.1663,0.1902,0.2158,0.1706,0.47,0.4951,0.5452,0.5882,0.6169,0.6068,4202909,100.0,05/10/2026 12:52:18
80560,False,0.1166,0.1325,0.1532,0.1772,0.2048,0.1534,0.1452,0.1878,0.2588,0.3288,0.3662,0.3008,4215075,100.0,05/10/2026 12:52:24
80578,False,0.1797,0.2044,0.2337,0.2659,0.2988,0.2351,0.173,0.2036,0.2655,0.3303,0.364,0.3155,4203006,100.0,05/10/2026 12:52:18
80586,False,0.1083,0.1226,0.1421,0.1637,0.1882,0.1433,0.2473,0.293,0.3786,0.4597,0.4946,0.4231,4209458,100.0,05/10/2026 12:52:20
80594,False,0.128,0.1458,0.1687,0.1944,0.2252,0.1732,0.4192,0.4477,0.4983,0.544,0.5732,0.5398,4203105,100.0,05/10/2026 12:52:18
80608,False,0.1259,0.1441,0.1673,0.1921,0.2229,0.1616,0.1808,0.2311,0.315,0.3936,0.43,0.3658,4215059,100.0,05/10/2026 12:52:22
80616,False,0.1746,0.1961,0.225,0.2564,0.2924,0.2305,0.3638,0.3973,0.4508,0.5025,0.5285,0.5095,4203204,100.0,05/10/2026 12:52:20
80624,False,0.1696,0.1943,0.2219,0.2542,0.2899,0.2177,0.0035,0.014,0.0667,0.1354,0.1752,0.0856,4212270,100.0,05/10/2026 12:52:24
80632,False,0.1354,0.1535,0.1784,0.2039,0.2356,0.1859,0.5571,0.5842,0.6288,0.6694,0.6917,0.6886,4203303,100.0,05/10/2026 12:52:19
80640,False,0.088,0.1017,0.1187,0.1374,0.1599,0.1226,0.4102,0.4576,0.5393,0.6136,0.6494,0.6348,4216255,100.0,05/10/2026 12:52:24
80659,False,0.1527,0.1738,0.2007,0.2294,0.263,0.2007,0.1008,0.1298,0.1897,0.2461,0.2765,0.2135,4203402,100.0,05/10/2026 12:52:21
80667,False,0.2098,0.2359,0.2688,0.3034,0.341,0.2425,0.0805,0.1152,0.1902,0.2622,0.2974,0.1853,4203154,100.0,05/10/2026 12:52:20
80675,False,0.1645,0.1877,0.2158,0.2462,0.2765,0.2075,0.0024,0.0091,0.0471,0.1057,0.1353,0.0648,4203501,100.0,05/10/2026 12:52:22
80683,False,0.1838,0.2077,0.2371,0.2685,0.3059,0.2357,0.3386,0.3676,0.4167,0.4703,0.4917,0.4646,4202057,100.0,05/10/2026 12:52:19
80691,False,0.1723,0.1937,0.2232,0.2524,0.2875,0.2261,0.331,0.3529,0.3995,0.4443,0.4679,0.4416,4203600,100.0,05/10/2026 12:52:17
80705,False,0.1363,0.1547,0.1782,0.2063,0.2342,0.1855,0.036,0.0727,0.1566,0.2394,0.2806,0.1953,4212239,100.0,05/10/2026 12:52:24
80713,False,0.1387,0.1565,0.1824,0.2092,0.2396,0.1865,0.4629,0.4864,0.53,0.5722,0.5942,0.5757,4203709,100.0,05/10/2026 12:52:21
80721,False,0.104,0.1192,0.1373,0.1597,0.1852,0.1281,0.14,0.1927,0.283,0.376,0.4165,0.3377,4215554,100.0,05/10/2026 12:52:18
80730,False,0.1583,0.1804,0.207,0.2363,0.2708,0.2135,0.3209,0.3527,0.4121,0.4689,0.5015,0.4732,4203808,100.0,05/10/2026 12:52:19
80748,False,0.1234,0.1388,0.1606,0.1862,0.2128,0.1546,0.224,0.2692,0.3452,0.4208,0.4572,0.3869,4202156,100.0,05/10/2026 12:52:18
80756,False,0.1441,0.1632,0.1876,0.2163,0.252,0.1914,0.2408,0.2747,0.3297,0.387,0.4217,0.3775,4203907,100.0,05/10/2026 12:52:23
80764,False,0.1216,0.1391,0.161,0.1861,0.213,0.1559,0.1897,0.2297,0.3035,0.3731,0.4102,0.336,4211652,100.0,05/10/2026 12:52:17
80772,False,0.1103,0.1261,0.1469,0.1698,0.1958,0.1514,0.2709,0.2992,0.3595,0.4173,0.4446,0.4061,4204004,100.0,05/10/2026 12:52:22
80780,False,0.1381,0.1561,0.1804,0.2076,0.2398,0.1777,0.0049,0.0239,0.1149,0.2281,0.2916,0.1627,4217154,100.0,05/10/2026 12:52:22
80799,False,0.1144,0.1297,0.1503,0.1735,0.1985,0.1516,0.012,0.04,0.103,0.1672,0.2038,0.1253,4204103,100.0,05/10/2026 12:52:19
80802,False,0.1176,0.1336,0.1537,0.1781,0.2023,0.1467,0.0618,0.125,0.2306,0.3326,0.3853,0.2904,4201653,100.0,05/10/2026 12:52:18
80810,False,0.1403,0.1597,0.1846,0.2117,0.2435,0.1865,0.2005,0.2332,0.2954,0.3567,0.3887,0.3465,4204202,100.0,05/10/2026 12:52:18
80829,False,0.1565,0.1763,0.2026,0.2316,0.2686,0.2083,0.0773,0.1067,0.1628,0.2183,0.2481,0.1576,4207684,100.0,05/10/2026 12:52:22
80837,False,0.1434,0.1649,0.1898,0.2167,0.2504,0.1944,0.3387,0.3737,0.4304,0.4896,0.5255,0.4935,4204301,100.0,05/10/2026 12:52:21
80845,False,0.1297,0.1489,0.1722,0.1986,0.2287,0.1622,0.2705,0.3077,0.3844,0.4536,0.4856,0.4183,4211850,100.0,05/10/2026 12:52:22
80853,False,0.1191,0.1365,0.1572,0.1823,0.2083,0.1653,0.2329,0.2581,0.3078,0.354,0.3812,0.3373,4204400,100.0,05/10/2026 12:52:23
80861,False,0.1373,0.156,0.1806,0.207,0.2397,0.1785,0.0301,0.071,0.1555,0.2386,0.2783,0.178,4207858,100.0,05/10/2026 12:52:17
80870,False,0.1008,0.117,0.136,0.1578,0.1831,0.1397,0.4888,0.516,0.5652,0.6153,0.6448,0.6321,4204509,100.0,05/10/2026 12:52:20
80888,False,0.1392,0.1588,0.182,0.2101,0.2411,0.1887,0.0272,0.0658,0.1517,0.2299,0.2722,0.1813,4205431,100.0,05/10/2026 12:52:18
80896,False,0.1657,0.1867,0.2143,0.2453,0.2773,0.2116,0.3075,0.3451,0.412,0.4759,0.5124,0.484,4204608,100.0,05/10/2026 12:52:22
80900,False,0.1573,0.1795,0.2067,0.236,0.2727,0.1905,0.1063,0.1496,0.2304,0.3102,0.3558,0.263,4210050,100.0,05/10/2026 12:52:18
80918,False,0.1055,0.1206,0.1404,0.1628,0.1854,0.1361,0.6134,0.6342,0.6723,0.7109,0.7298,0.7307,4204707,100.0,05/10/2026 12:52:18
80926,False,0.1823,0.2044,0.235,0.2676,0.3037,0.2388,0.1155,0.156,0.2289,0.3001,0.3349,0.253,4213351,100.0,05/10/2026 12:52:19
80934,False,0.181,0.2071,0.2368,0.2697,0.3053,0.2401,0.2416,0.2722,0.3279,0.3832,0.4113,0.3731,4204806,100.0,05/10/2026 12:52:22
80942,False,0.1924,0.2186,0.2494,0.2836,0.3171,0.2409,0.1606,0.1944,0.2664,0.3295,0.366,0.2981,4216057,100.0,05/10/2026 12:52:19
80950,False,0.118,0.135,0.1567,0.1816,0.2047,0.1586,0.225,0.2671,0.339,0.4118,0.4523,0.4018,4204905,100.0,05/10/2026 12:52:22
80969,False,0.1262,0.1427,0.1647,0.1899,0.218,0.1703,0.1517,0.1889,0.2594,0.33,0.3672,0.299,4219176,100.0,05/10/2026 12:52:24
80977,False,0.1987,0.2244,0.2547,0.291,0.329,0.2545,0.1235,0.1528,0.2025,0.2531,0.2759,0.2284,4205001,100.0,05/10/2026 12:52:17
80985,False,0.1707,0.1956,0.2242,0.2561,0.2877,0.2173,0.334,0.3644,0.4224,0.4813,0.5155,0.4814,4202453,100.0,05/10/2026 12:52:20
80993,False,0.1255,0.1454,0.1683,0.1935,0.2218,0.1704,0.3523,0.3991,0.4847,0.5658,0.6039,0.5749,4205100,100.0,05/10/2026 12:52:24
81000,False,0.1277,0.1468,0.1695,0.1943,0.2226,0.1752,0.5401,0.5614,0.5965,0.6325,0.6517,0.6397,4215455,100.0,05/10/2026 12:52:22
81019,False,0.1231,0.1403,0.1628,0.1876,0.2172,0.1681,0.3773,0.4127,0.4694,0.5271,0.5564,0.5184,4205209,100.0,05/10/2026 12:52:21
81027,False,0.1362,0.1582,0.1825,0.2099,0.2406,0.1822,0.2384,0.272,0.3331,0.3959,0.425,0.386,4203956,100.0,05/10/2026 12:52:22
81035,False,0.1197,0.1369,0.1577,0.1827,0.2111,0.1616,0.009,0.0298,0.0926,0.1564,0.191,0.1202,4205308,100.0,05/10/2026 12:52:23
81043,False,0.0998,0.1156,0.1342,0.155,0.1799,0.1349,0.2709,0.308,0.3757,0.44,0.4699,0.4207,4204350,100.0,05/10/2026 12:52:23
81051,False,0.1637,0.1863,0.213,0.2426,0.275,0.2093,0.0027,0.0105,0.0551,0.1308,0.1791,0.0872,4205407,100.0,05/10/2026 12:52:24
81060,False,0.14,0.1598,0.1835,0.2102,0.2419,0.175,0.3756,0.4005,0.4517,0.4998,0.5235,0.5043,4205456,100.0,05/10/2026 12:52:18
81078,False,0.1565,0.1762,0.2014,0.2308,0.263,0.2045,0.2991,0.3277,0.3812,0.4356,0.4654,0.4317,4205506,100.0,05/10/2026 12:52:21
81086,False,0.1081,0.1238,0.1434,0.1664,0.1917,0.1338,0.4889,0.5266,0.5827,0.6391,0.6691,0.6411,4211256,100.0,05/10/2026 12:52:23
81094,False,0.1254,0.14,0.1617,0.1868,0.2126,0.1618,0.1902,0.2215,0.2952,0.3632,0.4008,0.3246,4205605,100.0,05/10/2026 12:52:17
81108,False,0.1218,0.1379,0.1602,0.1852,0.217,0.1636,0.0608,0.1128,0.2044,0.2906,0.3367,0.2401,4204459,100.0,05/10/2026 12:52:17
81116,False,0.1342,0.1525,0.1769,0.2031,0.2362,0.175,0.4598,0.4842,0.5335,0.5805,0.6056,0.594,4206009,100.0,05/10/2026 12:52:21
81124,False,0.122,0.1377,0.1598,0.1846,0.211,0.1626,0.5485,0.5726,0.6172,0.6571,0.679,0.6589,4216354,100.0,05/10/2026 12:52:22
81132,False,0.1637,0.1843,0.2109,0.2414,0.2791,0.2049,0.1444,0.1752,0.2416,0.3053,0.3402,0.2853,4205704,100.0,05/10/2026 12:52:22
81140,False,0.1002,0.115,0.1339,0.1545,0.1775,0.1265,0.1295,0.1819,0.2787,0.3734,0.4165,0.3313,4208955,100.0,05/10/2026 12:52:19
81159,False,0.1439,0.1636,0.1886,0.2156,0.2472,0.1901,0.4096,0.438,0.4859,0.5329,0.5588,0.5372,4205803,100.0,05/10/2026 12:52:21
81167,False,0.1091,0.1243,0.144,0.1672,0.1939,0.1301,0.4574,0.4882,0.5505,0.6067,0.6394,0.6029,4205191,100.0,05/10/2026 12:52:22
81175,False,0.1419,0.1642,0.1881,0.2147,0.2428,0.1929,0.3926,0.4264,0.4825,0.536,0.5687,0.5498,4205902,100.0,05/10/2026 12:52:23
81183,False,0.1091,0.1271,0.1456,0.1683,0.1937,0.1409,0.3361,0.376,0.4457,0.5127,0.5509,0.5103,4217253,100.0,05/10/2026 12:52:24
81191,False,0.0994,0.1133,0.1313,0.1518,0.176,0.1238,0.5177,0.5431,0.598,0.6488,0.6756,0.6632,4206108,100.0,05/10/2026 12:52:24
81205,False,0.1334,0.1534,0.1768,0.2034,0.2356,0.1829,0.0085,0.0316,0.1248,0.2234,0.2808,0.1551,4215695,100.0,05/10/2026 12:52:23
81213,False,0.1216,0.1397,0.1609,0.1846,0.2108,0.1543,0.4381,0.473,0.5269,0.5784,0.6088,0.5915,4206207,100.0,05/10/2026 12:52:24
81221,False,0.1305,0.1477,0.1705,0.1967,0.2307,0.1787,0.3466,0.3753,0.4381,0.497,0.5305,0.489,4202131,100.0,05/10/2026 12:52:24
81230,False,0.0989,0.113,0.1313,0.152,0.1754,0.1355,0.4946,0.5237,0.5716,0.6203,0.6464,0.6377,4206306,100.0,05/10/2026 12:52:23
81248,False,0.1427,0.1645,0.1886,0.2166,0.2461,0.179,0.2131,0.2569,0.343,0.4218,0.4693,0.4073,4203253,100.0,05/10/2026 12:52:21
81256,False,0.1012,0.1159,0.134,0.1555,0.1836,0.1349,0.2064,0.2403,0.3111,0.3831,0.4189,0.366,4206405,100.0,05/10/2026 12:52:23
81264,False,0.1483,0.1703,0.1949,0.2242,0.2604,0.1872,0.1092,0.1546,0.2446,0.3296,0.3638,0.2897,4211892,100.0,05/10/2026 12:52:23
81272,False,0.1447,0.1628,0.1882,0.2151,0.245,0.194,0.4301,0.4595,0.5115,0.5589,0.5881,0.5748,4206504,100.0,05/10/2026 12:52:23
81280,False,0.132,0.149,0.1719,0.198,0.2264,0.1525,0.2376,0.2695,0.3382,0.4017,0.4355,0.3736,4202438,100.0,05/10/2026 12:52:22
81299,False,0.1429,0.1627,0.1865,0.2149,0.2438,0.1941,0.1786,0.2216,0.2977,0.3735,0.4166,0.3482,4206603,100.0,05/10/2026 12:52:18
81302,False,0.122,0.1394,0.1619,0.1853,0.2149,0.1561,0.1566,0.215,0.3294,0.4375,0.4881,0.4137,4200754,100.0,05/10/2026 12:52:18
81310,False,0.1541,0.174,0.1992,0.229,0.2648,0.203,0.2794,0.3112,0.3683,0.4257,0.453,0.4186,4206702,100.0,05/10/2026 12:52:18
81329,False,0.117,0.1322,0.1529,0.1776,0.2055,0.1534,0.3062,0.3488,0.4267,0.4996,0.5313,0.4753,4205555,100.0,05/10/2026 12:52:23
81337,False,0.1236,0.1407,0.1629,0.1874,0.2163,0.1644,0.4324,0.4698,0.5292,0.5837,0.6117,0.5764,4206801,100.0,05/10/2026 12:52:20
81345,False,0.1393,0.1599,0.1837,0.2104,0.243,0.1744,0.2078,0.262,0.35,0.4378,0.4774,0.4195,4218350,100.0,05/10/2026 12:52:22
81353,False,0.1673,0.1897,0.2175,0.2486,0.2805,0.2224,0.424,0.4628,0.5259,0.5858,0.6172,0.6048,4206900,100.0,05/10/2026 12:52:20
81361,False,0.101,0.1141,0.1345,0.1558,0.1834,0.1403,0.4244,0.464,0.5334,0.6011,0.6368,0.6048,4207577,100.0,05/10/2026 12:52:23
81370,False,0.1509,0.1723,0.1988,0.2273,0.2588,0.1976,0.4,0.427,0.4789,0.532,0.56,0.5433,4207007,100.0,05/10/2026 12:52:20
81388,False,0.1259,0.1426,0.1653,0.191,0.2201,0.1648,0.0252,0.0591,0.1385,0.2165,0.2588,0.1658,4202537,100.0,05/10/2026 12:52:23
81396,False,0.1483,0.1703,0.195,0.2243,0.2538,0.1983,0.4754,0.5032,0.5488,0.5958,0.6213,0.6086,4207106,100.0,05/10/2026 12:52:23
81400,False,0.1343,0.1519,0.1759,0.2016,0.2351,0.1702,0.2831,0.3207,0.3983,0.4756,0.5139,0.4438,4206751,100.0,05/10/2026 12:52:18
81418,False,0.1747,0.1947,0.2226,0.2553,0.2857,0.2172,0.0467,0.0782,0.1393,0.198,0.2274,0.1673,4207205,100.0,05/10/2026 12:52:23
81426,False,0.1322,0.1501,0.1727,0.1987,0.2291,0.1675,0.0464,0.0857,0.1499,0.2134,0.2469,0.1451,4205175,100.0,05/10/2026 12:52:22
81434,False,0.1932,0.22,0.2508,0.2847,0.3232,0.2443,0.0962,0.1324,0.2016,0.2668,0.308,0.2462,4207304,100.0,05/10/2026 12:52:18
81442,False,0.1302,0.1494,0.1724,0.1989,0.2295,0.166,0.0045,0.0143,0.074,0.168,0.2153,0.0995,4211876,100.0,05/10/2026 12:52:18
81450,False,0.0966,0.1095,0.1277,0.147,0.1699,0.1283,0.5143,0.5466,0.5963,0.6437,0.6686,0.6573,4207403,100.0,05/10/2026 12:52:23
81469,False,0.0937,0.1073,0.1254,0.1452,0.1683,0.1283,0.2684,0.3131,0.3919,0.4726,0.5094,0.4401,4202578,100.0,05/10/2026 12:52:21
81477,False,0.1467,0.1669,0.1931,0.2217,0.252,0.1995,0.4417,0.4726,0.5309,0.5894,0.6211,0.6101,4207502,100.0,05/10/2026 12:52:24
81485,False,0.1358,0.1543,0.1776,0.2044,0.232,0.1687,0.0076,0.0272,0.1039,0.1874,0.2323,0.1282,4215752,100.0,05/10/2026 12:52:22
81493,False,0.0999,0.1137,0.1322,0.1539,0.1771,0.1346,0.1822,0.223,0.2972,0.3688,0.4067,0.3416,4207601,100.0,05/10/2026 12:52:22
81507,False,0.1493,0.1707,0.196,0.2262,0.2572,0.1918,0.0022,0.0084,0.0468,0.116,0.1575,0.0355,4215687,100.0,05/10/2026 12:52:22
81515,False,0.1568,0.1756,0.2017,0.231,0.261,0.203,0.0617,0.1036,0.1918,0.2728,0.3124,0.2392,4207700,100.0,05/10/2026 12:52:19
81523,False,0.1429,0.164,0.1899,0.2168,0.2455,0.1828,0.0025,0.0095,0.0469,0.1152,0.1511,0.0029,4215356,100.0,05/10/2026 12:52:24
81531,False,0.1339,0.1521,0.1749,0.2013,0.2327,0.1715,0.1935,0.236,0.3112,0.3813,0.4152,0.365,4207809,100.0,05/10/2026 12:52:23
81540,False,0.1194,0.1355,0.1562,0.1803,0.2093,0.1545,0.1085,0.1491,0.2362,0.3194,0.3657,0.2745,4209177,100.0,05/10/2026 12:52:17
81558,False,0.128,0.1467,0.1699,0.1955,0.2249,0.1728,0.3561,0.3875,0.4439,0.4978,0.5287,0.4989,4207908,100.0,05/10/2026 12:52:21
81566,False,0.1503,0.1689,0.1954,0.2228,0.2539,0.1882,0.2573,0.2913,0.3648,0.4327,0.4674,0.4136,4212056,100.0,05/10/2026 12:52:19
81574,False,0.1236,0.1415,0.1625,0.1875,0.2152,0.1628,0.0419,0.0988,0.1922,0.2935,0.343,0.2534,4208005,100.0,05/10/2026 12:52:24
81582,False,0.1308,0.1461,0.1687,0.1944,0.2248,0.1732,0.0331,0.079,0.1681,0.254,0.3013,0.2095,4202081,100.0,05/10/2026 12:52:19
81590,False,0.1408,0.1599,0.1835,0.2107,0.2394,0.1862,0.533,0.5513,0.5875,0.6249,0.6457,0.6387,4208104,100.0,05/10/2026 12:52:24
81604,False,0.1267,0.1469,0.1694,0.1954,0.2235,0.1623,0.0421,0.0922,0.2037,0.3193,0.3772,0.2645,4205357,100.0,05/10/2026 12:52:18
81612,False,0.1485,0.1724,0.1982,0.2263,0.2591,0.1971,0.3424,0.3759,0.4317,0.4879,0.5199,0.4961,4208203,100.0,05/10/2026 12:52:22
81620,False,0.0919,0.1051,0.1226,0.1422,0.1646,0.119,0.3393,0.3887,0.4752,0.5537,0.5937,0.5416,4204756,100.0,05/10/2026 12:52:24
81639,False,0.1699,0.1926,0.2195,0.2516,0.2886,0.2256,0.4663,0.4909,0.5334,0.5771,0.5998,0.5908,4208302,100.0,05/10/2026 12:52:23
81647,False,0.1062,0.1213,0.1417,0.1647,0.1957,0.1427,0.266,0.3128,0.3965,0.4828,0.5281,0.4637,4214151,100.0,05/10/2026 12:52:21
81655,False,0.145,0.1626,0.1875,0.2156,0.2456,0.1888,0.3636,0.4022,0.4758,0.5424,0.5732,0.557,4208401,100.0,05/10/2026 12:52:24
81663,False,0.1931,0.2189,0.2491,0.2825,0.32,0.2501,0.2997,0.3289,0.3866,0.4448,0.4714,0.4417,4208450,100.0,05/10/2026 12:52:24
81671,False,0.1179,0.1349,0.1566,0.1801,0.2107,0.1614,0.5542,0.5772,0.6174,0.6582,0.68,0.6776,4208500,100.0,05/10/2026 12:52:22
81680,False,0.1219,0.1391,0.1618,0.186,0.2147,0.1659,0.0713,0.1196,0.209,0.2999,0.3437,0.2484,4217956,100.0,05/10/2026 12:52:19
81698,False,0.0992,0.1132,0.1316,0.1534,0.1753,0.1341,0.3798,0.4131,0.4768,0.5395,0.5731,0.5357,4208609,100.0,05/10/2026 12:52:23
81701,False,0.088,0.1015,0.1181,0.1375,0.1618,0.1182,0.3708,0.414,0.4911,0.5648,0.6009,0.5629,4204194,100.0,05/10/2026 12:52:22
81710,False,0.1269,0.143,0.1655,0.1893,0.2223,0.1693,0.4811,0.5098,0.5624,0.6102,0.6367,0.6233,4208708,100.0,05/10/2026 12:52:23
81728,False,0.1812,0.2049,0.2351,0.2685,0.3036,0.2281,0.1813,0.2129,0.273,0.3334,0.3635,0.3141,4201950,100.0,05/10/2026 12:52:22
81736,False,0.1436,0.1617,0.1862,0.2132,0.2413,0.1882,0.3835,0.4134,0.4598,0.5121,0.5403,0.5142,4208807,100.0,05/10/2026 12:52:23
81744,False,0.186,0.2144,0.2442,0.2783,0.3141,0.2421,0.2263,0.2634,0.3244,0.3835,0.421,0.3738,4202073,100.0,05/10/2026 12:52:20
81752,False,0.1144,0.1331,0.1536,0.1776,0.204,0.1559,0.4249,0.4572,0.5142,0.5702,0.6009,0.5872,4208906,100.0,05/10/2026 12:52:22
81760,False,0.1152,0.1342,0.1553,0.1789,0.2068,0.1568,0.0321,0.08,0.1854,0.2893,0.3524,0.2375,4202099,100.0,05/10/2026 12:52:17
81779,False,0.1505,0.1717,0.1966,0.2261,0.2604,0.1994,0.3736,0.4022,0.4591,0.514,0.5492,0.5226,4209003,100.0,05/10/2026 12:52:23
81787,False,0.152,0.1721,0.1973,0.2252,0.2584,0.1801,0.1902,0.2253,0.2891,0.3499,0.3802,0.3099,4202875,100.0,05/10/2026 12:52:22
81795,False,0.1369,0.1574,0.1825,0.2089,0.2396,0.1833,0.3624,0.3987,0.4655,0.5273,0.562,0.5432,4209102,100.0,05/10/2026 12:52:20
81809,False,0.0883,0.1003,0.1178,0.1372,0.156,0.1197,0.4754,0.512,0.5748,0.6327,0.6647,0.6483,4210035,100.0,05/10/2026 12:52:22
81817,False,0.0911,0.1039,0.1218,0.1423,0.1633,0.1253,0.4562,0.4924,0.5571,0.6174,0.65,0.608,4209201,100.0,05/10/2026 12:52:23
81825,False,0.1127,0.1271,0.1475,0.1718,0.1962,0.1554,0.1612,0.2012,0.2713,0.3384,0.3725,0.3038,4219853,100.0,05/10/2026 12:52:22
81833,False,0.1658,0.187,0.2145,0.2455,0.2799,0.2153,0.2763,0.3052,0.3615,0.4169,0.4486,0.4144,4209300,100.0,05/10/2026 12:52:22
81850,False,0.1745,0.1966,0.2249,0.257,0.294,0.2151,0.111,0.1429,0.21,0.2747,0.3073,0.2521,4209409,100.0,05/10/2026 12:52:18
81876,False,0.0854,0.0972,0.114,0.1314,0.1514,0.1184,0.4823,0.5132,0.5676,0.6174,0.6443,0.6278,4209508,100.0,05/10/2026 12:52:20
81892,False,0.1518,0.1715,0.1962,0.2242,0.2588,0.1878,0.2497,0.2833,0.3515,0.4164,0.4558,0.4097,4209607,100.0,05/10/2026 12:52:24
81914,False,0.1675,0.1899,0.2185,0.2487,0.2853,0.2141,0.0017,0.0074,0.041,0.0999,0.1382,0.0563,4209706,100.0,05/10/2026 12:52:20
81930,False,0.1093,0.1252,0.1458,0.1679,0.1933,0.1433,0.3927,0.4289,0.5003,0.5683,0.6024,0.5681,4209805,100.0,05/10/2026 12:52:18
81957,False,0.1325,0.1496,0.1738,0.2,0.2296,0.1791,0.4953,0.5218,0.5672,0.6143,0.6385,0.6262,4209904,100.0,05/10/2026 12:52:19
81973,False,0.0967,0.1099,0.1279,0.1483,0.17,0.1293,0.5585,0.5832,0.6271,0.6713,0.6946,0.6894,4210001,100.0,05/10/2026 12:52:20
81990,False,0.1417,0.1606,0.1854,0.2127,0.2451,0.189,0.4178,0.4513,0.506,0.5607,0.5919,0.5785,4210100,100.0,05/10/2026 12:52:21
82015,False,0.1687,0.1911,0.2187,0.2498,0.2835,0.2138,0.3556,0.3905,0.4567,0.5218,0.5547,0.5154,4210209,100.0,05/10/2026 12:52:18
82031,False,0.1395,0.1576,0.1826,0.2102,0.243,0.1828,0.2871,0.3265,0.3957,0.461,0.4958,0.4562,4210308,100.0,05/10/2026 12:52:22
82058,False,0.1264,0.1456,0.1669,0.192,0.2204,0.165,0.3582,0.3914,0.4517,0.5092,0.5383,0.5192,4210506,100.0,05/10/2026 12:52:24
82066,False,0.1241,0.1403,0.1634,0.1883,0.2165,0.1554,0.2671,0.3074,0.3822,0.4527,0.4896,0.4252,4210555,100.0,05/10/2026 12:52:18
82074,False,0.1175,0.1325,0.1531,0.1763,0.2015,0.159,0.5688,0.5984,0.6461,0.6909,0.7209,0.718,4210605,100.0,05/10/2026 12:52:24
82090,False,0.1917,0.2162,0.2474,0.2801,0.3196,0.2335,0.0035,0.0123,0.0625,0.1406,0.1869,0.0743,4210704,100.0,05/10/2026 12:52:24
82112,False,0.0935,0.1078,0.1262,0.1464,0.1715,0.1266,0.5396,0.5635,0.6104,0.6531,0.6766,0.6651,4210803,100.0,05/10/2026 12:52:22
82139,False,0.0981,0.1135,0.1322,0.153,0.1775,0.131,0.1796,0.2369,0.334,0.4227,0.4579,0.406,4210902,100.0,05/10/2026 12:52:20
82155,False,0.1043,0.1201,0.1396,0.1613,0.1861,0.1431,0.1401,0.1838,0.2654,0.3425,0.3915,0.3216,4211009,100.0,05/10/2026 12:52:22
82171,False,0.1373,0.1564,0.1801,0.2073,0.2378,0.179,0.2197,0.2492,0.3116,0.3725,0.4027,0.3525,4211108,100.0,05/10/2026 12:52:22
82198,False,0.14,0.1587,0.1838,0.2117,0.2443,0.1831,0.5377,0.5612,0.6035,0.6463,0.6726,0.6629,4211207,100.0,05/10/2026 12:52:22
82210,False,0.1729,0.1947,0.225,0.256,0.2908,0.2292,0.2831,0.3176,0.3772,0.4407,0.4747,0.4389,4211306,100.0,05/10/2026 12:52:19
82236,False,0.1151,0.1313,0.1519,0.1776,0.2054,0.1578,0.1805,0.2184,0.2934,0.3688,0.4073,0.3425,4211405,100.0,05/10/2026 12:52:17
82252,False,0.1135,0.1303,0.152,0.1747,0.2036,0.1625,0.4901,0.5199,0.5668,0.6153,0.644,0.6294,4211504,100.0,05/10/2026 12:52:19
82279,False,0.1209,0.141,0.1625,0.1872,0.2149,0.1608,0.5017,0.5236,0.5693,0.6128,0.635,0.6244,4211603,100.0,05/10/2026 12:52:20
82295,False,0.1459,0.1645,0.1893,0.2178,0.2491,0.1889,0.5505,0.5708,0.6123,0.651,0.676,0.6719,4211702,100.0,05/10/2026 12:52:22
82317,False,0.121,0.1391,0.1614,0.1866,0.2141,0.167,0.3856,0.4213,0.4799,0.5416,0.5725,0.5402,4211801,100.0,05/10/2026 12:52:22
82333,False,0.1553,0.1776,0.2044,0.2343,0.2682,0.201,0.2044,0.245,0.3175,0.3913,0.4383,0.3841,4211900,100.0,05/10/2026 12:52:20
82350,False,0.1344,0.153,0.1768,0.2027,0.2319,0.1743,0.0199,0.0507,0.1231,0.1936,0.2334,0.1546,4212007,100.0,05/10/2026 12:52:20
82376,False,0.1352,0.1524,0.1763,0.2018,0.2328,0.1814,0.41,0.4382,0.4878,0.5359,0.5644,0.5427,4212106,100.0,05/10/2026 12:52:21
82392,False,0.1317,0.1484,0.1727,0.1972,0.2281,0.1768,0.2462,0.2727,0.3232,0.373,0.3978,0.3622,4212205,100.0,05/10/2026 12:52:23
82414,False,0.1294,0.1489,0.1718,0.1974,0.2252,0.1608,0.3025,0.331,0.3867,0.4427,0.4738,0.4288,4212304,100.0,05/10/2026 12:52:18
82430,False,0.1334,0.1536,0.1783,0.2046,0.2317,0.1751,0.4571,0.4891,0.5489,0.6059,0.6371,0.6129,4212403,100.0,05/10/2026 12:52:20
82457,False,0.1724,0.1963,0.225,0.2557,0.2878,0.2247,0.3699,0.4016,0.4626,0.5176,0.554,0.5296,4212502,100.0,05/10/2026 12:52:20
82473,False,0.0869,0.0994,0.1167,0.1346,0.1565,0.1161,0.4299,0.4657,0.5318,0.5947,0.628,0.596,4212601,100.0,05/10/2026 12:52:22
82490,False,0.0892,0.1018,0.1189,0.1388,0.1599,0.1233,0.5328,0.558,0.6018,0.6446,0.6657,0.6502,4212700,100.0,05/10/2026 12:52:19
82511,False,0.1895,0.2145,0.2434,0.2777,0.311,0.2454,0.3751,0.4056,0.4555,0.5062,0.5332,0.5096,4212809,100.0,05/10/2026 12:52:22
82538,False,0.1243,0.1381,0.1598,0.1844,0.2159,0.1633,0.1841,0.2221,0.2935,0.3648,0.4028,0.3524,4212908,100.0,05/10/2026 12:52:19
82554,False,0.1451,0.1636,0.189,0.2165,0.2479,0.1944,0.2636,0.3044,0.3815,0.451,0.4881,0.4337,4213005,100.0,05/10/2026 12:52:23
82570,False,0.1217,0.139,0.1602,0.1857,0.2171,0.1567,0.307,0.3435,0.4135,0.4758,0.5126,0.471,4213104,100.0,05/10/2026 12:52:23
82597,False,0.1504,0.1703,0.1966,0.224,0.2583,0.1992,0.4648,0.5025,0.5625,0.6209,0.6528,0.6466,4213203,100.0,05/10/2026 12:52:22
82619,False,0.1401,0.1597,0.1831,0.2114,0.2415,0.1786,0.1633,0.1934,0.2533,0.3114,0.3382,0.2737,4213302,100.0,05/10/2026 12:52:20
82635,False,0.1691,0.1907,0.2177,0.2482,0.2809,0.2207,0.0795,0.1068,0.1605,0.2155,0.2432,0.1854,4213401,100.0,05/10/2026 12:52:21
82651,False,0.1822,0.2042,0.2325,0.2649,0.3007,0.2341,0.4237,0.4529,0.5049,0.5565,0.585,0.5662,4213500,100.0,05/10/2026 12:52:23
82678,False,0.175,0.2021,0.2304,0.2618,0.2984,0.2359,0.277,0.3146,0.3798,0.4426,0.4735,0.4427,4213609,100.0,05/10/2026 12:52:23
82694,False,0.1401,0.1584,0.1832,0.2103,0.2416,0.1859,0.5247,0.5476,0.5873,0.6264,0.6513,0.6386,4213708,100.0,05/10/2026 12:52:24
82716,False,0.1403,0.1586,0.1829,0.2113,0.24,0.1743,0.2079,0.2463,0.3214,0.3949,0.4298,0.3778,4213807,100.0,05/10/2026 12:52:24
82732,False,0.0917,0.1041,0.122,0.1426,0.1626,0.1195,0.481,0.5168,0.5869,0.6463,0.6801,0.6412,4213906,100.0,05/10/2026 12:52:22
82759,False,0.135,0.1513,0.1738,0.1993,0.2297,0.1781,0.5274,0.5494,0.5921,0.6347,0.659,0.6522,4214003,100.0,05/10/2026 12:52:19
82775,False,0.1241,0.1422,0.1639,0.189,0.2136,0.1703,0.4139,0.4497,0.5185,0.58,0.6134,0.5663,4214102,100.0,05/10/2026 12:52:20
82791,False,0.1296,0.1461,0.169,0.194,0.2203,0.1723,0.112,0.1445,0.2025,0.2618,0.2909,0.2333,4214201,100.0,05/10/2026 12:52:19
82813,False,0.129,0.1459,0.1684,0.1946,0.2224,0.1556,0.4058,0.441,0.5091,0.5733,0.6069,0.5765,4214300,100.0,05/10/2026 12:52:23
82830,False,0.1362,0.151,0.1741,0.1999,0.23,0.1649,0.3579,0.3876,0.4422,0.4938,0.521,0.4865,4214409,100.0,05/10/2026 12:52:19
82856,False,0.1064,0.1214,0.1407,0.1631,0.1893,0.1432,0.4721,0.5054,0.5606,0.6124,0.6434,0.6226,4214508,100.0,05/10/2026 12:52:22
82872,False,0.1083,0.1235,0.1431,0.1666,0.1919,0.151,0.4031,0.4388,0.5048,0.5708,0.6048,0.5833,4214607,100.0,05/10/2026 12:52:20
82899,False,0.1044,0.1196,0.1397,0.1617,0.1872,0.1469,0.5014,0.5301,0.5815,0.6279,0.6561,0.6464,4214706,100.0,05/10/2026 12:52:23
82910,False,0.1426,0.1636,0.1889,0.2161,0.2461,0.1938,0.4272,0.462,0.5175,0.5711,0.6047,0.5905,4214805,100.0,05/10/2026 12:52:24
82937,False,0.0701,0.0797,0.0936,0.1091,0.1268,0.0914,0.5907,0.6165,0.6733,0.7257,0.7589,0.7562,4214904,100.0,05/10/2026 12:52:23
82953,False,0.164,0.1895,0.2171,0.2486,0.2804,0.2193,0.4274,0.4584,0.5111,0.5614,0.5904,0.5741,4215000,100.0,05/10/2026 12:52:20
82970,False,0.1002,0.1166,0.1351,0.1562,0.1824,0.142,0.4751,0.506,0.5647,0.6192,0.655,0.6396,4215109,100.0,05/10/2026 12:52:23
82996,False,0.1348,0.1518,0.1755,0.202,0.228,0.1723,0.1231,0.1667,0.2401,0.3104,0.3488,0.2781,4215208,100.0,05/10/2026 12:52:19
83011,False,0.1218,0.1376,0.1587,0.1831,0.2099,0.1615,0.45,0.4788,0.5366,0.595,0.623,0.6061,4215307,100.0,05/10/2026 12:52:20
83038,False,0.1282,0.1458,0.1696,0.1952,0.2265,0.1735,0.3167,0.3559,0.4289,0.497,0.5313,0.4825,4215406,100.0,05/10/2026 12:52:23
83054,False,0.2003,0.2233,0.2535,0.2885,0.3258,0.2518,0.2367,0.2624,0.3072,0.3501,0.3757,0.3369,4215505,100.0,05/10/2026 12:52:22
83070,False,0.0975,0.1128,0.1311,0.1518,0.1738,0.1248,0.2682,0.3215,0.4257,0.5131,0.5642,0.5052,4215604,100.0,05/10/2026 12:52:22
83097,False,0.1164,0.1336,0.1546,0.178,0.2054,0.1522,0.2897,0.3248,0.3954,0.4615,0.4978,0.4641,4215703,100.0,05/10/2026 12:52:19
83119,False,0.1471,0.1658,0.1922,0.2206,0.2497,0.1983,0.437,0.4737,0.5339,0.5917,0.6285,0.6149,4215802,100.0,05/10/2026 12:52:21
83135,False,0.121,0.1381,0.1601,0.1864,0.2135,0.157,0.5174,0.5476,0.6106,0.6659,0.6945,0.6801,4215901,100.0,05/10/2026 12:52:23
83151,False,0.1155,0.1322,0.153,0.1772,0.2044,0.1564,0.2264,0.2605,0.3259,0.3913,0.4291,0.3793,4216008,100.0,05/10/2026 12:52:24
83178,False,0.1306,0.1479,0.171,0.1975,0.2259,0.1744,0.2149,0.2424,0.2915,0.3433,0.3722,0.3197,4216107,100.0,05/10/2026 12:52:22
83194,False,0.1916,0.2189,0.2493,0.2833,0.3161,0.2529,0.2867,0.3161,0.3745,0.4292,0.4594,0.4283,4216206,100.0,05/10/2026 12:52:20
83216,False,0.1392,0.1606,0.1857,0.2137,0.2409,0.1941,0.4975,0.5217,0.5663,0.6113,0.6368,0.6274,4216305,100.0,05/10/2026 12:52:20
83232,False,0.1304,0.1499,0.1725,0.1985,0.2287,0.1604,0.4068,0.4428,0.5027,0.5659,0.5997,0.5712,4216404,100.0,05/10/2026 12:52:21
83259,False,0.1911,0.2137,0.2449,0.2796,0.3152,0.2434,0.2461,0.2855,0.3517,0.4174,0.4512,0.4102,4216503,100.0,05/10/2026 12:52:22
83275,False,0.1531,0.1746,0.2023,0.2313,0.2644,0.1985,0.1292,0.1737,0.2497,0.3281,0.3701,0.3119,4216602,100.0,05/10/2026 12:52:24
83291,False,0.1077,0.1252,0.1447,0.167,0.1923,0.1538,0.4063,0.4344,0.4881,0.5389,0.5688,0.5446,4216701,100.0,05/10/2026 12:52:19
83313,False,0.1141,0.1312,0.1526,0.176,0.2013,0.1512,0.0085,0.0274,0.0854,0.1461,0.1796,0.1091,4216800,100.0,05/10/2026 12:52:23
83330,False,0.1525,0.172,0.198,0.2287,0.261,0.1999,0.2456,0.2773,0.337,0.3939,0.4298,0.3849,4216909,100.0,05/10/2026 12:52:24
83356,False,0.1125,0.1286,0.1485,0.171,0.1997,0.1462,0.4928,0.5277,0.5792,0.6305,0.6588,0.6457,4217006,100.0,05/10/2026 12:52:24
83372,False,0.0816,0.0951,0.1115,0.1305,0.1497,0.1144,0.5119,0.5513,0.6141,0.6694,0.7012,0.6866,4217105,100.0,05/10/2026 12:52:20
83399,False,0.1595,0.1794,0.2059,0.2348,0.2652,0.2088,0.2492,0.2883,0.3656,0.4342,0.4747,0.4319,4217204,100.0,05/10/2026 12:52:23
83410,False,0.0921,0.1055,0.1228,0.143,0.1647,0.124,0.2086,0.2559,0.336,0.4109,0.4537,0.4034,4217303,100.0,05/10/2026 12:52:19
83437,False,0.102,0.1162,0.135,0.1558,0.1832,0.1399,0.4464,0.4778,0.5288,0.5816,0.6103,0.5951,4217402,100.0,05/10/2026 12:52:24
83453,False,0.132,0.1503,0.1739,0.199,0.2274,0.1793,0.0994,0.1383,0.216,0.2944,0.3322,0.2675,4217501,100.0,05/10/2026 12:52:22
83470,False,0.1703,0.1917,0.2192,0.2492,0.2834,0.2197,0.2617,0.3012,0.3715,0.4419,0.483,0.4404,4217600,100.0,05/10/2026 12:52:23
83496,False,0.132,0.151,0.1749,0.2019,0.2321,0.1736,0.3571,0.3877,0.4471,0.5044,0.5333,0.5069,4217709,100.0,05/10/2026 12:52:21
83518,False,0.151,0.1708,0.1971,0.2266,0.2588,0.2013,0.5933,0.6149,0.6521,0.6887,0.7081,0.7081,4217808,100.0,05/10/2026 12:52:22
83534,False,0.1378,0.1561,0.1803,0.2075,0.2364,0.1816,0.4097,0.4412,0.4954,0.5506,0.5753,0.5529,4217907,100.0,05/10/2026 12:52:18
83550,False,0.1716,0.1915,0.2203,0.2504,0.2841,0.2248,0.3911,0.4165,0.4691,0.5189,0.5519,0.5297,4218004,100.0,05/10/2026 12:52:19
83577,False,0.1307,0.1489,0.1724,0.1974,0.2254,0.1786,0.4879,0.5211,0.5785,0.6334,0.6677,0.6617,4218202,100.0,05/10/2026 12:52:22
83593,False,0.1752,0.1983,0.2281,0.2603,0.2931,0.2292,0.1983,0.2308,0.2976,0.3624,0.3948,0.3486,4218301,100.0,05/10/2026 12:52:23
83615,False,0.0975,0.1114,0.1292,0.1493,0.1727,0.1339,0.5876,0.6119,0.6539,0.6942,0.7191,0.7128,4218400,100.0,05/10/2026 12:52:21
83631,False,0.1154,0.1318,0.153,0.1764,0.2043,0.1556,0.4952,0.5233,0.5789,0.6325,0.6593,0.6452,4218509,100.0,05/10/2026 12:52:19
83658,False,0.1202,0.137,0.1585,0.1825,0.2125,0.167,0.5066,0.531,0.5779,0.6226,0.6475,0.6288,4218608,100.0,05/10/2026 12:52:18
83674,False,0.1486,0.1676,0.1942,0.2219,0.2575,0.1974,0.3864,0.4151,0.4713,0.5273,0.5586,0.5403,4218707,100.0,05/10/2026 12:52:19
83682,False,0.0826,0.0945,0.11,0.1277,0.1505,0.1138,0.4018,0.4435,0.5241,0.5963,0.6317,0.6128,4218756,100.0,05/10/2026 12:52:24
83690,False,0.1123,0.1277,0.1484,0.1711,0.1994,0.1448,0.5735,0.5954,0.6341,0.6717,0.6954,0.689,4218806,100.0,05/10/2026 12:52:21
83712,False,0.1326,0.1497,0.1742,0.2001,0.2283,0.1734,0.4202,0.4557,0.5098,0.5629,0.5905,0.5684,4218905,100.0,05/10/2026 12:52:20
83739,False,0.19,0.2134,0.2431,0.2755,0.3138,0.2559,0.4248,0.4598,0.5211,0.5804,0.6148,0.5965,4219002,100.0,05/10/2026 12:52:24
83755,False,0.153,0.1707,0.1971,0.226,0.2563,0.1889,0.0761,0.1185,0.2024,0.285,0.3268,0.245,4219101,100.0,05/10/2026 12:52:23
83771,False,0.0896,0.1043,0.1204,0.1397,0.1616,0.1381,0.4778,0.5034,0.5521,0.5996,0.6275,0.6048,4219200,100.0,05/10/2026 12:52:23
83798,False,0.158,0.18,0.2081,0.237,0.2739,0.2144,0.3868,0.4136,0.466,0.5134,0.5401,0.5211,4219309,100.0,05/10/2026 12:52:20
83810,False,0.1071,0.1244,0.1447,0.1665,0.1928,0.1445,0.4088,0.4475,0.5213,0.587,0.6215,0.5914,4219408,100.0,05/10/2026 12:52:20
83836,False,0.1238,0.143,0.1664,0.1908,0.2166,0.1716,0.202,0.2323,0.2916,0.3487,0.3783,0.3371,4219507,100.0,05/10/2026 12:52:24
83852,False,0.1044,0.1196,0.1391,0.1617,0.1854,0.1399,0.1443,0.1838,0.2586,0.3332,0.3723,0.2957,4219606,100.0,05/10/2026 12:52:23
83879,False,0.1291,0.1493,0.172,0.1978,0.2265,0.177,0.309,0.3377,0.3859,0.4353,0.4625,0.4294,4219705,100.0,05/10/2026 12:52:18
83895,False,0.1722,0.1973,0.2268,0.259,0.2939,0.2157,0.1673,0.2053,0.2719,0.3342,0.3675,0.3014,4202503,100.0,05/10/2026 12:52:19
83909,False,0.1915,0.2138,0.2457,0.2799,0.3152,0.235,0.2548,0.2828,0.3319,0.3826,0.4102,0.371,4220000,100.0,05/10/2026 12:52:21
83917,False,0.114,0.1301,0.1508,0.1739,0.2018,0.1491,0.2973,0.3351,0.4049,0.4737,0.5054,0.469,4210407,100.0,05/10/2026 12:52:21
83925,False,0.1035,0.1184,0.1378,0.1608,0.187,0.1275,0.1742,0.2101,0.2806,0.352,0.3922,0.3316,4212650,100.0,05/10/2026 12:52:22
83933,False,0.1141,0.1297,0.151,0.1747,0.1996,0.1433,0.3862,0.4208,0.4768,0.5329,0.559,0.5258,4218103,100.0,05/10/2026 12:52:22
83950,False,0.1335,0.1509,0.175,0.201,0.2312,0.1756,0.123,0.1548,0.2105,0.2641,0.2947,0.2411,4204558,100.0,05/10/2026 12:52:21
83976,False,0.123,0.1414,0.1643,0.1889,0.216,0.1607,0.3031,0.33,0.3855,0.4409,0.4679,0.4342,4211751,100.0,05/10/2026 12:52:24
31003,False,0.1645,0.1864,0.215,0.2434,0.2787,0.2194,0.3493,0.3775,0.4217,0.4644,0.4835,0.4278,2806404,100.0,05/10/2026 12:52:15
31011,False,0.2026,0.2274,0.2604,0.2955,0.3322,0.1937,0.2751,0.3133,0.3802,0.4395,0.4698,0.3847,2800100,100.0,05/10/2026 12:52:12
31038,False,0.1557,0.174,0.201,0.2295,0.266,0.1895,0.3914,0.418,0.4632,0.5047,0.5253,0.4727,2800209,100.0,05/10/2026 12:52:15
31054,False,0.1296,0.145,0.1685,0.1934,0.223,0.1829,0.0895,0.1227,0.1913,0.2557,0.2896,0.1833,2800308,100.0,05/10/2026 12:52:14
31070,False,0.1571,0.1771,0.2032,0.2335,0.2649,0.202,0.48,0.4997,0.5408,0.5788,0.5983,0.5546,2800407,100.0,05/10/2026 12:52:14
31097,False,0.1268,0.1445,0.1672,0.1935,0.2234,0.1645,0.3336,0.3647,0.4143,0.4619,0.4846,0.4242,2800506,100.0,05/10/2026 12:52:13
31119,False,0.1429,0.1621,0.1874,0.2142,0.249,0.1939,0.1697,0.1974,0.2564,0.3113,0.3449,0.253,2800605,100.0,05/10/2026 12:52:15
31135,False,0.208,0.2348,0.2665,0.2999,0.3362,0.2426,0.4695,0.4919,0.5302,0.5665,0.5833,0.5412,2800704,100.0,05/10/2026 12:52:15
31151,False,0.155,0.1751,0.2015,0.2314,0.2613,0.2093,0.3265,0.3527,0.3991,0.4397,0.4625,0.4059,2800670,100.0,05/10/2026 12:52:14
31194,False,0.1396,0.1572,0.182,0.2088,0.2396,0.1999,0.3783,0.4051,0.4534,0.4972,0.5178,0.4622,2801009,100.0,05/10/2026 12:52:13
31216,False,0.14,0.16,0.1848,0.2127,0.242,0.1687,0.4987,0.5265,0.5761,0.621,0.6432,0.5934,2801108,100.0,05/10/2026 12:52:15
31232,False,0.1894,0.212,0.2439,0.2755,0.3119,0.2583,0.4188,0.4401,0.4808,0.5167,0.5366,0.4911,2801207,100.0,05/10/2026 12:52:15
31259,False,0.188,0.2138,0.2444,0.2785,0.3165,0.2419,0.3184,0.3467,0.392,0.4352,0.4588,0.3982,2801306,100.0,05/10/2026 12:52:14
31275,False,0.1524,0.1709,0.196,0.2237,0.2577,0.2043,0.3386,0.3669,0.4131,0.4592,0.4814,0.4221,2801405,100.0,05/10/2026 12:52:13
31291,False,0.201,0.2268,0.2582,0.2946,0.3335,0.2583,0.2849,0.3118,0.3589,0.4017,0.4251,0.364,2801504,100.0,05/10/2026 12:52:12
31313,False,0.1251,0.1445,0.1672,0.1922,0.2236,0.1638,0.2641,0.2923,0.3471,0.4,0.4256,0.3505,2801603,100.0,05/10/2026 12:52:12
31330,False,0.187,0.2092,0.24,0.2717,0.3084,0.2498,0.4658,0.4874,0.5263,0.5613,0.5797,0.5374,2801702,100.0,05/10/2026 12:52:14
31356,False,0.1256,0.142,0.1638,0.1878,0.2135,0.1828,0.2085,0.2346,0.2813,0.3289,0.3522,0.2834,2804458,100.0,05/10/2026 12:52:14
31372,False,0.1476,0.1682,0.1932,0.2209,0.2507,0.1612,0.1325,0.1803,0.2477,0.3186,0.3548,0.247,2801900,100.0,05/10/2026 12:52:15
31399,False,0.161,0.1812,0.2074,0.2373,0.2691,0.1965,0.4742,0.5034,0.5495,0.5943,0.6164,0.5631,2802007,100.0,05/10/2026 12:52:13
31410,False,0.1519,0.1749,0.2016,0.2308,0.2646,0.2156,0.3959,0.4223,0.4681,0.5111,0.5351,0.4816,2802106,100.0,05/10/2026 12:52:15
31437,False,0.1249,0.1426,0.1644,0.1908,0.2224,0.1458,0.42,0.4463,0.4908,0.5321,0.5534,0.5009,2802205,100.0,05/10/2026 12:52:14
31453,False,0.13,0.1472,0.1698,0.1949,0.2228,0.1843,0.12,0.1511,0.2008,0.2511,0.2783,0.1965,2802304,100.0,05/10/2026 12:52:14
31470,False,0.153,0.1727,0.1989,0.227,0.2604,0.1876,0.389,0.4306,0.494,0.5555,0.5823,0.5089,2802502,100.0,05/10/2026 12:52:12
31496,False,0.1431,0.1631,0.1877,0.2154,0.2465,0.2014,0.5767,0.5929,0.6248,0.6543,0.6686,0.6383,2802403,100.0,05/10/2026 12:52:14
31518,False,0.1319,0.1495,0.1731,0.1985,0.2263,0.1637,0.4841,0.5101,0.5515,0.5885,0.6074,0.5631,2802601,100.0,05/10/2026 12:52:12
31534,False,0.2017,0.227,0.2594,0.2931,0.33,0.2301,0.465,0.4839,0.5224,0.558,0.5737,0.5321,2802700,100.0,05/10/2026 12:52:12
31550,False,0.1896,0.2136,0.2443,0.2776,0.3194,0.2371,0.5473,0.5674,0.6047,0.6395,0.6556,0.6223,2802809,100.0,05/10/2026 12:52:14
31577,False,0.1123,0.1279,0.1487,0.1713,0.1977,0.1528,0.1194,0.1516,0.2104,0.2663,0.2932,0.2029,2802908,100.0,05/10/2026 12:52:12
31593,False,0.12,0.1381,0.1594,0.1836,0.2126,0.1753,0.1645,0.1891,0.2324,0.272,0.2968,0.229,2803005,100.0,05/10/2026 12:52:15
31615,False,0.1513,0.1717,0.1972,0.2254,0.2597,0.1893,0.2949,0.3325,0.3917,0.4474,0.471,0.3973,2803104,100.0,05/10/2026 12:52:13
31631,False,0.1586,0.1774,0.2055,0.2348,0.2646,0.2111,0.3445,0.3733,0.4247,0.4732,0.4951,0.4332,2803203,100.0,05/10/2026 12:52:14
31658,False,0.176,0.1992,0.2284,0.2594,0.2987,0.2314,0.432,0.4545,0.4976,0.5366,0.5562,0.5094,2803302,100.0,05/10/2026 12:52:15
31674,False,0.1683,0.1913,0.2203,0.2504,0.2865,0.2059,0.4471,0.4674,0.5044,0.5418,0.5569,0.5135,2803401,100.0,05/10/2026 12:52:14
31690,False,0.1149,0.1321,0.1524,0.1753,0.2037,0.166,0.3117,0.3388,0.3876,0.4305,0.4542,0.3951,2803500,100.0,05/10/2026 12:52:14
31712,False,0.1526,0.1727,0.1989,0.2281,0.2627,0.1963,0.3137,0.3395,0.385,0.4282,0.452,0.3922,2803609,100.0,05/10/2026 12:52:14
31739,False,0.124,0.1399,0.1618,0.1864,0.217,0.1799,0.3364,0.3643,0.4135,0.4617,0.4859,0.4217,2803708,100.0,05/10/2026 12:52:12
31755,False,0.1836,0.2066,0.2368,0.2698,0.3016,0.2216,0.4325,0.459,0.5068,0.554,0.5765,0.517,2803807,100.0,05/10/2026 12:52:14
31771,False,0.131,0.1498,0.1731,0.1995,0.2287,0.1791,0.3788,0.4043,0.4504,0.4942,0.5148,0.4597,2803906,100.0,05/10/2026 12:52:13
31798,False,0.1731,0.194,0.2226,0.2551,0.2891,0.2264,0.5011,0.5239,0.5635,0.5996,0.6174,0.578,2804003,100.0,05/10/2026 12:52:15
31810,False,0.1323,0.1517,0.1748,0.2006,0.2345,0.1825,0.1863,0.2169,0.2773,0.3354,0.3681,0.2779,2804102,100.0,05/10/2026 12:52:13
31836,False,0.1511,0.1726,0.1987,0.2264,0.2606,0.2056,0.3234,0.3466,0.3859,0.424,0.444,0.3905,2804201,100.0,05/10/2026 12:52:14
31852,False,0.1688,0.1881,0.2179,0.2495,0.2826,0.1863,0.3392,0.3695,0.4205,0.4692,0.4939,0.4306,2804300,100.0,05/10/2026 12:52:13
31879,False,0.1797,0.2029,0.231,0.2635,0.2991,0.2222,0.4414,0.4605,0.496,0.5292,0.5445,0.5049,2804409,100.0,05/10/2026 12:52:15
31895,False,0.1189,0.1356,0.1576,0.1816,0.2119,0.1647,0.4071,0.436,0.4802,0.5201,0.5442,0.4917,2804508,100.0,05/10/2026 12:52:15
31917,False,0.1273,0.1454,0.1682,0.1941,0.2218,0.1745,0.2293,0.2548,0.3045,0.3502,0.3748,0.3076,2804607,100.0,05/10/2026 12:52:15
31933,False,0.1243,0.1445,0.1659,0.1909,0.2197,0.1661,0.4991,0.522,0.5643,0.6006,0.6185,0.5753,2804706,100.0,05/10/2026 12:52:14
31950,False,0.1232,0.14,0.1633,0.1865,0.2166,0.1696,0.1057,0.1439,0.2111,0.2755,0.3026,0.2033,2804805,100.0,05/10/2026 12:52:14
31976,False,0.191,0.2166,0.2467,0.2786,0.321,0.23,0.5743,0.596,0.6351,0.6694,0.6876,0.6545,2804904,100.0,05/10/2026 12:52:15
31992,False,0.1353,0.1549,0.1781,0.2057,0.2333,0.1781,0.3093,0.3403,0.4025,0.4602,0.4916,0.4082,2805000,100.0,05/10/2026 12:52:14
32018,False,0.1544,0.1756,0.2025,0.2322,0.2679,0.2128,0.3676,0.3926,0.4393,0.4803,0.4997,0.4461,2805109,100.0,05/10/2026 12:52:15
32034,False,0.1451,0.1641,0.1887,0.2163,0.2493,0.1886,0.4276,0.4562,0.5067,0.555,0.5773,0.5221,2805208,100.0,05/10/2026 12:52:12
32050,False,0.1976,0.2227,0.2546,0.2889,0.3262,0.2475,0.3873,0.4185,0.4756,0.5251,0.5493,0.4879,2805307,100.0,05/10/2026 12:52:15
32077,False,0.1669,0.1899,0.2168,0.2471,0.2887,0.2258,0.389,0.4138,0.4493,0.4834,0.5014,0.4577,2805406,100.0,05/10/2026 12:52:14
32093,False,0.152,0.1726,0.1993,0.2274,0.2587,0.2071,0.4301,0.46,0.507,0.5493,0.5716,0.5206,2805505,100.0,05/10/2026 12:52:13
32115,False,0.1421,0.1632,0.1893,0.217,0.2456,0.1833,0.4581,0.4814,0.5217,0.5585,0.5754,0.5356,2805604,100.0,05/10/2026 12:52:15
32131,False,0.1437,0.1642,0.1892,0.2176,0.2463,0.1935,0.1802,0.2056,0.2483,0.2896,0.3098,0.2469,2805703,100.0,05/10/2026 12:52:13
32158,False,0.1369,0.1546,0.1784,0.2034,0.2351,0.1784,0.5575,0.5785,0.6127,0.6449,0.6616,0.6292,2805802,100.0,05/10/2026 12:52:13
32174,False,0.1719,0.1924,0.2209,0.2521,0.2864,0.2259,0.4222,0.4456,0.4874,0.5282,0.5498,0.4984,2805901,100.0,05/10/2026 12:52:14
32190,False,0.1406,0.158,0.1837,0.2115,0.2412,0.1932,0.2399,0.2663,0.3163,0.3607,0.3837,0.3168,2806008,100.0,05/10/2026 12:52:14
32212,False,0.1719,0.1967,0.226,0.2577,0.2928,0.2311,0.4586,0.4809,0.5228,0.5612,0.5804,0.5346,2806107,100.0,05/10/2026 12:52:13
32239,False,0.1296,0.1467,0.169,0.1946,0.2262,0.1783,0.4472,0.4709,0.5125,0.5542,0.5744,0.528,2806206,100.0,05/10/2026 12:52:14
32255,False,0.1859,0.2091,0.239,0.2714,0.3054,0.2408,0.5135,0.5342,0.5728,0.6102,0.6281,0.5881,2806305,100.0,05/10/2026 12:52:13
32298,False,0.1566,0.1801,0.2062,0.2353,0.2676,0.1814,0.3361,0.3662,0.4245,0.4773,0.5012,0.4315,2806503,100.0,05/10/2026 12:52:15
32310,False,0.2136,0.2364,0.2693,0.3067,0.3414,0.2759,0.598,0.6179,0.6513,0.6795,0.6948,0.668,2806602,100.0,05/10/2026 12:52:15
32336,False,0.1279,0.1452,0.1682,0.1929,0.2229,0.1713,0.2278,0.2607,0.3162,0.3695,0.3972,0.3196,2806701,100.0,05/10/2026 12:52:13
32352,False,0.1563,0.1771,0.2037,0.2332,0.2697,0.2333,0.2369,0.2625,0.3108,0.3542,0.3764,0.3103,2806800,100.0,05/10/2026 12:52:15
32379,False,0.1434,0.1635,0.1886,0.2157,0.2489,0.1733,0.35,0.3827,0.4386,0.4899,0.5198,0.4457,2806909,100.0,05/10/2026 12:52:13
32395,False,0.1469,0.1667,0.1918,0.2194,0.2548,0.1758,0.3745,0.4114,0.4697,0.5217,0.5491,0.48,2807006,100.0,05/10/2026 12:52:14
32417,False,0.1412,0.1603,0.1848,0.211,0.2439,0.1876,0.3541,0.3858,0.4336,0.4772,0.4981,0.4448,2807105,100.0,05/10/2026 12:52:14
32433,False,0.1507,0.1717,0.1975,0.2261,0.2584,0.1902,0.4417,0.4672,0.5141,0.5562,0.5818,0.5276,2807204,100.0,05/10/2026 12:52:15
32450,False,0.1273,0.1436,0.1656,0.1913,0.2182,0.1693,0.265,0.2933,0.3502,0.4052,0.4296,0.3536,2807303,100.0,05/10/2026 12:52:14
32476,False,0.1337,0.1513,0.1753,0.2003,0.2314,0.1811,0.2711,0.2975,0.3426,0.3845,0.4071,0.3458,2807402,100.0,05/10/2026 12:52:15
32492,False,0.1601,0.184,0.2106,0.2407,0.2776,0.225,0.3383,0.3629,0.4062,0.4494,0.4685,0.4127,2807501,100.0,05/10/2026 12:52:14
32514,False,0.1429,0.1626,0.1871,0.215,0.2413,0.2009,0.2734,0.3019,0.3523,0.4,0.423,0.356,2807600,100.0,05/10/2026 12:52:14
61000,False,0.2198,0.2486,0.284,0.3197,0.3598,0.2874,0.1539,0.182,0.2306,0.2794,0.3075,0.2305,3515350,100.0,05/10/2026 12:52:37
61018,False,0.1729,0.193,0.2218,0.2529,0.2877,0.2255,0.4144,0.4435,0.4923,0.5425,0.5697,0.5495,3500105,100.0,05/10/2026 12:52:50
61026,False,0.1737,0.194,0.2216,0.2531,0.2853,0.2138,0.1479,0.1848,0.2604,0.3394,0.3748,0.2978,3507456,100.0,05/10/2026 12:52:47
61034,False,0.1701,0.1924,0.2203,0.2517,0.2918,0.2205,0.2769,0.3053,0.3616,0.4179,0.4436,0.3906,3500204,100.0,05/10/2026 12:52:39
61042,False,0.1632,0.1851,0.2117,0.242,0.2793,0.2102,0.1966,0.2251,0.2754,0.3298,0.3632,0.3131,3553955,100.0,05/10/2026 12:52:54
61050,False,0.1919,0.218,0.2496,0.2829,0.3186,0.2527,0.1265,0.1624,0.2296,0.2959,0.3359,0.2735,3500303,100.0,05/10/2026 12:52:36
61069,False,0.1652,0.1881,0.2143,0.2448,0.2747,0.2155,0.0028,0.0095,0.0505,0.1182,0.1552,0.0623,3532058,100.0,05/10/2026 12:52:46
61077,False,0.1557,0.1758,0.202,0.2307,0.2627,0.2013,0.1633,0.2083,0.2801,0.3506,0.3875,0.3283,3500402,100.0,05/10/2026 12:52:46
61085,False,0.2484,0.276,0.3119,0.3478,0.3885,0.3024,0.0021,0.0072,0.0374,0.0947,0.1264,0.0263,3519253,100.0,05/10/2026 12:52:39
61093,False,0.1344,0.1556,0.1793,0.2053,0.2353,0.1828,0.3435,0.3739,0.4286,0.4828,0.5134,0.4828,3500501,100.0,05/10/2026 12:52:34
61107,False,0.2021,0.2274,0.2593,0.2934,0.3298,0.2583,0.0032,0.0126,0.0627,0.1277,0.1726,0.0846,3518859,100.0,05/10/2026 12:52:36
61115,False,0.1907,0.2143,0.2432,0.277,0.3153,0.2316,0.2047,0.2516,0.3296,0.4009,0.4377,0.3852,3500600,100.0,05/10/2026 12:52:34
61123,False,0.1657,0.1873,0.2137,0.2451,0.2768,0.2057,0.008,0.0299,0.1116,0.2037,0.2559,0.1414,3513850,100.0,05/10/2026 12:52:37
61131,False,0.1795,0.2008,0.2303,0.2635,0.2978,0.2252,0.2777,0.3063,0.3595,0.415,0.4462,0.4102,3500709,100.0,05/10/2026 12:52:37
61140,False,0.2051,0.2338,0.2654,0.3004,0.3384,0.262,0.0572,0.0942,0.1635,0.2357,0.2747,0.1927,3515194,100.0,05/10/2026 12:52:48
61158,False,0.1505,0.1692,0.1952,0.2229,0.2534,0.2033,0.1987,0.233,0.2932,0.3523,0.3823,0.3188,3500808,100.0,05/10/2026 12:52:47
61166,False,0.249,0.2798,0.3173,0.3556,0.3979,0.3154,0.0029,0.0159,0.0619,0.1084,0.1341,0.0495,3544251,100.0,05/10/2026 12:52:48
61174,False,0.1479,0.169,0.1943,0.2233,0.2547,0.187,0.1308,0.1673,0.2323,0.2967,0.3349,0.2547,3500907,100.0,05/10/2026 12:52:38
61182,False,0.1396,0.1555,0.1792,0.2068,0.2333,0.1784,0.1438,0.1844,0.2562,0.3244,0.3641,0.2822,3514957,100.0,05/10/2026 12:53:00
61190,False,0.1648,0.1903,0.2189,0.2495,0.2898,0.2213,0.0187,0.0577,0.1335,0.2107,0.2513,0.1761,3501004,100.0,05/10/2026 12:52:48
61204,False,0.2353,0.2616,0.2975,0.3342,0.376,0.3003,0.0429,0.0773,0.1426,0.2114,0.2483,0.1796,3520442,100.0,05/10/2026 12:52:50
61212,False,0.1557,0.1747,0.2014,0.2307,0.2616,0.2096,0.3348,0.3653,0.4211,0.4734,0.4989,0.4516,3501103,100.0,05/10/2026 12:52:46
61220,False,0.1582,0.1824,0.2092,0.2393,0.2727,0.2061,0.0041,0.019,0.0895,0.1818,0.2298,0.1354,3501152,100.0,05/10/2026 12:52:35
61239,False,0.1491,0.17,0.1953,0.2243,0.2571,0.2053,0.274,0.3027,0.3616,0.4173,0.4468,0.3891,3501202,100.0,05/10/2026 12:52:36
61247,False,0.1568,0.1783,0.205,0.2332,0.2664,0.2033,0.3172,0.3549,0.4248,0.492,0.522,0.4738,3537156,100.0,05/10/2026 12:52:48
61255,False,0.1507,0.1706,0.1955,0.2249,0.258,0.2034,0.1814,0.2089,0.2631,0.3185,0.3464,0.3032,3501301,100.0,05/10/2026 12:52:36
61263,False,0.2041,0.23,0.2631,0.2982,0.3346,0.2604,0.0864,0.1247,0.1897,0.2586,0.2939,0.2318,3502754,100.0,05/10/2026 12:52:33
61271,False,0.2051,0.2318,0.2636,0.2976,0.3341,0.2507,0.0114,0.0444,0.1225,0.2003,0.2421,0.1467,3501400,100.0,05/10/2026 12:52:46
61280,False,0.2161,0.2423,0.275,0.3094,0.3468,0.2669,0.048,0.0789,0.1447,0.2112,0.2458,0.1827,3506359,100.0,05/10/2026 12:52:34
61298,False,0.1591,0.179,0.2053,0.2358,0.266,0.2028,0.011,0.038,0.1078,0.1774,0.2143,0.1221,3501509,100.0,05/10/2026 12:52:37
61301,False,0.1736,0.1946,0.2237,0.2545,0.2862,0.2239,0.0033,0.0137,0.0609,0.1274,0.159,0.0741,3552551,100.0,05/10/2026 12:53:00
61310,False,0.1627,0.185,0.2126,0.2433,0.2765,0.2114,0.2398,0.27,0.3354,0.3993,0.4353,0.3939,3501608,100.0,05/10/2026 12:52:36
61328,False,0.1589,0.1813,0.2079,0.2368,0.2699,0.2115,0.1149,0.1494,0.2085,0.2664,0.2945,0.2392,3548054,100.0,05/10/2026 12:52:37
61336,False,0.1563,0.1777,0.2047,0.2343,0.2659,0.2051,0.0028,0.0108,0.0535,0.1134,0.1501,0.0299,3501707,100.0,05/10/2026 12:52:38
61344,False,0.1841,0.2082,0.2383,0.2716,0.3016,0.2314,0.0313,0.0667,0.139,0.2119,0.2487,0.1692,3510153,100.0,05/10/2026 12:52:50
61352,False,0.1356,0.1554,0.1797,0.2061,0.2374,0.1772,0.2373,0.2741,0.3405,0.4009,0.4315,0.3807,3501806,100.0,05/10/2026 12:52:48
61360,False,0.1932,0.218,0.2479,0.2806,0.3197,0.2428,0.0937,0.1324,0.1968,0.2641,0.2997,0.2266,3505351,100.0,05/10/2026 12:52:37
61379,False,0.1699,0.1917,0.2193,0.2488,0.2844,0.2194,0.2701,0.3062,0.3705,0.432,0.4684,0.4297,3501905,100.0,05/10/2026 12:52:34
61387,False,0.1789,0.2021,0.2323,0.2636,0.3001,0.244,0.0437,0.0813,0.1505,0.2195,0.2556,0.1675,3515129,100.0,05/10/2026 12:52:35
61395,False,0.2608,0.2911,0.3275,0.3663,0.408,0.2998,0.272,0.3087,0.3751,0.438,0.4674,0.425,3502002,100.0,05/10/2026 12:52:38
61409,False,0.1578,0.1773,0.204,0.2338,0.2653,0.2044,0.1533,0.1909,0.2564,0.3188,0.3494,0.2827,3533254,100.0,05/10/2026 12:52:49
61417,False,0.1759,0.1995,0.2275,0.2598,0.298,0.2292,0.21,0.2392,0.291,0.3438,0.3741,0.3321,3502101,100.0,05/10/2026 12:52:47
61425,False,0.2062,0.236,0.2671,0.3029,0.34,0.2687,0.0058,0.02,0.0887,0.1771,0.2201,0.117,3532843,100.0,05/10/2026 12:52:38
61433,False,0.1884,0.2141,0.2437,0.2771,0.3142,0.2477,0.0546,0.0949,0.1619,0.2327,0.2699,0.2023,3502200,100.0,05/10/2026 12:52:33
61441,False,0.13,0.1496,0.1726,0.1981,0.2284,0.1805,0.5484,0.5719,0.6164,0.6611,0.6851,0.6754,3545159,100.0,05/10/2026 12:52:38
61450,False,0.2522,0.2823,0.3181,0.3567,0.3946,0.301,0.2075,0.2379,0.2961,0.3519,0.3841,0.3289,3502309,100.0,05/10/2026 12:52:37
61468,False,0.1809,0.2022,0.2319,0.2649,0.2939,0.2362,0.0504,0.0842,0.1542,0.2183,0.2566,0.1798,3555356,100.0,05/10/2026 12:52:48
61476,False,0.1576,0.176,0.2041,0.2317,0.2669,0.2067,0.1625,0.2005,0.2719,0.3351,0.3671,0.2998,3502408,100.0,05/10/2026 12:52:47
61484,False,0.1842,0.208,0.2368,0.2707,0.3057,0.236,0.2997,0.3293,0.3772,0.4244,0.4539,0.4183,3509254,100.0,05/10/2026 12:52:35
61492,False,0.1385,0.1567,0.1804,0.2063,0.236,0.1803,0.1174,0.1616,0.2387,0.3082,0.3523,0.2896,3502507,100.0,05/10/2026 12:52:37
61506,False,0.1692,0.1891,0.2166,0.2477,0.2812,0.2144,0.1622,0.1933,0.2576,0.3246,0.3605,0.2964,3509452,100.0,05/10/2026 12:52:46
61514,False,0.1671,0.1907,0.2192,0.2512,0.2887,0.2192,0.0222,0.0614,0.1288,0.1946,0.2299,0.1497,3502606,100.0,05/10/2026 12:52:46
61522,False,0.1542,0.1769,0.2031,0.2309,0.2628,0.2055,0.0413,0.0852,0.1651,0.2521,0.2947,0.1927,3503950,100.0,05/10/2026 12:52:50
61530,False,0.1932,0.2216,0.2526,0.285,0.3191,0.2469,0.0274,0.0584,0.1211,0.1823,0.2128,0.1515,3502705,100.0,05/10/2026 12:52:37
61549,False,0.173,0.195,0.222,0.2538,0.2892,0.2214,0.2227,0.2637,0.3423,0.4218,0.4631,0.4064,3556354,100.0,05/10/2026 12:52:54
61557,False,0.1746,0.1939,0.2234,0.2555,0.2922,0.2254,0.2762,0.307,0.3655,0.422,0.4526,0.4218,3502804,100.0,05/10/2026 12:52:37
61565,False,0.1365,0.1555,0.1795,0.206,0.2338,0.1825,0.0777,0.1209,0.193,0.2662,0.306,0.2384,3540754,100.0,05/10/2026 12:52:33
61573,False,0.1758,0.1988,0.2266,0.2574,0.2904,0.227,0.2508,0.2841,0.3418,0.4013,0.4359,0.397,3502903,100.0,05/10/2026 12:52:35
61581,False,0.1589,0.1813,0.2071,0.235,0.2682,0.2069,0.273,0.3062,0.3679,0.4281,0.4615,0.4098,3500758,100.0,05/10/2026 12:52:36
61590,False,0.1654,0.1881,0.2163,0.2465,0.2784,0.2211,0.0113,0.0396,0.1076,0.1745,0.2112,0.133,3503000,100.0,05/10/2026 12:52:47
61603,False,0.2059,0.23,0.263,0.2963,0.3314,0.2492,0.0083,0.0278,0.0955,0.1627,0.2004,0.0854,3522158,100.0,05/10/2026 12:52:35
61611,False,0.1683,0.1915,0.2194,0.2507,0.2844,0.2144,0.243,0.2755,0.3336,0.3899,0.4209,0.3694,3503109,100.0,05/10/2026 12:52:35
61620,False,0.1593,0.1842,0.2097,0.2398,0.2703,0.2122,0.3155,0.3485,0.4104,0.4707,0.4996,0.4584,3554953,100.0,05/10/2026 12:52:40
61638,False,0.1658,0.189,0.217,0.2468,0.2758,0.2192,0.0025,0.0076,0.039,0.0957,0.1329,0.011,3503208,100.0,05/10/2026 12:52:35
61646,False,0.1637,0.1856,0.2125,0.2425,0.2802,0.2072,0.0027,0.0095,0.0476,0.1134,0.1515,0.048,3503158,100.0,05/10/2026 12:52:37
61654,False,0.1505,0.1682,0.1955,0.2235,0.2551,0.1973,0.2546,0.2894,0.3597,0.4272,0.4638,0.4246,3503307,100.0,05/10/2026 12:52:45
61662,False,0.159,0.1767,0.2033,0.2345,0.2657,0.1985,0.2788,0.311,0.3648,0.4188,0.447,0.4098,3557303,100.0,05/10/2026 12:52:34
61670,False,0.1876,0.2127,0.2429,0.2757,0.3131,0.2461,0.2962,0.3251,0.3828,0.4377,0.4631,0.4237,3503406,100.0,05/10/2026 12:52:47
61689,False,0.1701,0.1917,0.2196,0.2492,0.289,0.2161,0.2334,0.2624,0.3218,0.3805,0.4109,0.3689,3515152,100.0,05/10/2026 12:52:47
61697,False,0.1696,0.1909,0.2187,0.2494,0.284,0.2077,0.036,0.0784,0.1603,0.2434,0.2815,0.1498,3503505,100.0,05/10/2026 12:52:54
61700,False,0.1517,0.1686,0.1952,0.2236,0.2559,0.1952,0.0024,0.0094,0.0427,0.101,0.1346,0.0065,3543253,100.0,05/10/2026 12:52:38
61719,False,0.1464,0.1662,0.1922,0.2199,0.2506,0.1887,0.0316,0.0635,0.127,0.1891,0.2226,0.1555,3503604,100.0,05/10/2026 12:52:39
61727,False,0.1521,0.1725,0.1983,0.2264,0.2563,0.194,0.0168,0.0492,0.1208,0.1925,0.2313,0.1607,3519071,100.0,05/10/2026 12:52:37
61735,False,0.1556,0.1776,0.2056,0.2349,0.2683,0.2084,0.233,0.2665,0.324,0.3776,0.407,0.3596,3503703,100.0,05/10/2026 12:52:53
61743,False,0.1536,0.1736,0.2008,0.2299,0.263,0.1909,0.3046,0.3393,0.4077,0.4738,0.5039,0.4737,3519055,100.0,05/10/2026 12:52:47
61751,False,0.1389,0.1596,0.1836,0.2118,0.2409,0.1841,0.2245,0.2541,0.3122,0.3697,0.4028,0.3596,3503802,100.0,05/10/2026 12:52:46
61760,False,0.1575,0.1773,0.2043,0.2339,0.2688,0.2029,0.2924,0.3293,0.399,0.4631,0.5014,0.4414,3514924,100.0,05/10/2026 12:52:48
61778,False,0.1573,0.181,0.2073,0.2381,0.2717,0.2012,0.0182,0.0569,0.1428,0.2295,0.28,0.1941,3503901,100.0,05/10/2026 12:52:38
61786,False,0.1769,0.2,0.2279,0.2614,0.2992,0.2275,0.0032,0.0121,0.0644,0.1397,0.1783,0.0833,3507159,100.0,05/10/2026 12:52:37
61794,False,0.1798,0.2018,0.2309,0.2632,0.2962,0.2342,0.1902,0.2201,0.2787,0.3382,0.371,0.3267,3504008,100.0,05/10/2026 12:52:35
61808,False,0.1618,0.1827,0.2107,0.241,0.2742,0.2163,0.0043,0.0148,0.0668,0.137,0.1736,0.0857,3540259,100.0,05/10/2026 12:52:33
61816,False,0.1621,0.1842,0.2125,0.2414,0.2722,0.2105,0.1586,0.2031,0.2846,0.3647,0.4094,0.3506,3504107,100.0,05/10/2026 12:52:34
61824,False,0.1917,0.2163,0.2472,0.2793,0.3199,0.252,0.2228,0.2619,0.3266,0.3893,0.4215,0.3565,3536257,100.0,05/10/2026 12:52:36
61832,False,0.1624,0.1842,0.2112,0.2417,0.271,0.2192,0.3236,0.3455,0.3903,0.4317,0.4539,0.4212,3504206,100.0,05/10/2026 12:52:50
61840,False,0.1688,0.1924,0.2198,0.2514,0.2872,0.2225,0.0789,0.1104,0.1784,0.2422,0.2803,0.2071,3553856,100.0,05/10/2026 12:52:36
61859,False,0.2105,0.2382,0.2726,0.3071,0.3488,0.2557,0.0036,0.012,0.0612,0.1273,0.1649,0.0799,3504305,100.0,05/10/2026 12:52:37
61867,False,0.139,0.1606,0.1863,0.2132,0.2416,0.1849,0.4448,0.4742,0.534,0.5885,0.6174,0.5781,3528858,100.0,05/10/2026 12:52:47
61875,False,0.1747,0.1968,0.2267,0.2578,0.2928,0.2231,0.0346,0.0627,0.1263,0.1887,0.2221,0.1542,3504404,100.0,05/10/2026 12:52:54
61883,False,0.1952,0.2185,0.2485,0.2829,0.3252,0.2468,0.0023,0.0101,0.0583,0.1418,0.1831,0.0299,3549250,100.0,05/10/2026 12:52:58
61891,False,0.1792,0.2051,0.2348,0.267,0.3014,0.2347,0.2014,0.2396,0.3031,0.3684,0.401,0.3603,3504503,100.0,05/10/2026 12:52:46
61905,False,0.1703,0.1937,0.2221,0.253,0.2857,0.2193,0.003,0.0135,0.071,0.1518,0.1977,0.104,3549953,100.0,05/10/2026 12:52:35
61913,False,0.1727,0.1948,0.2244,0.2547,0.2919,0.2264,0.2791,0.313,0.3752,0.4354,0.4693,0.4337,3504602,100.0,05/10/2026 12:52:59
61921,False,0.1887,0.2126,0.242,0.2741,0.3111,0.2399,0.1678,0.2052,0.2768,0.3429,0.3768,0.3015,3557154,100.0,05/10/2026 12:52:37
61930,False,0.2174,0.2453,0.2779,0.3123,0.353,0.2636,0.0623,0.1059,0.2085,0.3054,0.3548,0.2377,3504701,100.0,05/10/2026 12:52:36
61948,False,0.1683,0.1913,0.2194,0.2491,0.2864,0.2255,0.0304,0.0578,0.1242,0.19,0.2242,0.141,3522653,100.0,05/10/2026 12:52:35
61956,False,0.1594,0.1811,0.2089,0.2382,0.2721,0.2097,0.3227,0.36,0.4198,0.479,0.5099,0.4754,3504800,100.0,05/10/2026 12:52:37
61964,False,0.1838,0.2103,0.239,0.2714,0.3125,0.2382,0.0816,0.1258,0.2064,0.2871,0.325,0.2292,3529658,100.0,05/10/2026 12:52:47
61972,False,0.1543,0.1761,0.2009,0.2304,0.2631,0.2033,0.0019,0.0084,0.0446,0.1077,0.1436,0.0198,3504909,100.0,05/10/2026 12:52:40
61980,False,0.174,0.1971,0.2249,0.2566,0.2907,0.2167,0.1151,0.1426,0.1992,0.2534,0.2862,0.2256,3532827,100.0,05/10/2026 12:52:47
61999,False,0.1895,0.2138,0.244,0.2768,0.3153,0.2396,0.125,0.1569,0.2108,0.2689,0.2983,0.2366,3505104,100.0,05/10/2026 12:52:55
62006,False,0.2702,0.299,0.3374,0.3761,0.4195,0.3292,0.0247,0.0528,0.1161,0.1833,0.215,0.1489,3520426,100.0,05/10/2026 12:52:38
62014,False,0.1979,0.2198,0.2514,0.2839,0.3254,0.2598,0.0218,0.0543,0.1306,0.2048,0.2458,0.1594,3505005,100.0,05/10/2026 12:52:49
62022,False,0.1603,0.1826,0.2101,0.2408,0.2772,0.2138,0.0941,0.1525,0.2612,0.3584,0.409,0.3199,3527256,100.0,05/10/2026 12:52:39
62030,False,0.1744,0.1984,0.2267,0.2589,0.2926,0.23,0.3213,0.3534,0.4108,0.4676,0.5012,0.4707,3505203,100.0,05/10/2026 12:52:48
62049,False,0.1753,0.1999,0.2279,0.2605,0.2977,0.2201,0.253,0.2896,0.3637,0.4316,0.4656,0.4002,3554656,100.0,05/10/2026 12:52:48
62057,False,0.1553,0.1752,0.2036,0.2326,0.2626,0.2031,0.2416,0.2741,0.3385,0.4016,0.4367,0.3949,3505302,100.0,05/10/2026 12:52:55
62065,False,0.2077,0.2347,0.2665,0.3018,0.3417,0.2627,0.3087,0.3422,0.4096,0.4778,0.5093,0.4444,3503356,100.0,05/10/2026 12:53:00
62073,False,0.2566,0.2884,0.3256,0.3635,0.4053,0.3173,0.0022,0.0088,0.0427,0.0973,0.1274,0.0552,3505401,100.0,05/10/2026 12:52:50
62081,False,0.2078,0.2312,0.2632,0.2968,0.3379,0.2613,0.0021,0.0105,0.0535,0.1215,0.1637,0.067,3507753,100.0,05/10/2026 12:52:35
62090,False,0.1817,0.2047,0.2355,0.2659,0.3034,0.2371,0.1595,0.1935,0.2572,0.3219,0.3577,0.3062,3505500,100.0,05/10/2026 12:52:55
62103,False,0.1441,0.1626,0.1879,0.2143,0.2405,0.1886,0.0744,0.121,0.2021,0.2812,0.3195,0.2418,3509957,100.0,05/10/2026 12:52:35
62111,False,0.1432,0.1629,0.1868,0.2143,0.2442,0.1852,0.0017,0.0067,0.0395,0.0967,0.13,0.0573,3505609,100.0,05/10/2026 12:52:35
62120,False,0.1872,0.2074,0.2368,0.27,0.3066,0.2344,0.0453,0.0996,0.1908,0.2782,0.3266,0.2119,3540853,100.0,05/10/2026 12:52:50
62138,False,0.1849,0.2063,0.2353,0.2672,0.3058,0.2264,0.0026,0.0106,0.0563,0.1316,0.1846,0.0875,3505708,100.0,05/10/2026 12:52:34
62146,False,0.1842,0.2104,0.2408,0.2733,0.3113,0.2392,0.1317,0.1681,0.2305,0.2955,0.3341,0.2657,3541059,100.0,05/10/2026 12:52:46
62154,False,0.1916,0.2145,0.2446,0.2771,0.3126,0.2492,0.4021,0.4286,0.4762,0.5203,0.5504,0.5248,3505807,100.0,05/10/2026 12:52:36
62162,False,0.2171,0.2444,0.2781,0.3143,0.352,0.2728,0.1744,0.2098,0.2829,0.351,0.3869,0.3216,3541653,100.0,05/10/2026 12:52:37
62170,False,0.1526,0.1731,0.1989,0.227,0.2561,0.1996,0.0535,0.097,0.1738,0.2507,0.2935,0.2234,3505906,100.0,05/10/2026 12:52:36
62189,False,0.1887,0.2153,0.2455,0.2776,0.3123,0.2392,0.0789,0.1299,0.2132,0.2972,0.3303,0.2489,3546256,100.0,05/10/2026 12:52:46
62197,False,0.1996,0.2224,0.2542,0.2877,0.3245,0.2525,0.1004,0.1379,0.2144,0.2934,0.3335,0.2668,3506003,100.0,05/10/2026 12:52:35
62200,False,0.1295,0.1456,0.1687,0.1941,0.2258,0.1644,0.3297,0.3656,0.4402,0.5126,0.5497,0.4791,3547650,100.0,05/10/2026 12:52:36
62219,False,0.1752,0.1976,0.2265,0.2583,0.2957,0.2295,0.2869,0.3195,0.3797,0.4394,0.4735,0.4377,3506102,100.0,05/10/2026 12:52:48
62227,False,0.1039,0.1208,0.1404,0.1631,0.1848,0.1444,0.1012,0.1435,0.228,0.3088,0.3469,0.245,3556958,100.0,05/10/2026 12:52:49
62235,False,0.1898,0.2135,0.242,0.2753,0.3092,0.2512,0.101,0.1398,0.214,0.2869,0.3275,0.2292,3506201,100.0,05/10/2026 12:52:36
62243,False,0.1939,0.218,0.2488,0.2813,0.3171,0.2498,0.3273,0.3565,0.4105,0.4655,0.4941,0.4532,3521150,100.0,05/10/2026 12:52:38
62251,False,0.1736,0.1943,0.2237,0.2553,0.2844,0.2219,0.1955,0.2314,0.2935,0.3546,0.384,0.338,3506300,100.0,05/10/2026 12:52:49
62260,False,0.1424,0.1638,0.1884,0.2167,0.2475,0.1862,0.1253,0.1704,0.2445,0.3173,0.3523,0.272,3553658,100.0,05/10/2026 12:52:59
62278,False,0.168,0.1894,0.2182,0.2492,0.2813,0.2274,0.3218,0.3445,0.396,0.4475,0.4733,0.4326,3506409,100.0,05/10/2026 12:52:46
62286,False,0.1793,0.1983,0.2268,0.2595,0.2922,0.2204,0.2777,0.3177,0.3981,0.4695,0.5058,0.4365,3515657,100.0,05/10/2026 12:52:55
62294,False,0.1668,0.1884,0.2149,0.2457,0.2802,0.2206,0.3773,0.4073,0.4508,0.4981,0.5249,0.5042,3506508,100.0,05/10/2026 12:52:35
62308,False,0.174,0.1942,0.2244,0.2549,0.2953,0.2193,0.0022,0.0101,0.0486,0.1156,0.1526,0.0211,3516853,100.0,05/10/2026 12:52:37
62316,False,0.1932,0.2168,0.2481,0.2809,0.3193,0.2418,0.1022,0.1393,0.2141,0.2864,0.331,0.2657,3506607,100.0,05/10/2026 12:52:34
62324,False,0.1649,0.1862,0.2144,0.2439,0.2802,0.2145,0.2544,0.2958,0.3769,0.4509,0.4887,0.4254,3525854,100.0,05/10/2026 12:52:49
62332,False,0.1723,0.1961,0.2253,0.2557,0.2915,0.2226,0.0016,0.0059,0.0374,0.0899,0.1195,0.0396,3506706,100.0,05/10/2026 12:52:38
62340,False,0.1806,0.2057,0.2347,0.2668,0.2992,0.2398,0.0113,0.0393,0.1133,0.1909,0.2394,0.1346,3532157,100.0,05/10/2026 12:52:50
62359,False,0.1609,0.1821,0.2081,0.2378,0.2727,0.2064,0.3099,0.3444,0.4042,0.464,0.4957,0.4585,3506805,100.0,05/10/2026 12:52:50
62367,False,0.1767,0.2023,0.2311,0.2645,0.2952,0.218,0.162,0.2065,0.3049,0.3957,0.4384,0.3408,3532868,100.0,05/10/2026 12:52:58
62375,False,0.2196,0.2474,0.2788,0.3149,0.3537,0.2718,0.1535,0.183,0.2416,0.2996,0.3273,0.2768,3506904,100.0,05/10/2026 12:52:48
62383,False,0.1829,0.2044,0.2346,0.2673,0.3005,0.2354,0.1677,0.1987,0.2563,0.3095,0.3397,0.2878,3534757,100.0,05/10/2026 12:52:37
62391,False,0.1768,0.1978,0.2251,0.2569,0.2923,0.2281,0.2202,0.2521,0.3132,0.3725,0.4105,0.3669,3507001,100.0,05/10/2026 12:52:35
62405,False,0.1967,0.2219,0.2528,0.2882,0.3226,0.2493,0.1671,0.208,0.2885,0.3708,0.4121,0.3245,3536570,100.0,05/10/2026 12:52:37
62413,False,0.1592,0.1816,0.2094,0.2375,0.2711,0.2066,0.1532,0.1962,0.2751,0.3547,0.3954,0.3362,3507100,100.0,05/10/2026 12:52:34
62421,False,0.1693,0.1907,0.2172,0.248,0.2798,0.2271,0.003,0.012,0.0635,0.1398,0.1797,0.0753,3543238,100.0,05/10/2026 12:53:00
62430,False,0.1659,0.1901,0.2186,0.2491,0.28,0.2133,0.1947,0.2425,0.3409,0.43,0.4738,0.3699,3507209,100.0,05/10/2026 12:52:48
62448,False,0.1745,0.1959,0.2261,0.2574,0.2914,0.2099,0.0032,0.0113,0.0557,0.1317,0.1799,0.0,3554755,100.0,05/10/2026 12:53:00
62456,False,0.1667,0.1862,0.2147,0.2449,0.2784,0.2075,0.1712,0.2104,0.2795,0.3462,0.3828,0.316,3507308,100.0,05/10/2026 12:52:56
62472,False,0.1588,0.1813,0.2076,0.2382,0.2754,0.2169,0.3245,0.3547,0.4077,0.458,0.4865,0.4556,3507407,100.0,05/10/2026 12:52:37
62499,False,0.1811,0.2058,0.236,0.2679,0.307,0.2293,0.0329,0.076,0.1613,0.2492,0.297,0.2164,3507506,100.0,05/10/2026 12:52:35
62510,False,0.155,0.1752,0.203,0.2328,0.267,0.2013,0.2064,0.2471,0.3239,0.3956,0.4403,0.3915,3507605,100.0,05/10/2026 12:52:55
62553,False,0.1497,0.1699,0.1956,0.2238,0.256,0.1957,0.3216,0.3511,0.4024,0.4505,0.4761,0.4272,3507704,100.0,05/10/2026 12:52:58
62570,False,0.1255,0.1434,0.165,0.1903,0.2189,0.1738,0.3164,0.3484,0.4071,0.4639,0.4949,0.4626,3507803,100.0,05/10/2026 12:52:37
62596,False,0.1893,0.2144,0.2458,0.28,0.3165,0.2464,0.3189,0.3483,0.4072,0.4618,0.4966,0.465,3507902,100.0,05/10/2026 12:52:37
62618,False,0.1761,0.2003,0.2296,0.262,0.2942,0.2281,0.2536,0.2777,0.3204,0.3642,0.3883,0.3501,3508009,100.0,05/10/2026 12:52:35
62634,False,0.1796,0.2021,0.2318,0.2632,0.3014,0.2407,0.2538,0.2787,0.3251,0.3717,0.3972,0.3601,3508108,100.0,05/10/2026 12:52:40
62650,False,0.1672,0.1869,0.2157,0.246,0.2793,0.2136,0.3187,0.3498,0.4073,0.4644,0.4932,0.4468,3508207,100.0,05/10/2026 12:52:47
62677,False,0.1944,0.2196,0.2499,0.2841,0.3199,0.2418,0.0406,0.0813,0.1635,0.2423,0.2874,0.2008,3508306,100.0,05/10/2026 12:52:49
62693,False,0.1749,0.1988,0.2264,0.2584,0.2922,0.2242,0.1796,0.2167,0.2846,0.35,0.3917,0.3382,3508405,100.0,05/10/2026 12:52:33
62715,False,0.1534,0.1755,0.2007,0.2288,0.2659,0.201,0.1663,0.2096,0.2841,0.355,0.3962,0.345,3508504,100.0,05/10/2026 12:52:48
62731,False,0.172,0.1925,0.2216,0.252,0.288,0.2176,0.077,0.1216,0.1936,0.2608,0.2983,0.2392,3508603,100.0,05/10/2026 12:52:46
62758,False,0.1812,0.2041,0.2336,0.2647,0.306,0.236,0.0762,0.1107,0.1786,0.2449,0.28,0.2141,3508702,100.0,05/10/2026 12:52:39
62774,False,0.1845,0.2093,0.2391,0.2726,0.306,0.2393,0.1796,0.2178,0.2759,0.3361,0.3716,0.3184,3508801,100.0,05/10/2026 12:52:36
62790,False,0.1515,0.1712,0.1958,0.2247,0.256,0.1985,0.0214,0.0531,0.1273,0.1969,0.2368,0.1494,3508900,100.0,05/10/2026 12:52:37
62812,False,0.1805,0.2055,0.2353,0.2678,0.3046,0.2292,0.0027,0.0112,0.0591,0.1344,0.1781,0.0886,3509007,100.0,05/10/2026 12:52:37
62839,False,0.2164,0.2421,0.2759,0.3111,0.3507,0.2742,0.0021,0.0077,0.0396,0.0946,0.1269,0.0072,3509106,100.0,05/10/2026 12:52:37
62855,False,0.164,0.1838,0.2122,0.2425,0.2735,0.2064,0.004,0.0153,0.0776,0.1622,0.2134,0.1201,3509205,100.0,05/10/2026 12:52:34
62871,False,0.1139,0.13,0.1514,0.1746,0.2044,0.1528,0.204,0.2413,0.3005,0.3554,0.3851,0.335,3509304,100.0,05/10/2026 12:53:00
62898,False,0.1681,0.1883,0.217,0.2485,0.2814,0.2198,0.0276,0.0587,0.1209,0.1841,0.2217,0.1538,3509403,100.0,05/10/2026 12:52:48
62910,False,0.1834,0.2068,0.2363,0.2696,0.3011,0.2371,0.0092,0.037,0.1123,0.1919,0.2306,0.1535,3509502,100.0,05/10/2026 12:52:34
62936,False,0.1679,0.191,0.2193,0.2505,0.2855,0.2148,0.0258,0.0646,0.1495,0.2295,0.2737,0.2014,3509601,100.0,05/10/2026 12:52:36
62952,False,0.1786,0.2015,0.2303,0.2624,0.2984,0.2337,0.1362,0.1849,0.2684,0.3489,0.3909,0.334,3509700,100.0,05/10/2026 12:52:35
62979,False,0.1793,0.2008,0.2298,0.2618,0.2999,0.2297,0.2254,0.2584,0.3196,0.3745,0.4011,0.3421,3509809,100.0,05/10/2026 12:52:35
62995,False,0.2137,0.244,0.2746,0.3127,0.3514,0.2659,0.0492,0.0802,0.1399,0.2011,0.236,0.168,3509908,100.0,05/10/2026 12:52:35
63010,False,0.1579,0.1787,0.2055,0.2356,0.2685,0.213,0.3276,0.3556,0.4064,0.4569,0.481,0.4557,3510005,100.0,05/10/2026 12:52:39
63037,False,0.1829,0.2084,0.2387,0.2727,0.3098,0.2425,0.3283,0.3626,0.4267,0.4879,0.5172,0.4635,3510104,100.0,05/10/2026 12:52:48
63053,False,0.1639,0.1888,0.217,0.2484,0.2847,0.2149,0.1643,0.1938,0.2555,0.3189,0.3518,0.3018,3510203,100.0,05/10/2026 12:52:35
63070,False,0.1476,0.1689,0.194,0.223,0.2543,0.2053,0.3216,0.3486,0.3994,0.4481,0.474,0.4444,3510302,100.0,05/10/2026 12:52:36
63096,False,0.1518,0.1711,0.1968,0.2251,0.2606,0.1976,0.2683,0.2986,0.3606,0.4223,0.4548,0.4174,3510401,100.0,05/10/2026 12:52:46
63118,False,0.18,0.2046,0.2327,0.2641,0.3048,0.2283,0.0737,0.1137,0.1821,0.257,0.2907,0.229,3510500,100.0,05/10/2026 12:52:54
63134,False,0.2,0.2273,0.259,0.2912,0.3264,0.2528,0.0038,0.0133,0.0628,0.1387,0.1769,0.0332,3510609,100.0,05/10/2026 12:52:35
63150,False,0.2205,0.2516,0.2844,0.3205,0.3601,0.2889,0.0587,0.0851,0.1357,0.1889,0.2169,0.1594,3510708,100.0,05/10/2026 12:52:49
63177,False,0.1964,0.2242,0.2565,0.2917,0.3315,0.2539,0.2242,0.2623,0.3289,0.3981,0.4298,0.3871,3510807,100.0,05/10/2026 12:52:38
63193,False,0.1601,0.1819,0.209,0.2387,0.2722,0.218,0.0152,0.0455,0.1239,0.2053,0.2477,0.1547,3510906,100.0,05/10/2026 12:52:49
63215,False,0.1795,0.2031,0.2341,0.2668,0.299,0.2378,0.002,0.0076,0.0405,0.0894,0.1156,0.0225,3511003,100.0,05/10/2026 12:52:35
63231,False,0.1808,0.2007,0.2288,0.2613,0.2982,0.2311,0.3111,0.3377,0.3937,0.4483,0.4792,0.4481,3511102,100.0,05/10/2026 12:52:37
63258,False,0.1408,0.1588,0.1834,0.2099,0.2444,0.1831,0.2607,0.2895,0.3427,0.3968,0.4251,0.3757,3511201,100.0,05/10/2026 12:52:47
63274,False,0.163,0.1824,0.2097,0.2405,0.2779,0.2123,0.309,0.3433,0.41,0.4722,0.5083,0.4708,3511300,100.0,05/10/2026 12:52:46
63290,False,0.2083,0.2362,0.2688,0.3034,0.3441,0.2702,0.1821,0.219,0.2885,0.3641,0.3975,0.3474,3511409,100.0,05/10/2026 12:52:51
63312,False,0.166,0.1857,0.2127,0.2424,0.2761,0.2157,0.3517,0.3883,0.4461,0.505,0.5424,0.5125,3511508,100.0,05/10/2026 12:52:37
63339,False,0.1722,0.1961,0.2251,0.2563,0.2857,0.2292,0.3601,0.3849,0.4326,0.4808,0.5051,0.4793,3511607,100.0,05/10/2026 12:52:37
63355,False,0.1689,0.1914,0.2201,0.2504,0.2899,0.218,0.3319,0.3567,0.4066,0.4582,0.4872,0.453,3511706,100.0,05/10/2026 12:52:59
63371,False,0.167,0.1905,0.2194,0.249,0.2804,0.2105,0.1531,0.1863,0.2511,0.3157,0.3481,0.2933,3557204,100.0,05/10/2026 12:52:47
63398,False,0.1424,0.1624,0.1878,0.2152,0.2466,0.1937,0.2551,0.2869,0.3411,0.3954,0.4207,0.3746,3511904,100.0,05/10/2026 12:52:48
63410,False,0.1737,0.1967,0.2249,0.2555,0.2901,0.2305,0.0074,0.0271,0.1287,0.2765,0.3472,0.2161,3512001,100.0,05/10/2026 12:52:47
63436,False,0.2044,0.2298,0.2615,0.2944,0.3318,0.2538,0.0062,0.0257,0.0837,0.1435,0.1764,0.1042,3512100,100.0,05/10/2026 12:52:35
63452,False,0.1297,0.1479,0.1713,0.1984,0.229,0.1714,0.3974,0.4176,0.4592,0.499,0.5223,0.5006,3512209,100.0,05/10/2026 12:52:35
63479,False,0.2191,0.2433,0.2774,0.3138,0.3527,0.2823,0.3206,0.3496,0.4049,0.4593,0.4866,0.4572,3512308,100.0,05/10/2026 12:52:55
63495,False,0.1469,0.1664,0.1913,0.2204,0.2508,0.1924,0.2646,0.3,0.364,0.424,0.46,0.4199,3512407,100.0,05/10/2026 12:52:56
63517,False,0.1468,0.1681,0.194,0.2226,0.2526,0.1967,0.31,0.3419,0.3983,0.4538,0.4831,0.432,3512506,100.0,05/10/2026 12:52:35
63533,False,0.1621,0.1858,0.213,0.2442,0.2812,0.1992,0.0167,0.0486,0.113,0.1767,0.2051,0.1052,3512605,100.0,05/10/2026 12:52:35
63550,False,0.1887,0.2123,0.2413,0.2747,0.3097,0.2378,0.3229,0.3594,0.4317,0.5007,0.5419,0.4944,3512704,100.0,05/10/2026 12:52:48
63576,False,0.1709,0.1899,0.2187,0.251,0.2861,0.2184,0.0594,0.0927,0.1528,0.216,0.2534,0.1912,3512803,100.0,05/10/2026 12:53:00
63592,False,0.16,0.1805,0.2061,0.2366,0.2683,0.2085,0.2052,0.2294,0.2803,0.3306,0.3575,0.3074,3512902,100.0,05/10/2026 12:52:59
63614,False,0.184,0.2037,0.2356,0.2677,0.3043,0.2283,0.0023,0.0088,0.0501,0.1216,0.1709,0.0502,3513009,100.0,05/10/2026 12:52:34
63630,False,0.1902,0.2152,0.2457,0.2781,0.3135,0.2487,0.2146,0.2522,0.321,0.3956,0.4373,0.3875,3513108,100.0,05/10/2026 12:52:35
63657,False,0.1799,0.2043,0.233,0.2648,0.3004,0.2313,0.1084,0.1464,0.2236,0.2989,0.336,0.2685,3513207,100.0,05/10/2026 12:52:47
63673,False,0.1325,0.1514,0.1739,0.2001,0.2277,0.1663,0.26,0.3008,0.3729,0.4431,0.4801,0.4041,3513306,100.0,05/10/2026 12:52:47
63690,False,0.1634,0.1844,0.2109,0.2409,0.2748,0.21,0.0729,0.1153,0.1982,0.2794,0.3231,0.2574,3513405,100.0,05/10/2026 12:52:36
63711,False,0.1616,0.1821,0.2088,0.2373,0.273,0.2045,0.0029,0.0117,0.0514,0.118,0.1528,0.0206,3513504,100.0,05/10/2026 12:52:36
63738,False,0.1633,0.1813,0.2086,0.2387,0.2688,0.2206,0.1055,0.1352,0.1879,0.2448,0.2749,0.2222,3513603,100.0,05/10/2026 12:52:37
63754,False,0.2043,0.2272,0.2581,0.2928,0.3325,0.2608,0.2786,0.3195,0.3911,0.4596,0.4958,0.4606,3513702,100.0,05/10/2026 12:52:59
63770,False,0.1789,0.2024,0.2316,0.2647,0.2977,0.2275,0.055,0.0983,0.1808,0.2532,0.2999,0.166,3513801,100.0,05/10/2026 12:52:46
63797,False,0.1525,0.1751,0.2008,0.2308,0.2663,0.208,0.3317,0.3598,0.4157,0.4692,0.4931,0.4639,3513900,100.0,05/10/2026 12:52:38
63819,False,0.1672,0.1894,0.2177,0.2471,0.2796,0.224,0.0018,0.0069,0.0352,0.0881,0.12,0.0122,3514007,100.0,05/10/2026 12:52:53
63835,False,0.1894,0.2136,0.2441,0.2774,0.3118,0.2467,0.2834,0.309,0.3605,0.4111,0.436,0.4032,3514106,100.0,05/10/2026 12:52:38
63851,False,0.1488,0.1693,0.1954,0.2243,0.2529,0.1935,0.024,0.0641,0.1471,0.2205,0.2617,0.1382,3514205,100.0,05/10/2026 12:52:48
63878,False,0.1544,0.1752,0.2023,0.2323,0.2638,0.2042,0.1416,0.1859,0.2574,0.3272,0.3632,0.3056,3514304,100.0,05/10/2026 12:52:38
63894,False,0.188,0.2129,0.245,0.2772,0.3167,0.2462,0.3979,0.4223,0.4698,0.517,0.5413,0.522,3514403,100.0,05/10/2026 12:52:39
63916,False,0.1823,0.2067,0.2362,0.2685,0.3019,0.2383,0.1437,0.1762,0.2376,0.3048,0.3421,0.2822,3514502,100.0,05/10/2026 12:52:49
63932,False,0.1477,0.1668,0.1919,0.2203,0.2539,0.1961,0.2435,0.2811,0.3498,0.4181,0.4589,0.4072,3514601,100.0,05/10/2026 12:52:38
63959,False,0.1853,0.21,0.2404,0.2732,0.306,0.2408,0.2616,0.2853,0.3412,0.3953,0.4202,0.3715,3514700,100.0,05/10/2026 12:52:35
63975,False,0.2234,0.2462,0.2791,0.3149,0.355,0.2823,0.0295,0.057,0.1069,0.1568,0.1856,0.1268,3514809,100.0,05/10/2026 12:52:37
63991,False,0.1448,0.164,0.1885,0.2172,0.2513,0.1883,0.2971,0.3273,0.3834,0.4389,0.4704,0.4321,3514908,100.0,05/10/2026 12:52:47
64017,False,0.1804,0.2023,0.2304,0.2616,0.2949,0.2193,0.0107,0.0332,0.1111,0.1902,0.2318,0.0932,3515004,100.0,05/10/2026 12:52:35
64033,False,0.2016,0.2262,0.258,0.2931,0.3303,0.2542,0.003,0.0107,0.0484,0.1208,0.1671,0.0497,3515103,100.0,05/10/2026 12:52:37
64050,False,0.1678,0.1901,0.2184,0.25,0.2822,0.2216,0.3208,0.3483,0.4068,0.4613,0.4962,0.4531,3515202,100.0,05/10/2026 12:52:49
64076,False,0.1814,0.2079,0.2378,0.2721,0.3043,0.2253,0.0022,0.008,0.0426,0.1054,0.1394,0.0069,3515301,100.0,05/10/2026 12:52:37
64092,False,0.1805,0.2051,0.2328,0.2664,0.301,0.2345,0.0559,0.0938,0.1614,0.231,0.2657,0.2025,3515400,100.0,05/10/2026 12:52:47
64114,False,0.1768,0.2034,0.2322,0.264,0.2958,0.2386,0.2118,0.2433,0.2993,0.354,0.3862,0.344,3515509,100.0,05/10/2026 12:52:51
64130,False,0.1807,0.2031,0.2316,0.2637,0.3007,0.2225,0.2818,0.3139,0.3774,0.4403,0.4708,0.4249,3515608,100.0,05/10/2026 12:52:48
64157,False,0.1558,0.1786,0.2041,0.2339,0.2666,0.1972,0.0075,0.0274,0.1041,0.1838,0.2243,0.0821,3515707,100.0,05/10/2026 12:52:37
64173,False,0.2129,0.2406,0.2718,0.307,0.3449,0.2605,0.0058,0.0214,0.0938,0.1908,0.2376,0.115,3515806,100.0,05/10/2026 12:52:49
64190,False,0.1879,0.2088,0.2389,0.2728,0.3102,0.2358,0.0668,0.1062,0.1875,0.2668,0.3102,0.2196,3515905,100.0,05/10/2026 12:52:49
64211,False,0.1783,0.2045,0.2334,0.2656,0.3012,0.2317,0.2665,0.2887,0.338,0.3845,0.411,0.3654,3516002,100.0,05/10/2026 12:52:36
64238,False,0.1927,0.2175,0.2484,0.2807,0.3196,0.2246,0.0041,0.0128,0.0685,0.1532,0.1999,0.0935,3516101,100.0,05/10/2026 12:52:59
64254,False,0.167,0.1892,0.217,0.2467,0.2845,0.2161,0.1592,0.2007,0.2719,0.3494,0.3896,0.3336,3516200,100.0,05/10/2026 12:52:47
64270,False,0.1963,0.2244,0.2558,0.2885,0.3299,0.2494,0.0522,0.0894,0.1643,0.233,0.2678,0.1526,3516309,100.0,05/10/2026 12:52:35
64297,False,0.2103,0.2344,0.2674,0.3015,0.3398,0.2606,0.0038,0.0169,0.0735,0.1452,0.1859,0.0472,3516408,100.0,05/10/2026 12:52:35
64319,False,0.1444,0.1649,0.1907,0.2168,0.2477,0.1872,0.376,0.4122,0.4737,0.5322,0.5645,0.5121,3516507,100.0,05/10/2026 12:52:38
64335,False,0.1805,0.2038,0.2333,0.265,0.2963,0.2274,0.0031,0.0127,0.0638,0.1355,0.1776,0.0889,3516606,100.0,05/10/2026 12:52:39
64351,False,0.1814,0.2034,0.233,0.2656,0.3021,0.2323,0.2571,0.2916,0.3477,0.4064,0.4382,0.4013,3516705,100.0,05/10/2026 12:52:46
64378,False,0.1566,0.1769,0.2033,0.2324,0.2695,0.2037,0.0034,0.013,0.0637,0.1407,0.1795,0.0436,3516804,100.0,05/10/2026 12:52:47
64394,False,0.1933,0.2162,0.247,0.2819,0.3243,0.2481,0.2561,0.2838,0.3335,0.3834,0.409,0.3683,3516903,100.0,05/10/2026 12:52:54
64416,False,0.2287,0.2547,0.2895,0.3256,0.3608,0.2899,0.0931,0.1284,0.1896,0.2537,0.2845,0.2222,3517000,100.0,05/10/2026 12:52:38
64432,False,0.1782,0.2019,0.2311,0.2624,0.3006,0.2296,0.1748,0.2083,0.2751,0.3353,0.371,0.3046,3517109,100.0,05/10/2026 12:52:37
64459,False,0.1996,0.2246,0.2575,0.2908,0.3265,0.2559,0.177,0.2137,0.2732,0.3341,0.3691,0.3123,3517208,100.0,05/10/2026 12:53:00
64475,False,0.196,0.2224,0.2531,0.2872,0.3238,0.247,0.0351,0.0749,0.1421,0.2076,0.2424,0.1678,3517307,100.0,05/10/2026 12:53:00
64491,False,0.196,0.2189,0.2512,0.2839,0.3234,0.2645,0.2331,0.2592,0.3204,0.3781,0.4073,0.368,3517406,100.0,05/10/2026 12:52:35
64513,False,0.1697,0.1933,0.2219,0.2512,0.2887,0.2291,0.2128,0.2455,0.3039,0.3623,0.3912,0.35,3517505,100.0,05/10/2026 12:52:46
64530,False,0.1816,0.2056,0.2344,0.2682,0.3024,0.2365,0.0038,0.013,0.0537,0.1022,0.1316,0.0415,3517604,100.0,05/10/2026 12:52:34
64556,False,0.1569,0.1774,0.2048,0.2358,0.2647,0.2063,0.0085,0.0291,0.0874,0.1474,0.1786,0.1139,3517703,100.0,05/10/2026 12:52:48
64572,False,0.1927,0.2159,0.2454,0.278,0.3158,0.2445,0.2449,0.278,0.3363,0.3899,0.4171,0.3713,3517802,100.0,05/10/2026 12:52:59
64599,False,0.1676,0.1884,0.215,0.2448,0.2811,0.2152,0.0034,0.0119,0.0586,0.1193,0.1507,0.0781,3517901,100.0,05/10/2026 12:52:36
64610,False,0.1754,0.201,0.2287,0.2608,0.296,0.2352,0.0024,0.0088,0.0452,0.1167,0.1642,0.0163,3518008,100.0,05/10/2026 12:52:35
64637,False,0.1842,0.2108,0.2409,0.2735,0.3114,0.2406,0.1768,0.217,0.281,0.3483,0.3796,0.3201,3518107,100.0,05/10/2026 12:52:36
64653,False,0.1879,0.2135,0.2438,0.2756,0.3121,0.2504,0.2889,0.3119,0.3669,0.4145,0.4438,0.4122,3518206,100.0,05/10/2026 12:52:48
64670,False,0.1743,0.1968,0.2253,0.2558,0.294,0.2193,0.2295,0.2611,0.3205,0.3753,0.4045,0.3644,3518305,100.0,05/10/2026 12:52:34
64696,False,0.1561,0.1773,0.2043,0.2349,0.2669,0.2026,0.153,0.1942,0.2692,0.3437,0.3832,0.3302,3518404,100.0,05/10/2026 12:52:38
64718,False,0.1435,0.1639,0.1888,0.2173,0.247,0.1928,0.3008,0.3305,0.3857,0.4412,0.4684,0.4325,3518503,100.0,05/10/2026 12:52:38
64734,False,0.1585,0.1797,0.2062,0.2368,0.2692,0.2062,0.0314,0.0636,0.1334,0.2018,0.2507,0.1702,3518602,100.0,05/10/2026 12:52:33
64750,False,0.1843,0.2088,0.2392,0.2701,0.307,0.2335,0.011,0.0365,0.1082,0.1883,0.2324,0.1511,3518701,100.0,05/10/2026 12:52:47
64777,False,0.1553,0.1749,0.2001,0.2304,0.2647,0.1937,0.0029,0.0136,0.0672,0.1418,0.1894,0.1007,3518800,100.0,05/10/2026 12:52:34
64793,False,0.1881,0.2104,0.2406,0.274,0.312,0.2516,0.0022,0.0104,0.0546,0.1196,0.1609,0.0686,3518909,100.0,05/10/2026 12:52:48
64815,False,0.1892,0.2124,0.2421,0.2751,0.3097,0.2473,0.2807,0.3108,0.3566,0.4019,0.4276,0.3864,3519006,100.0,05/10/2026 12:52:58
64831,False,0.1619,0.185,0.2128,0.2439,0.275,0.2113,0.3078,0.3371,0.3898,0.4435,0.4691,0.4323,3519105,100.0,05/10/2026 12:52:40
64858,False,0.1985,0.2245,0.2548,0.2896,0.3294,0.2557,0.3309,0.3611,0.412,0.4631,0.4898,0.4477,3519204,100.0,05/10/2026 12:52:54
64874,False,0.1831,0.2046,0.233,0.2664,0.2993,0.2327,0.0555,0.0926,0.1554,0.2225,0.2601,0.1959,3519303,100.0,05/10/2026 12:52:36
64890,False,0.1397,0.1587,0.1832,0.2096,0.2432,0.1873,0.3369,0.3646,0.4139,0.4608,0.4864,0.454,3519402,100.0,05/10/2026 12:52:39
64912,False,0.1574,0.179,0.2073,0.2347,0.2714,0.2087,0.3328,0.3619,0.4151,0.4714,0.4966,0.4529,3519501,100.0,05/10/2026 12:52:36
64939,False,0.163,0.1833,0.2106,0.2395,0.2731,0.2127,0.2587,0.2884,0.3432,0.3942,0.4238,0.3895,3519600,100.0,05/10/2026 12:52:33
64955,False,0.1775,0.2015,0.2313,0.264,0.3006,0.2319,0.2227,0.2584,0.3253,0.3945,0.4351,0.3875,3519709,100.0,05/10/2026 12:52:34
64971,False,0.172,0.1947,0.2233,0.255,0.2918,0.2178,0.0166,0.0476,0.1127,0.1806,0.2101,0.1384,3519808,100.0,05/10/2026 12:52:59
64998,False,0.154,0.1739,0.2,0.2289,0.2607,0.2044,0.1795,0.2119,0.2732,0.3328,0.368,0.3079,3519907,100.0,05/10/2026 12:52:48
65013,False,0.1509,0.174,0.1992,0.2286,0.2621,0.1973,0.1419,0.1761,0.2385,0.2996,0.33,0.2787,3520004,100.0,05/10/2026 12:52:39
65030,False,0.1896,0.2149,0.246,0.2803,0.3141,0.2494,0.005,0.0225,0.086,0.1612,0.2031,0.121,3520103,100.0,05/10/2026 12:52:49
65056,False,0.1727,0.197,0.2249,0.2547,0.291,0.2226,0.1708,0.2103,0.287,0.3615,0.4037,0.3423,3520202,100.0,05/10/2026 12:52:37
65072,False,0.1965,0.2234,0.2555,0.2904,0.3285,0.2527,0.0834,0.1116,0.1611,0.2124,0.2372,0.1884,3520301,100.0,05/10/2026 12:52:37
65099,False,0.1876,0.2104,0.2397,0.2712,0.3068,0.245,0.0279,0.0623,0.135,0.2086,0.2461,0.1774,3520400,100.0,05/10/2026 12:52:35
65110,False,0.1424,0.1643,0.1902,0.2178,0.2475,0.1875,0.1632,0.2031,0.2798,0.3581,0.3991,0.347,3520509,100.0,05/10/2026 12:52:37
65137,False,0.1434,0.1637,0.1882,0.216,0.2495,0.1902,0.2503,0.2765,0.3381,0.395,0.4296,0.37,3520608,100.0,05/10/2026 12:52:51
65153,False,0.1787,0.2012,0.2307,0.2622,0.2976,0.2263,0.0039,0.0159,0.0769,0.1534,0.1926,0.1002,3520707,100.0,05/10/2026 12:52:37
65170,False,0.1417,0.1643,0.1891,0.2162,0.2489,0.1936,0.3957,0.4281,0.4841,0.5382,0.5665,0.5211,3520806,100.0,05/10/2026 12:52:49
65196,False,0.1596,0.1814,0.2059,0.2362,0.2683,0.2038,0.2118,0.2513,0.3216,0.39,0.4264,0.3753,3520905,100.0,05/10/2026 12:52:48
65218,False,0.1929,0.2172,0.2485,0.2809,0.3166,0.244,0.0107,0.0371,0.1072,0.1812,0.221,0.1447,3521002,100.0,05/10/2026 12:52:34
65234,False,0.1838,0.2084,0.2373,0.269,0.3067,0.2377,0.3425,0.3759,0.4331,0.4852,0.5152,0.4783,3521101,100.0,05/10/2026 12:52:56
65250,False,0.1899,0.2137,0.2443,0.2785,0.3139,0.2399,0.0484,0.085,0.1599,0.2278,0.2631,0.1512,3521200,100.0,05/10/2026 12:52:36
65277,False,0.1611,0.1854,0.2136,0.2443,0.2768,0.2171,0.0022,0.0074,0.0438,0.1035,0.1369,0.0618,3521309,100.0,05/10/2026 12:52:48
65293,False,0.1294,0.1459,0.1687,0.1937,0.2247,0.1674,0.2979,0.3294,0.3824,0.4379,0.4678,0.433,3521408,100.0,05/10/2026 12:52:36
65315,False,0.1737,0.1933,0.2203,0.2503,0.2855,0.2331,0.3985,0.4237,0.4647,0.5057,0.524,0.489,3521507,100.0,05/10/2026 12:52:33
65331,False,0.1842,0.2084,0.2407,0.2734,0.3089,0.24,0.1637,0.1988,0.2608,0.3212,0.3504,0.2917,3521606,100.0,05/10/2026 12:52:49
65358,False,0.1553,0.1779,0.2053,0.2355,0.2663,0.205,0.1209,0.1449,0.1996,0.2476,0.2728,0.226,3521705,100.0,05/10/2026 12:52:34
65374,False,0.1685,0.1907,0.2179,0.2481,0.2805,0.2255,0.033,0.0584,0.1134,0.1699,0.1974,0.1389,3521804,100.0,05/10/2026 12:52:35
65390,False,0.1426,0.1612,0.1842,0.2117,0.2459,0.1945,0.4401,0.4597,0.5013,0.5431,0.5666,0.5444,3521903,100.0,05/10/2026 12:52:38
65412,False,0.1779,0.2007,0.2305,0.2625,0.2977,0.2337,0.1341,0.1764,0.2526,0.3258,0.365,0.2899,3522000,100.0,05/10/2026 12:52:49
65439,False,0.2208,0.2471,0.2821,0.3188,0.3616,0.2815,0.0063,0.0185,0.0816,0.1536,0.1924,0.116,3522109,100.0,05/10/2026 12:52:46
65455,False,0.1735,0.1963,0.2259,0.2581,0.289,0.2187,0.0127,0.0345,0.1089,0.19,0.2345,0.0916,3522208,100.0,05/10/2026 12:52:35
65471,False,0.1642,0.1895,0.2158,0.2467,0.2806,0.2171,0.281,0.3121,0.3702,0.4309,0.4644,0.4279,3522307,100.0,05/10/2026 12:52:33
65498,False,0.1904,0.2121,0.2418,0.2751,0.3155,0.2392,0.2107,0.2368,0.2918,0.3462,0.3783,0.3348,3522406,100.0,05/10/2026 12:52:36
65510,False,0.1981,0.2247,0.2554,0.2893,0.3273,0.2455,0.0042,0.0196,0.0865,0.1709,0.2142,0.0602,3522505,100.0,05/10/2026 12:52:47
65536,False,0.1626,0.1851,0.2136,0.2445,0.2799,0.2001,0.2773,0.3086,0.3743,0.4355,0.4685,0.4342,3522604,100.0,05/10/2026 12:52:37
65552,False,0.16,0.1837,0.2112,0.2409,0.2787,0.2187,0.3628,0.3867,0.4339,0.4826,0.5077,0.4842,3522703,100.0,05/10/2026 12:52:36
65579,False,0.1809,0.2053,0.2348,0.2667,0.3064,0.2443,0.1807,0.2116,0.2645,0.3124,0.3412,0.2969,3522802,100.0,05/10/2026 12:52:50
65595,False,0.1555,0.1741,0.2009,0.2297,0.261,0.1966,0.1764,0.2114,0.2733,0.3318,0.366,0.3169,3522901,100.0,05/10/2026 12:52:48
65617,False,0.2185,0.2434,0.2771,0.3129,0.3529,0.2735,0.2214,0.2595,0.3291,0.3928,0.4271,0.3325,3523008,100.0,05/10/2026 12:52:40
65633,False,0.1967,0.2198,0.2504,0.2841,0.3216,0.2415,0.0026,0.0101,0.056,0.1246,0.1663,0.0221,3523107,100.0,05/10/2026 12:52:35
65650,False,0.1977,0.2187,0.2496,0.284,0.3168,0.2504,0.2199,0.2515,0.3128,0.3725,0.4023,0.3603,3523206,100.0,05/10/2026 12:52:35
65676,False,0.2147,0.2409,0.2731,0.3086,0.3442,0.2696,0.1426,0.1717,0.2266,0.2843,0.3162,0.2596,3523305,100.0,05/10/2026 12:52:46
65692,False,0.1484,0.1701,0.1949,0.2234,0.2542,0.1965,0.1951,0.2347,0.3107,0.3867,0.4304,0.3799,3523404,100.0,05/10/2026 12:52:36
65714,False,0.1879,0.2123,0.2423,0.2757,0.3111,0.2404,0.1479,0.1858,0.2547,0.3192,0.3567,0.3004,3523503,100.0,05/10/2026 12:52:36
65730,False,0.1971,0.2206,0.2519,0.2855,0.3195,0.2494,0.1072,0.1436,0.2072,0.2727,0.3086,0.2453,3523602,100.0,05/10/2026 12:52:38
65757,False,0.2034,0.2275,0.2586,0.2936,0.3263,0.2642,0.0018,0.0073,0.0379,0.0944,0.1258,0.0071,3523701,100.0,05/10/2026 12:52:40
65773,False,0.164,0.1866,0.2148,0.2456,0.2799,0.2128,0.1131,0.1534,0.2239,0.2904,0.3321,0.2644,3523800,100.0,05/10/2026 12:52:46
65790,False,0.1919,0.2175,0.2478,0.2803,0.3193,0.2439,0.1693,0.2109,0.2841,0.3592,0.3964,0.3487,3523909,100.0,05/10/2026 12:52:35
65811,False,0.1733,0.1946,0.2219,0.2532,0.2845,0.2248,0.1612,0.2025,0.2789,0.3483,0.3861,0.3372,3524006,100.0,05/10/2026 12:52:36
65838,False,0.1817,0.2068,0.2356,0.2682,0.3031,0.239,0.1543,0.1845,0.2431,0.2999,0.3354,0.2835,3524105,100.0,05/10/2026 12:52:37
65854,False,0.146,0.1673,0.1932,0.2213,0.2525,0.1972,0.0193,0.058,0.1307,0.2038,0.2331,0.1615,3524204,100.0,05/10/2026 12:52:39
65870,False,0.1729,0.1984,0.2274,0.2594,0.2957,0.2314,0.186,0.2191,0.289,0.3557,0.3951,0.3454,3524303,100.0,05/10/2026 12:52:38
65897,False,0.1569,0.176,0.2024,0.2317,0.268,0.2023,0.1184,0.1614,0.2337,0.3065,0.3465,0.2878,3524402,100.0,05/10/2026 12:52:48
65919,False,0.1787,0.2,0.2287,0.2606,0.2967,0.2247,0.1388,0.1741,0.2385,0.3072,0.3418,0.2791,3524501,100.0,05/10/2026 12:52:38
65935,False,0.1939,0.2207,0.2495,0.284,0.3154,0.2472,0.2842,0.315,0.3689,0.4276,0.456,0.4202,3524600,100.0,05/10/2026 12:52:50
65951,False,0.1589,0.1799,0.2074,0.2381,0.2678,0.2077,0.2057,0.2439,0.3158,0.3884,0.4323,0.3826,3524709,100.0,05/10/2026 12:52:36
65978,False,0.1597,0.1818,0.209,0.2399,0.2718,0.2107,0.3135,0.3407,0.3927,0.4392,0.4661,0.4389,3524808,100.0,05/10/2026 12:52:47
65994,False,0.1654,0.1871,0.2132,0.2431,0.2775,0.2104,0.136,0.1779,0.2554,0.3352,0.3736,0.3088,3524907,100.0,05/10/2026 12:52:37
66010,False,0.1706,0.1901,0.2175,0.2483,0.283,0.2128,0.0022,0.0096,0.0449,0.1138,0.1576,0.0194,3525003,100.0,05/10/2026 12:52:47
66036,False,0.1804,0.2053,0.2329,0.2666,0.3006,0.2412,0.2144,0.2464,0.3157,0.3814,0.4144,0.3671,3525102,100.0,05/10/2026 12:52:48
66052,False,0.1922,0.216,0.2471,0.2799,0.3147,0.248,0.1633,0.1975,0.2721,0.3452,0.3763,0.3275,3525201,100.0,05/10/2026 12:52:36
66079,False,0.1479,0.1684,0.1937,0.2225,0.2541,0.1933,0.3492,0.3797,0.433,0.4865,0.514,0.4911,3525300,100.0,05/10/2026 12:52:59
66095,False,0.17,0.1933,0.2206,0.2521,0.2878,0.2079,0.0029,0.0132,0.067,0.1526,0.1992,0.0901,3525409,100.0,05/10/2026 12:52:58
66117,False,0.1459,0.1633,0.1894,0.2165,0.2497,0.191,0.2805,0.3154,0.3798,0.4439,0.4797,0.4362,3525508,100.0,05/10/2026 12:52:37
66133,False,0.2086,0.2349,0.2665,0.3023,0.336,0.2607,0.0582,0.0921,0.1597,0.2282,0.2641,0.1812,3525607,100.0,05/10/2026 12:52:50
66150,False,0.1607,0.1839,0.2113,0.2418,0.2734,0.2224,0.2726,0.3013,0.362,0.4209,0.452,0.4159,3525706,100.0,05/10/2026 12:52:39
66176,False,0.2058,0.2303,0.261,0.2969,0.3354,0.245,0.0017,0.0076,0.0384,0.094,0.1296,0.0377,3525805,100.0,05/10/2026 12:52:48
66192,False,0.1647,0.1869,0.2144,0.2434,0.2755,0.2129,0.1056,0.1538,0.2435,0.3298,0.3829,0.3116,3525904,100.0,05/10/2026 12:52:33
66214,False,0.1886,0.2126,0.2424,0.2763,0.3121,0.2429,0.2964,0.327,0.3834,0.438,0.4674,0.4338,3526001,100.0,05/10/2026 12:52:49
66230,False,0.2271,0.2557,0.29,0.3275,0.3684,0.2808,0.1505,0.1801,0.2342,0.2889,0.3162,0.2672,3526100,100.0,05/10/2026 12:52:46
66257,False,0.1719,0.1951,0.2234,0.2541,0.2885,0.2165,0.003,0.0123,0.0612,0.1318,0.1723,0.0896,3526209,100.0,05/10/2026 12:52:35
66273,False,0.1807,0.2018,0.2308,0.2628,0.295,0.2192,0.074,0.1166,0.1962,0.2745,0.3202,0.2455,3526308,100.0,05/10/2026 12:52:36
66290,False,0.1814,0.2034,0.2331,0.2643,0.2984,0.2332,0.4113,0.4375,0.4901,0.5387,0.5665,0.5474,3526407,100.0,05/10/2026 12:52:39
66311,False,0.1747,0.1949,0.2232,0.2545,0.2853,0.2263,0.0614,0.1036,0.1751,0.2477,0.2824,0.2033,3526506,100.0,05/10/2026 12:52:36
66338,False,0.1395,0.1597,0.1841,0.2099,0.2431,0.1774,0.0068,0.0258,0.1016,0.1887,0.2345,0.143,3526605,100.0,05/10/2026 12:52:36
66354,False,0.1642,0.1851,0.2124,0.2442,0.2811,0.2133,0.2432,0.2694,0.3206,0.3762,0.4059,0.3685,3526704,100.0,05/10/2026 12:52:55
66370,False,0.1656,0.1858,0.2145,0.2449,0.2772,0.2117,0.3929,0.4212,0.4759,0.529,0.5585,0.5415,3526803,100.0,05/10/2026 12:52:36
66397,False,0.1353,0.1561,0.1793,0.2061,0.2333,0.1808,0.3567,0.3872,0.4424,0.4973,0.5273,0.5047,3526902,100.0,05/10/2026 12:52:46
66419,False,0.1548,0.1744,0.2005,0.2295,0.2673,0.1975,0.3418,0.3739,0.4301,0.4881,0.5171,0.4783,3527009,100.0,05/10/2026 12:52:54
66435,False,0.1942,0.2194,0.2494,0.2845,0.3172,0.2501,0.3283,0.3585,0.4149,0.4696,0.5029,0.4736,3527108,100.0,05/10/2026 12:52:36
66451,False,0.1513,0.1713,0.1971,0.2259,0.26,0.1955,0.16,0.1974,0.2658,0.3363,0.3793,0.3217,3527207,100.0,05/10/2026 12:52:46
66478,False,0.1635,0.1862,0.2138,0.2444,0.2756,0.211,0.1759,0.2126,0.2826,0.3546,0.3932,0.343,3527306,100.0,05/10/2026 12:52:34
66494,False,0.2026,0.2279,0.2599,0.2946,0.3314,0.2644,0.2436,0.2756,0.3319,0.3861,0.4157,0.3767,3527405,100.0,05/10/2026 12:52:49
66516,False,0.189,0.2134,0.2424,0.2748,0.3152,0.2339,0.0074,0.0289,0.1014,0.1811,0.2229,0.124,3527504,100.0,05/10/2026 12:52:50
66532,False,0.1956,0.219,0.2499,0.2828,0.321,0.2479,0.0277,0.0643,0.1386,0.2103,0.2498,0.1756,3527603,100.0,05/10/2026 12:52:49
66559,False,0.1538,0.1722,0.1987,0.2263,0.2621,0.2035,0.1247,0.1576,0.2196,0.2786,0.3089,0.2416,3527702,100.0,05/10/2026 12:52:55
66575,False,0.1876,0.212,0.2421,0.2742,0.314,0.2389,0.01,0.036,0.1055,0.1753,0.2101,0.1263,3527801,100.0,05/10/2026 12:52:47
66591,False,0.1639,0.1901,0.2172,0.2481,0.2808,0.2147,0.0087,0.0288,0.1079,0.1861,0.2284,0.1289,3527900,100.0,05/10/2026 12:52:46
66613,False,0.1506,0.1696,0.1965,0.2258,0.2593,0.1899,0.2752,0.3063,0.3652,0.424,0.4529,0.4135,3528007,100.0,05/10/2026 12:52:36
66630,False,0.13,0.1515,0.1739,0.1995,0.2274,0.1789,0.333,0.3628,0.4189,0.4752,0.5086,0.4646,3528106,100.0,05/10/2026 12:52:46
66656,False,0.1987,0.2245,0.2545,0.289,0.3299,0.2562,0.1818,0.2261,0.2953,0.3671,0.4013,0.3409,3528205,100.0,05/10/2026 12:52:38
66672,False,0.156,0.1784,0.205,0.2332,0.2683,0.2082,0.0783,0.117,0.1916,0.2611,0.2971,0.2165,3528304,100.0,05/10/2026 12:52:47
66699,False,0.1711,0.1932,0.2217,0.2533,0.292,0.2156,0.0095,0.0436,0.129,0.2163,0.261,0.1786,3528403,100.0,05/10/2026 12:52:34
66710,False,0.1727,0.1957,0.2246,0.2554,0.2916,0.2224,0.1078,0.1436,0.2139,0.2835,0.3277,0.2636,3528502,100.0,05/10/2026 12:52:37
66737,False,0.1669,0.1884,0.2154,0.2459,0.2788,0.2131,0.1449,0.1868,0.2656,0.3462,0.3881,0.3241,3528601,100.0,05/10/2026 12:52:59
66753,False,0.2441,0.2739,0.3098,0.3471,0.3851,0.2964,0.0025,0.0101,0.0512,0.1176,0.1616,0.0353,3528700,100.0,05/10/2026 12:52:35
66770,False,0.1541,0.1738,0.1987,0.2291,0.2597,0.197,0.2309,0.2574,0.3126,0.3665,0.3908,0.3506,3528809,100.0,05/10/2026 12:52:38
66796,False,0.148,0.1664,0.1914,0.2203,0.2472,0.1878,0.0766,0.1191,0.203,0.2801,0.3217,0.2377,3528908,100.0,05/10/2026 12:52:38
66818,False,0.1817,0.204,0.2335,0.2672,0.2994,0.2357,0.3002,0.3289,0.3838,0.4391,0.4691,0.4388,3529005,100.0,05/10/2026 12:52:36
66834,False,0.1322,0.1506,0.1743,0.2015,0.2362,0.1773,0.0129,0.039,0.1235,0.2079,0.2486,0.1426,3529104,100.0,05/10/2026 12:52:50
66850,False,0.1778,0.2001,0.229,0.2609,0.2976,0.235,0.193,0.222,0.2739,0.3278,0.3574,0.3142,3529203,100.0,05/10/2026 12:52:46
66877,False,0.16,0.1817,0.2096,0.239,0.2726,0.2119,0.1688,0.1987,0.2579,0.3155,0.3456,0.3014,3529302,100.0,05/10/2026 12:52:38
66893,False,0.1791,0.2029,0.2325,0.2652,0.3045,0.2281,0.0032,0.0143,0.0661,0.1454,0.1888,0.0312,3529401,100.0,05/10/2026 12:52:34
66915,False,0.1671,0.187,0.215,0.2472,0.2777,0.2234,0.1827,0.216,0.2722,0.3275,0.3519,0.2983,3529500,100.0,05/10/2026 12:52:37
66931,False,0.1615,0.1836,0.2103,0.2404,0.2729,0.2111,0.1216,0.164,0.235,0.3055,0.3437,0.2745,3529609,100.0,05/10/2026 12:52:40
66958,False,0.1744,0.1977,0.2271,0.2598,0.2961,0.234,0.064,0.0883,0.1367,0.1855,0.2127,0.1593,3529708,100.0,05/10/2026 12:52:39
66974,False,0.1695,0.191,0.2187,0.2485,0.2838,0.2177,0.3158,0.3522,0.4113,0.4655,0.4938,0.4583,3529807,100.0,05/10/2026 12:52:50
66990,False,0.2114,0.2374,0.271,0.3059,0.3465,0.2712,0.1536,0.177,0.222,0.2729,0.3017,0.2524,3529906,100.0,05/10/2026 12:52:40
67016,False,0.1853,0.2107,0.2405,0.2733,0.3086,0.2351,0.0913,0.1279,0.1966,0.267,0.296,0.2235,3530003,100.0,05/10/2026 12:52:37
67032,False,0.1988,0.2262,0.2568,0.2906,0.3301,0.2612,0.3213,0.3492,0.4009,0.4549,0.4822,0.4498,3530102,100.0,05/10/2026 12:52:48
67059,False,0.2144,0.2396,0.2734,0.309,0.3459,0.2777,0.0108,0.0311,0.0765,0.1249,0.1497,0.0667,3530201,100.0,05/10/2026 12:52:54
67075,False,0.1584,0.1784,0.2041,0.2332,0.2655,0.2113,0.2597,0.2921,0.3531,0.4126,0.4498,0.4083,3530300,100.0,05/10/2026 12:52:38
67091,False,0.1697,0.1947,0.2219,0.2532,0.2849,0.2243,0.1842,0.2172,0.282,0.3452,0.3807,0.3148,3530409,100.0,05/10/2026 12:52:35
67113,False,0.1837,0.208,0.2382,0.2702,0.3047,0.2414,0.2261,0.2562,0.3181,0.3843,0.4174,0.3744,3530508,100.0,05/10/2026 12:52:33
67130,False,0.1875,0.2119,0.24,0.2728,0.3103,0.2333,0.0108,0.0353,0.1179,0.2055,0.2527,0.1689,3530607,100.0,05/10/2026 12:52:34
67156,False,0.152,0.1729,0.1985,0.2269,0.2558,0.1985,0.2959,0.3289,0.3884,0.4488,0.4851,0.4509,3530706,100.0,05/10/2026 12:52:34
67172,False,0.1549,0.1756,0.2013,0.2302,0.265,0.2021,0.2956,0.3316,0.3961,0.4592,0.4947,0.4566,3530805,100.0,05/10/2026 12:52:38
67199,False,0.1641,0.1862,0.213,0.2419,0.2712,0.2085,0.3111,0.354,0.4244,0.4902,0.5212,0.4731,3530904,100.0,05/10/2026 12:52:38
67210,False,0.1438,0.1626,0.1869,0.2146,0.2475,0.1888,0.1054,0.1574,0.2468,0.3289,0.3714,0.2834,3531001,100.0,05/10/2026 12:52:46
67237,False,0.2462,0.274,0.3086,0.3466,0.3847,0.3086,0.0016,0.0083,0.0397,0.1014,0.1428,0.0497,3531100,100.0,05/10/2026 12:52:46
67253,False,0.1486,0.1701,0.1944,0.2223,0.2556,0.1932,0.2497,0.288,0.3605,0.4292,0.4636,0.4182,3531209,100.0,05/10/2026 12:52:35
67270,False,0.1707,0.1922,0.2213,0.2512,0.2873,0.2275,0.2828,0.3268,0.3951,0.4612,0.5055,0.4641,3531308,100.0,05/10/2026 12:52:37
67296,False,0.1701,0.1907,0.22,0.2501,0.2876,0.2271,0.1991,0.229,0.2906,0.3526,0.381,0.3371,3531407,100.0,05/10/2026 12:52:33
67318,False,0.1646,0.1847,0.212,0.244,0.2792,0.2152,0.2951,0.3275,0.3852,0.4427,0.4676,0.438,3531506,100.0,05/10/2026 12:52:49
67334,False,0.1623,0.1844,0.2125,0.2428,0.275,0.2104,0.0674,0.1069,0.1752,0.2402,0.2759,0.1942,3531605,100.0,05/10/2026 12:52:50
67350,False,0.1467,0.1684,0.1932,0.2215,0.2539,0.1969,0.0109,0.0399,0.1112,0.1865,0.2256,0.1394,3531704,100.0,05/10/2026 12:52:37
67377,False,0.176,0.1961,0.2252,0.2563,0.2915,0.2222,0.0193,0.054,0.1247,0.2005,0.2391,0.1629,3531803,100.0,05/10/2026 12:52:37
67393,False,0.1663,0.1856,0.212,0.2411,0.275,0.2145,0.1205,0.1506,0.209,0.2677,0.2964,0.2449,3531902,100.0,05/10/2026 12:52:54
67415,False,0.1458,0.1656,0.1906,0.218,0.2466,0.1884,0.3085,0.3385,0.3961,0.4529,0.4812,0.4498,3532009,100.0,05/10/2026 12:52:38
67431,False,0.1845,0.2052,0.234,0.2673,0.2993,0.2297,0.2294,0.2675,0.3279,0.3877,0.4164,0.3561,3532108,100.0,05/10/2026 12:52:39
67458,False,0.1531,0.1733,0.1995,0.2277,0.259,0.1999,0.004,0.014,0.0679,0.1383,0.1783,0.0904,3532207,100.0,05/10/2026 12:52:33
67474,False,0.1779,0.1994,0.2288,0.2606,0.2957,0.2234,0.146,0.1826,0.2573,0.3287,0.3643,0.3032,3532306,100.0,05/10/2026 12:52:38
67490,False,0.1684,0.1902,0.2182,0.2486,0.2871,0.214,0.1856,0.2201,0.2939,0.3696,0.4075,0.3543,3532405,100.0,05/10/2026 12:52:34
67512,False,0.1483,0.1692,0.1952,0.2238,0.259,0.2022,0.1516,0.194,0.2601,0.3239,0.3554,0.3009,3532504,100.0,05/10/2026 12:52:39
67539,False,0.1792,0.2054,0.2353,0.2679,0.3052,0.238,0.3498,0.3767,0.4313,0.484,0.5106,0.4789,3532603,100.0,05/10/2026 12:52:49
67555,False,0.1711,0.1949,0.2231,0.2527,0.2882,0.2244,0.1141,0.1545,0.2295,0.2987,0.3353,0.2629,3532702,100.0,05/10/2026 12:52:40
67571,False,0.1762,0.1994,0.2277,0.2591,0.2904,0.2282,0.2446,0.2797,0.3414,0.3987,0.4294,0.3808,3532801,100.0,05/10/2026 12:52:47
67598,False,0.1616,0.1834,0.2126,0.2422,0.2778,0.2142,0.0023,0.0075,0.0396,0.0949,0.1261,0.0212,3532900,100.0,05/10/2026 12:52:36
67610,False,0.181,0.2048,0.2339,0.2671,0.3013,0.2405,0.0818,0.1105,0.165,0.2209,0.2498,0.1949,3533007,100.0,05/10/2026 12:53:00
67636,False,0.1752,0.198,0.2261,0.2587,0.2887,0.2406,0.0103,0.0401,0.1189,0.1946,0.2361,0.1339,3533106,100.0,05/10/2026 12:52:50
67652,False,0.2009,0.2248,0.2568,0.2913,0.3268,0.249,0.0939,0.1247,0.1919,0.2515,0.2853,0.2112,3533205,100.0,05/10/2026 12:53:00
67679,False,0.1542,0.1749,0.202,0.2314,0.2647,0.2039,0.0028,0.0092,0.0495,0.1208,0.1563,0.046,3533304,100.0,05/10/2026 12:52:49
67695,False,0.1362,0.156,0.181,0.208,0.2351,0.1789,0.1601,0.1912,0.2612,0.3328,0.3679,0.3152,3533403,100.0,05/10/2026 12:52:38
67717,False,0.1891,0.2143,0.2445,0.2797,0.3189,0.2433,0.3522,0.376,0.4214,0.4663,0.491,0.4654,3533502,100.0,05/10/2026 12:52:47
67733,False,0.1648,0.1865,0.2139,0.2457,0.2817,0.2199,0.2187,0.2534,0.3206,0.3819,0.4205,0.3662,3533601,100.0,05/10/2026 12:52:49
67750,False,0.1883,0.2119,0.2429,0.2755,0.3122,0.2382,0.1127,0.1481,0.2216,0.2875,0.3208,0.2468,3533700,100.0,05/10/2026 12:52:49
67776,False,0.1581,0.1819,0.2091,0.2396,0.2763,0.2041,0.1526,0.1984,0.287,0.369,0.4063,0.3322,3533809,100.0,05/10/2026 12:53:00
67792,False,0.1702,0.1933,0.222,0.2511,0.2898,0.2235,0.2457,0.2825,0.3399,0.4003,0.4364,0.3949,3533908,100.0,05/10/2026 12:53:00
67814,False,0.1847,0.2081,0.2381,0.2704,0.3067,0.2322,0.0749,0.1101,0.1879,0.2639,0.2984,0.2202,3534005,100.0,05/10/2026 12:52:47
67830,False,0.1729,0.198,0.2256,0.257,0.297,0.2281,0.2436,0.2748,0.3304,0.3848,0.4122,0.3647,3534104,100.0,05/10/2026 12:52:46
67857,False,0.1731,0.1926,0.2203,0.2505,0.2895,0.221,0.0248,0.058,0.1302,0.2011,0.2378,0.1601,3534203,100.0,05/10/2026 12:52:38
67873,False,0.1577,0.1805,0.2065,0.2356,0.2673,0.211,0.1512,0.1844,0.2528,0.3169,0.3572,0.3015,3534302,100.0,05/10/2026 12:52:34
67890,False,0.1831,0.2068,0.2371,0.2707,0.305,0.2343,0.0021,0.0085,0.0452,0.113,0.1507,0.0239,3534401,100.0,05/10/2026 12:52:35
67911,False,0.1935,0.2165,0.2475,0.2815,0.3186,0.2393,0.3672,0.3991,0.4619,0.5236,0.5548,0.4997,3534500,100.0,05/10/2026 12:52:59
67938,False,0.1854,0.2087,0.2383,0.2737,0.3058,0.2439,0.3823,0.4083,0.4549,0.501,0.5269,0.5037,3534609,100.0,05/10/2026 12:52:54
67954,False,0.1826,0.2067,0.2376,0.2701,0.3049,0.2341,0.1772,0.2148,0.2773,0.3415,0.3746,0.3282,3534708,100.0,05/10/2026 12:52:34
67970,False,0.1947,0.2197,0.2507,0.283,0.3202,0.2553,0.0375,0.0629,0.1196,0.1746,0.2004,0.1365,3534807,100.0,05/10/2026 12:52:37
67997,False,0.1763,0.2017,0.2307,0.2637,0.2977,0.2353,0.2697,0.2948,0.3477,0.3987,0.4282,0.3846,3534906,100.0,05/10/2026 12:52:49
68012,False,0.181,0.205,0.234,0.2661,0.2993,0.2397,0.1584,0.189,0.2439,0.2992,0.3277,0.277,3535002,100.0,05/10/2026 12:52:49
68039,False,0.1245,0.1406,0.163,0.1874,0.2175,0.1641,0.0566,0.0889,0.1509,0.2175,0.2446,0.1807,3535101,100.0,05/10/2026 12:52:37
68055,False,0.1781,0.2003,0.2283,0.2606,0.2997,0.2395,0.1725,0.2099,0.2695,0.3282,0.3576,0.3052,3535200,100.0,05/10/2026 12:52:50
68071,False,0.1669,0.1891,0.2168,0.2471,0.2828,0.2231,0.2857,0.3159,0.3663,0.4211,0.4465,0.4109,3535309,100.0,05/10/2026 12:52:59
68098,False,0.1638,0.1836,0.211,0.24,0.2749,0.2099,0.1891,0.2104,0.2598,0.3052,0.331,0.2852,3535408,100.0,05/10/2026 12:52:55
68110,False,0.1891,0.2168,0.2474,0.2799,0.3164,0.2491,0.1465,0.1733,0.2233,0.2765,0.3032,0.2588,3535507,100.0,05/10/2026 12:52:37
68136,False,0.1555,0.1765,0.2032,0.2323,0.2639,0.2081,0.0182,0.0428,0.1072,0.1725,0.2055,0.1385,3535606,100.0,05/10/2026 12:52:49
68152,False,0.1279,0.147,0.1708,0.1958,0.2246,0.1761,0.2701,0.3077,0.3771,0.4363,0.4716,0.4222,3535705,100.0,05/10/2026 12:52:47
68179,False,0.1479,0.1696,0.1959,0.2252,0.2563,0.1973,0.178,0.2027,0.2523,0.3003,0.3249,0.2829,3535804,100.0,05/10/2026 12:52:36
68195,False,0.1343,0.1513,0.1756,0.202,0.2334,0.1771,0.1464,0.1778,0.2407,0.3016,0.3282,0.2613,3535903,100.0,05/10/2026 12:52:59
68217,False,0.1671,0.1883,0.2158,0.2477,0.2805,0.2172,0.2657,0.2967,0.3513,0.4071,0.4361,0.3899,3536000,100.0,05/10/2026 12:52:36
68233,False,0.2071,0.2324,0.2652,0.2994,0.3351,0.2627,0.2154,0.2504,0.3186,0.3844,0.4196,0.3679,3536109,100.0,05/10/2026 12:52:36
68250,False,0.1672,0.1896,0.2181,0.2478,0.2851,0.2168,0.2954,0.3225,0.3732,0.425,0.4514,0.4169,3536208,100.0,05/10/2026 12:52:54
68276,False,0.1752,0.195,0.2236,0.2534,0.2877,0.2266,0.1297,0.1708,0.2509,0.327,0.3644,0.3033,3536307,100.0,05/10/2026 12:52:53
68292,False,0.1897,0.2158,0.2448,0.2802,0.3163,0.2472,0.2454,0.272,0.3213,0.3696,0.3947,0.3478,3536406,100.0,05/10/2026 12:52:47
68314,False,0.1493,0.1699,0.1943,0.2241,0.258,0.1929,0.0776,0.119,0.1959,0.2736,0.3143,0.2497,3536505,100.0,05/10/2026 12:52:35
68330,False,0.2075,0.2366,0.269,0.3031,0.345,0.2708,0.0026,0.0105,0.0544,0.1177,0.1509,0.0752,3536604,100.0,05/10/2026 12:52:51
68357,False,0.1498,0.1688,0.1963,0.225,0.2587,0.1976,0.306,0.3346,0.3909,0.4423,0.4685,0.4422,3536703,100.0,05/10/2026 12:52:36
68373,False,0.1498,0.1712,0.1964,0.2241,0.2562,0.2058,0.1589,0.1959,0.2719,0.3482,0.3818,0.3211,3536802,100.0,05/10/2026 12:52:35
68390,False,0.1726,0.195,0.2243,0.2549,0.2878,0.2318,0.0907,0.1335,0.2134,0.2911,0.3293,0.2438,3536901,100.0,05/10/2026 12:52:37
68411,False,0.1837,0.2069,0.2367,0.268,0.3029,0.2281,0.0016,0.0071,0.0359,0.0863,0.1173,0.0503,3537008,100.0,05/10/2026 12:52:53
68438,False,0.1506,0.1708,0.1967,0.2251,0.258,0.1989,0.3619,0.3904,0.4437,0.4982,0.5308,0.5029,3537107,100.0,05/10/2026 12:52:36
68454,False,0.2427,0.2725,0.3069,0.3447,0.384,0.2993,0.0216,0.0574,0.124,0.1953,0.2292,0.1552,3537206,100.0,05/10/2026 12:52:48
68470,False,0.1678,0.1856,0.2131,0.2441,0.2786,0.2151,0.2608,0.2923,0.3407,0.3924,0.4217,0.389,3537305,100.0,05/10/2026 12:52:35
68497,False,0.2161,0.241,0.2749,0.3095,0.3482,0.2767,0.0997,0.1285,0.1814,0.2355,0.2643,0.2127,3537404,100.0,05/10/2026 12:52:38
68519,False,0.1808,0.2059,0.2333,0.2643,0.3022,0.2326,0.1928,0.2272,0.2903,0.3529,0.3904,0.3321,3537503,100.0,05/10/2026 12:52:38
68535,False,0.2196,0.2466,0.2798,0.314,0.3534,0.28,0.0278,0.0615,0.1316,0.1969,0.2385,0.1696,3537602,100.0,05/10/2026 12:52:36
68551,False,0.1594,0.1811,0.2074,0.2377,0.2729,0.2157,0.2168,0.2491,0.3038,0.3595,0.3863,0.3298,3537701,100.0,05/10/2026 12:52:39
68578,False,0.1931,0.2147,0.2453,0.279,0.314,0.2512,0.1729,0.2095,0.2784,0.3424,0.3838,0.3304,3537800,100.0,05/10/2026 12:52:36
68594,False,0.183,0.2073,0.2367,0.269,0.3018,0.2415,0.2692,0.303,0.3561,0.4103,0.4386,0.404,3537909,100.0,05/10/2026 12:52:37
68616,False,0.1598,0.1815,0.2085,0.2392,0.2686,0.2078,0.1369,0.1782,0.2514,0.3248,0.3658,0.3112,3538006,100.0,05/10/2026 12:52:37
68632,False,0.1416,0.1601,0.1842,0.212,0.2401,0.1909,0.2784,0.3081,0.3651,0.4192,0.4506,0.412,3538105,100.0,05/10/2026 12:52:36
68659,False,0.1812,0.2048,0.2332,0.2649,0.3027,0.2383,0.1321,0.1779,0.2621,0.3462,0.3893,0.329,3515186,100.0,05/10/2026 12:52:35
68675,False,0.1628,0.1849,0.212,0.2405,0.2731,0.2177,0.2695,0.3034,0.3583,0.4151,0.4433,0.4092,3538204,100.0,05/10/2026 12:52:35
68691,False,0.1879,0.2108,0.2421,0.2735,0.3108,0.2476,0.0128,0.0403,0.1039,0.1705,0.2012,0.1193,3538303,100.0,05/10/2026 12:52:46
68713,False,0.1954,0.2205,0.2526,0.2866,0.3216,0.2488,0.1617,0.2004,0.2752,0.3465,0.3876,0.329,3538501,100.0,05/10/2026 12:52:47
68730,False,0.1575,0.1779,0.2039,0.2337,0.2638,0.2053,0.2443,0.2807,0.3505,0.4225,0.4522,0.4177,3538600,100.0,05/10/2026 12:52:38
68756,False,0.1807,0.2023,0.2336,0.2653,0.2975,0.2325,0.2295,0.2649,0.333,0.3984,0.4352,0.3932,3538709,100.0,05/10/2026 12:52:58
68772,False,0.1943,0.2191,0.2519,0.2855,0.3233,0.2518,0.1113,0.1533,0.2268,0.2958,0.3369,0.276,3538808,100.0,05/10/2026 12:52:48
68799,False,0.188,0.2104,0.2403,0.2747,0.3073,0.2364,0.2127,0.2468,0.3051,0.3655,0.3965,0.3512,3538907,100.0,05/10/2026 12:52:36
68810,False,0.1577,0.1796,0.208,0.237,0.2679,0.2102,0.3644,0.3989,0.4583,0.5109,0.5407,0.5096,3539004,100.0,05/10/2026 12:52:54
68837,False,0.211,0.2374,0.2698,0.3054,0.3496,0.2482,0.0019,0.0072,0.0415,0.1014,0.1419,0.0009,3539103,100.0,05/10/2026 12:52:47
68853,False,0.165,0.187,0.2151,0.2451,0.2766,0.2185,0.1405,0.1715,0.2339,0.2968,0.3253,0.2771,3539202,100.0,05/10/2026 12:52:35
68870,False,0.1734,0.1948,0.2226,0.2527,0.2893,0.2227,0.2638,0.3011,0.3687,0.4335,0.4755,0.4353,3539301,100.0,05/10/2026 12:52:54
68896,False,0.167,0.1898,0.2184,0.2477,0.2863,0.2165,0.289,0.3259,0.3903,0.4529,0.4837,0.4477,3539400,100.0,05/10/2026 12:52:46
68918,False,0.1599,0.1799,0.2065,0.2373,0.2708,0.2088,0.0617,0.0951,0.1492,0.2073,0.2416,0.1838,3539509,100.0,05/10/2026 12:52:39
68934,False,0.18,0.2054,0.2335,0.2657,0.2984,0.2323,0.0389,0.0681,0.1311,0.1916,0.2185,0.1503,3539608,100.0,05/10/2026 12:52:36
68950,False,0.1876,0.209,0.2396,0.2724,0.3118,0.2381,0.2739,0.3114,0.3778,0.4446,0.4777,0.416,3539707,100.0,05/10/2026 12:52:47
68977,False,0.1504,0.1692,0.1958,0.2256,0.2564,0.1899,0.002,0.0094,0.0446,0.106,0.1517,0.0374,3539806,100.0,05/10/2026 12:52:35
68993,False,0.1475,0.1697,0.1942,0.222,0.2499,0.2005,0.1977,0.227,0.283,0.3406,0.3721,0.3147,3539905,100.0,05/10/2026 12:52:38
69019,False,0.1585,0.1793,0.2064,0.2366,0.2729,0.209,0.4327,0.4562,0.5044,0.549,0.5731,0.5559,3540002,100.0,05/10/2026 12:52:58
69035,False,0.1722,0.1966,0.2246,0.2553,0.2943,0.2167,0.294,0.3307,0.398,0.461,0.4948,0.4379,3540101,100.0,05/10/2026 12:52:38
69051,False,0.1423,0.1623,0.1861,0.2134,0.2432,0.1865,0.0314,0.0678,0.1335,0.1984,0.232,0.1689,3540200,100.0,05/10/2026 12:52:46
69078,False,0.1805,0.2038,0.2326,0.2632,0.3022,0.2366,0.1278,0.1666,0.2389,0.3126,0.3509,0.2654,3540309,100.0,05/10/2026 12:52:49
69094,False,0.1696,0.1937,0.2225,0.2539,0.2906,0.2193,0.0021,0.0082,0.0409,0.0997,0.1325,0.0142,3540408,100.0,05/10/2026 12:52:59
69116,False,0.1895,0.2107,0.2408,0.274,0.3088,0.2455,0.1429,0.1718,0.2304,0.2861,0.3196,0.2637,3540507,100.0,05/10/2026 12:52:34
69132,False,0.1583,0.1784,0.2049,0.2342,0.2656,0.2065,0.2733,0.3079,0.3697,0.43,0.463,0.4281,3540606,100.0,05/10/2026 12:52:46
69159,False,0.1749,0.1994,0.2293,0.2606,0.2937,0.2303,0.2694,0.3069,0.375,0.4427,0.4818,0.4421,3540705,100.0,05/10/2026 12:52:50
69175,False,0.1561,0.1778,0.2035,0.2316,0.2664,0.2128,0.2473,0.283,0.3359,0.3884,0.4173,0.3762,3540804,100.0,05/10/2026 12:52:56
69191,False,0.1315,0.1496,0.1738,0.1986,0.2318,0.1742,0.0937,0.1303,0.2058,0.281,0.3182,0.2533,3540903,100.0,05/10/2026 12:52:35
69213,False,0.2206,0.2427,0.2756,0.3116,0.3471,0.2732,0.0371,0.0759,0.1511,0.2247,0.2656,0.1965,3541000,100.0,05/10/2026 12:52:34
69230,False,0.1879,0.2164,0.248,0.2809,0.3206,0.2408,0.0651,0.1068,0.1815,0.2571,0.2986,0.2139,3541109,100.0,05/10/2026 12:52:47
69256,False,0.1897,0.2153,0.246,0.2788,0.3185,0.2577,0.2075,0.2343,0.2844,0.3325,0.3608,0.3156,3541208,100.0,05/10/2026 12:52:36
69272,False,0.2048,0.2308,0.2637,0.2997,0.3372,0.2635,0.1079,0.131,0.1817,0.2353,0.2641,0.2136,3541307,100.0,05/10/2026 12:52:59
69299,False,0.1663,0.1923,0.2211,0.2506,0.2856,0.2234,0.2687,0.297,0.3534,0.4103,0.4395,0.4065,3541406,100.0,05/10/2026 12:52:37
69310,False,0.1827,0.207,0.2367,0.2681,0.3056,0.2392,0.3132,0.3416,0.3928,0.4413,0.4651,0.4392,3541505,100.0,05/10/2026 12:52:48
69337,False,0.2119,0.2377,0.2713,0.3079,0.3424,0.2745,0.1597,0.1844,0.2416,0.2976,0.3266,0.2802,3541604,100.0,05/10/2026 12:52:59
69353,False,0.1808,0.2049,0.2338,0.2657,0.3012,0.2333,0.2517,0.2826,0.3376,0.3879,0.4224,0.3762,3541703,100.0,05/10/2026 12:52:48
69370,False,0.2116,0.2399,0.2735,0.3087,0.3493,0.2557,0.1293,0.1623,0.2221,0.2814,0.3119,0.2374,3541802,100.0,05/10/2026 12:52:55
69396,False,0.1816,0.2068,0.2364,0.2668,0.3038,0.2316,0.0018,0.0073,0.0374,0.0992,0.1345,0.0126,3541901,100.0,05/10/2026 12:52:58
69418,False,0.1643,0.1906,0.2185,0.2495,0.2854,0.2201,0.2868,0.3135,0.3667,0.4181,0.4445,0.3998,3542008,100.0,05/10/2026 12:52:59
69434,False,0.1235,0.1435,0.1654,0.1907,0.2174,0.1673,0.3083,0.3418,0.4051,0.4628,0.4926,0.458,3542107,100.0,05/10/2026 12:52:36
69450,False,0.1913,0.214,0.2442,0.2774,0.3132,0.242,0.1042,0.138,0.2011,0.2637,0.2942,0.2411,3542206,100.0,05/10/2026 12:52:48
69477,False,0.1864,0.2115,0.2408,0.2747,0.3096,0.2418,0.0261,0.0667,0.1487,0.231,0.2719,0.1878,3542305,100.0,05/10/2026 12:52:46
69493,False,0.1605,0.1813,0.2078,0.238,0.2684,0.2134,0.2134,0.2458,0.2982,0.3521,0.3817,0.3374,3542404,100.0,05/10/2026 12:52:49
69515,False,0.1689,0.1931,0.2217,0.2518,0.2878,0.2201,0.3377,0.3745,0.437,0.4979,0.5297,0.4894,3542503,100.0,05/10/2026 12:52:36
69531,False,0.1934,0.2187,0.2505,0.2826,0.3195,0.245,0.1474,0.1792,0.2384,0.3,0.3283,0.2808,3542602,100.0,05/10/2026 12:52:55
69558,False,0.1886,0.2145,0.2445,0.278,0.3165,0.2445,0.0259,0.0595,0.1277,0.1954,0.2293,0.1575,3542701,100.0,05/10/2026 12:52:50
69574,False,0.1888,0.2127,0.2414,0.2755,0.3127,0.2357,0.0039,0.0158,0.0748,0.1429,0.1809,0.0633,3542800,100.0,05/10/2026 12:52:36
69590,False,0.213,0.2374,0.2704,0.3053,0.3485,0.2693,0.0249,0.0598,0.1257,0.1935,0.2248,0.1575,3542909,100.0,05/10/2026 12:52:38
69612,False,0.1812,0.2025,0.2318,0.2647,0.2991,0.2296,0.055,0.0769,0.1173,0.1587,0.1838,0.1357,3543006,100.0,05/10/2026 12:52:35
69639,False,0.1873,0.2119,0.2427,0.2745,0.3108,0.2501,0.0141,0.0439,0.1135,0.1788,0.2151,0.1373,3543105,100.0,05/10/2026 12:52:48
69655,False,0.148,0.1696,0.1951,0.2229,0.2534,0.1896,0.0387,0.0686,0.1406,0.2073,0.2458,0.1654,3543204,100.0,05/10/2026 12:52:39
69671,False,0.1536,0.175,0.2016,0.2307,0.2665,0.1989,0.002,0.0096,0.0514,0.1291,0.1761,0.0676,3543303,100.0,05/10/2026 12:52:47
69698,False,0.1812,0.2059,0.2357,0.2682,0.3035,0.2389,0.0578,0.1039,0.1832,0.2642,0.3051,0.2383,3543402,100.0,05/10/2026 12:52:35
69710,False,0.1607,0.1835,0.2131,0.2417,0.2738,0.2138,0.042,0.0763,0.1419,0.2106,0.2437,0.1682,3543501,100.0,05/10/2026 12:52:40
69736,False,0.218,0.2432,0.2765,0.313,0.349,0.2624,0.1477,0.1782,0.2421,0.3063,0.3391,0.2747,3543600,100.0,05/10/2026 12:52:47
69752,False,0.1748,0.2015,0.2312,0.2625,0.2959,0.2346,0.0014,0.0062,0.0337,0.0815,0.1087,0.0293,3543709,100.0,05/10/2026 12:52:55
69779,False,0.2042,0.2321,0.2649,0.3004,0.3398,0.2672,0.3702,0.3937,0.4434,0.4895,0.5135,0.482,3543808,100.0,05/10/2026 12:52:39
69795,False,0.1629,0.1837,0.2111,0.2405,0.2765,0.2132,0.2308,0.2688,0.3304,0.3969,0.4318,0.3882,3543907,100.0,05/10/2026 12:52:37
69817,False,0.1609,0.1817,0.2096,0.2399,0.2743,0.2105,0.2639,0.2943,0.3543,0.4113,0.4429,0.4063,3544004,100.0,05/10/2026 12:52:36
69833,False,0.1624,0.1847,0.2115,0.2421,0.275,0.2043,0.0107,0.0295,0.1054,0.1892,0.2303,0.0882,3544103,100.0,05/10/2026 12:52:36
69850,False,0.1734,0.1978,0.2263,0.2563,0.2955,0.2252,0.0047,0.0165,0.0602,0.1069,0.1333,0.0742,3544202,100.0,05/10/2026 12:52:58
69876,False,0.1395,0.1576,0.1819,0.2091,0.2385,0.1801,0.1421,0.1808,0.2575,0.3343,0.3749,0.3099,3544301,100.0,05/10/2026 12:52:38
69892,False,0.202,0.2257,0.2567,0.2911,0.3304,0.2428,0.2067,0.2456,0.3182,0.3862,0.421,0.345,3544400,100.0,05/10/2026 12:52:37
69914,False,0.1915,0.2157,0.2456,0.2791,0.3185,0.2416,0.1933,0.226,0.2967,0.3593,0.3911,0.3308,3544509,100.0,05/10/2026 12:52:59
69930,False,0.2086,0.2347,0.2672,0.3028,0.3359,0.2731,0.1525,0.183,0.2468,0.3082,0.336,0.2729,3544608,100.0,05/10/2026 12:52:58
69957,False,0.2098,0.2362,0.2675,0.3029,0.3415,0.2554,0.0088,0.0319,0.1119,0.1984,0.2465,0.1371,3544707,100.0,05/10/2026 12:52:49
69973,False,0.1751,0.1973,0.2266,0.2589,0.2961,0.2239,0.3847,0.4073,0.4557,0.5039,0.5301,0.4934,3544806,100.0,05/10/2026 12:52:34
69990,False,0.1507,0.17,0.1948,0.2223,0.2568,0.2002,0.2282,0.2638,0.3381,0.407,0.4467,0.3971,3544905,100.0,05/10/2026 12:52:49
70017,False,0.149,0.168,0.1934,0.2213,0.2513,0.1921,0.0989,0.1444,0.2307,0.3064,0.3448,0.2857,3545001,100.0,05/10/2026 12:52:35
70033,False,0.1892,0.2151,0.2471,0.2788,0.3203,0.2448,0.206,0.2374,0.2898,0.3474,0.3755,0.3114,3545100,100.0,05/10/2026 12:52:55
70050,False,0.1572,0.1782,0.2043,0.2331,0.2662,0.2033,0.0975,0.146,0.2322,0.3133,0.3558,0.2912,3545209,100.0,05/10/2026 12:52:34
70076,False,0.1869,0.2091,0.2388,0.2699,0.3069,0.2408,0.1167,0.155,0.2198,0.2875,0.326,0.27,3545308,100.0,05/10/2026 12:52:34
70092,False,0.1713,0.1967,0.2246,0.2555,0.2915,0.2235,0.1647,0.2023,0.2688,0.3329,0.3682,0.3112,3545407,100.0,05/10/2026 12:52:49
70114,False,0.2407,0.2724,0.3078,0.3443,0.3851,0.3,0.1576,0.1854,0.2423,0.2983,0.3277,0.2423,3545506,100.0,05/10/2026 12:52:34
70130,False,0.1802,0.204,0.2335,0.2644,0.307,0.235,0.181,0.2193,0.2847,0.3515,0.3879,0.3363,3545605,100.0,05/10/2026 12:52:39
70157,False,0.1497,0.1708,0.1958,0.2249,0.2572,0.1967,0.2375,0.2675,0.3227,0.3741,0.3989,0.3474,3545704,100.0,05/10/2026 12:52:54
70173,False,0.1421,0.1616,0.1862,0.2132,0.2449,0.1849,0.2341,0.266,0.3338,0.3965,0.4278,0.3909,3545803,100.0,05/10/2026 12:52:37
70190,False,0.2008,0.2274,0.2588,0.2922,0.3295,0.2576,0.2894,0.3196,0.3809,0.4426,0.4721,0.4262,3500550,100.0,05/10/2026 12:52:39
70211,False,0.1811,0.2052,0.2341,0.2646,0.3035,0.2321,0.1513,0.1853,0.2565,0.3266,0.3564,0.3059,3546009,100.0,05/10/2026 12:52:48
70238,False,0.1816,0.2055,0.2345,0.2678,0.3055,0.2394,0.1241,0.163,0.2384,0.3101,0.3514,0.2662,3546108,100.0,05/10/2026 12:52:37
70254,False,0.1664,0.19,0.2183,0.2494,0.2812,0.2177,0.3553,0.3871,0.4503,0.5095,0.5403,0.5009,3546207,100.0,05/10/2026 12:53:00
70270,False,0.1857,0.2067,0.2356,0.269,0.3033,0.2396,0.1571,0.1938,0.2656,0.3364,0.3752,0.3169,3546306,100.0,05/10/2026 12:52:38
70297,False,0.1816,0.2072,0.2362,0.2693,0.3012,0.2379,0.3876,0.4152,0.4649,0.5152,0.5423,0.5205,3546405,100.0,05/10/2026 12:52:54
70319,False,0.1497,0.1715,0.1968,0.2247,0.2579,0.1932,0.07,0.1055,0.1809,0.2522,0.2825,0.2143,3546504,100.0,05/10/2026 12:53:00
70335,False,0.1863,0.2114,0.2415,0.2737,0.3116,0.2447,0.3282,0.3527,0.4059,0.4534,0.4826,0.4545,3546603,100.0,05/10/2026 12:52:47
70351,False,0.1484,0.1713,0.1963,0.2259,0.2582,0.1988,0.2634,0.2973,0.3538,0.411,0.446,0.4055,3546702,100.0,05/10/2026 12:52:38
70378,False,0.1598,0.1822,0.2096,0.2392,0.2741,0.2028,0.1284,0.1644,0.237,0.3076,0.3475,0.2884,3546801,100.0,05/10/2026 12:52:38
70394,False,0.1675,0.1884,0.2156,0.2467,0.279,0.2118,0.0039,0.0145,0.0752,0.1508,0.1949,0.0559,3546900,100.0,05/10/2026 12:52:50
70416,False,0.1859,0.2083,0.24,0.271,0.3121,0.243,0.2744,0.3029,0.3604,0.416,0.4436,0.3935,3547007,100.0,05/10/2026 12:52:35
70432,False,0.1935,0.2193,0.2488,0.2813,0.3213,0.2455,0.0592,0.0971,0.172,0.2395,0.271,0.1884,3547106,100.0,05/10/2026 12:52:50
70459,False,0.1973,0.2235,0.2549,0.2878,0.3293,0.2534,0.1218,0.1717,0.2574,0.3402,0.3848,0.2958,3547205,100.0,05/10/2026 12:52:38
70475,False,0.1779,0.2032,0.2343,0.2659,0.2984,0.2272,0.0131,0.0439,0.1331,0.2298,0.2761,0.1879,3547304,100.0,05/10/2026 12:52:36
70491,False,0.1538,0.1752,0.2016,0.232,0.2613,0.208,0.0535,0.1025,0.1891,0.2691,0.3107,0.2188,3547403,100.0,05/10/2026 12:52:40
70513,False,0.1883,0.2138,0.2439,0.2774,0.3164,0.2481,0.3127,0.3483,0.4127,0.4743,0.5069,0.4757,3547502,100.0,05/10/2026 12:52:51
70530,False,0.1733,0.1965,0.2251,0.2566,0.2925,0.226,0.0434,0.0858,0.1617,0.2394,0.2811,0.2075,3547601,100.0,05/10/2026 12:52:48
70556,False,0.1899,0.2141,0.246,0.2798,0.3145,0.2532,0.1687,0.1974,0.2513,0.3048,0.332,0.2863,3547700,100.0,05/10/2026 12:52:49
70572,False,0.1831,0.2053,0.2358,0.2689,0.3056,0.2347,0.0023,0.0097,0.0516,0.1245,0.1714,0.0679,3547809,100.0,05/10/2026 12:52:36
70599,False,0.1577,0.1828,0.2111,0.2395,0.2711,0.2086,0.0647,0.0987,0.162,0.226,0.2627,0.1942,3547908,100.0,05/10/2026 12:52:39
70610,False,0.1452,0.166,0.1915,0.2193,0.248,0.1924,0.2877,0.3144,0.3697,0.4242,0.4567,0.4159,3548005,100.0,05/10/2026 12:52:47
70637,False,0.1634,0.1837,0.2112,0.2406,0.2771,0.2217,0.2134,0.2508,0.3267,0.3978,0.4345,0.379,3548104,100.0,05/10/2026 12:52:49
70653,False,0.1364,0.1542,0.1787,0.205,0.2388,0.1855,0.1066,0.1513,0.2295,0.3102,0.3549,0.2814,3548203,100.0,05/10/2026 12:52:55
70670,False,0.1826,0.2059,0.2361,0.2689,0.3085,0.2411,0.0235,0.0569,0.1322,0.2073,0.2428,0.1532,3548302,100.0,05/10/2026 12:52:35
70696,False,0.1296,0.1452,0.1692,0.1947,0.2243,0.1719,0.1943,0.2294,0.2907,0.352,0.3829,0.3154,3548401,100.0,05/10/2026 12:52:37
70718,False,0.1898,0.2142,0.245,0.2769,0.3124,0.2448,0.0033,0.0148,0.0788,0.1634,0.2085,0.1206,3548500,100.0,05/10/2026 12:52:33
70734,False,0.1486,0.1695,0.196,0.2241,0.2582,0.2038,0.1416,0.1801,0.2606,0.3342,0.3773,0.3187,3548609,100.0,05/10/2026 12:52:50
70750,False,0.1727,0.1926,0.2207,0.253,0.2862,0.2191,0.0032,0.0155,0.0823,0.1712,0.213,0.0558,3548708,100.0,05/10/2026 12:52:35
70777,False,0.1316,0.15,0.1732,0.1982,0.2268,0.1725,0.0231,0.0716,0.1684,0.265,0.3216,0.2329,3548807,100.0,05/10/2026 12:52:48
70793,False,0.1868,0.2117,0.2418,0.2742,0.3094,0.2378,0.0029,0.0119,0.0604,0.1358,0.1737,0.0923,3548906,100.0,05/10/2026 12:52:46
70815,False,0.1544,0.1737,0.2004,0.229,0.2635,0.2108,0.0695,0.1077,0.1811,0.2553,0.2973,0.2065,3549003,100.0,05/10/2026 12:52:50
70831,False,0.1652,0.1859,0.2135,0.2447,0.2722,0.2148,0.1993,0.2364,0.3105,0.377,0.4153,0.3698,3549102,100.0,05/10/2026 12:52:37
70858,False,0.1458,0.1612,0.1866,0.2141,0.2491,0.1898,0.0022,0.0077,0.0418,0.1043,0.1426,0.0247,3549201,100.0,05/10/2026 12:52:48
70874,False,0.1564,0.1767,0.2034,0.232,0.2627,0.2043,0.0026,0.0115,0.0611,0.1412,0.1834,0.0691,3549300,100.0,05/10/2026 12:52:49
70890,False,0.1737,0.1975,0.2258,0.2587,0.2929,0.2313,0.0297,0.066,0.1359,0.201,0.2408,0.1725,3549409,100.0,05/10/2026 12:52:50
70912,False,0.2224,0.2491,0.2847,0.3185,0.3588,0.2865,0.002,0.0091,0.047,0.1048,0.136,0.0628,3549508,100.0,05/10/2026 12:52:49
70939,False,0.1682,0.19,0.2182,0.2496,0.2857,0.2128,0.0022,0.0093,0.0492,0.1162,0.1552,0.022,3549607,100.0,05/10/2026 12:52:35
70955,False,0.1827,0.2061,0.2355,0.2689,0.3037,0.2391,0.1986,0.2392,0.3054,0.3771,0.4142,0.3679,3549706,100.0,05/10/2026 12:52:48
70971,False,0.1828,0.2048,0.2349,0.2688,0.3031,0.2387,0.2112,0.2483,0.3153,0.3818,0.4223,0.375,3549805,100.0,05/10/2026 12:52:35
70998,False,0.1465,0.1662,0.192,0.2173,0.2511,0.1886,0.1034,0.1417,0.2202,0.2933,0.3353,0.2765,3549904,100.0,05/10/2026 12:52:46
71013,False,0.162,0.1841,0.2099,0.2403,0.2728,0.2113,0.0039,0.0191,0.0842,0.1519,0.1926,0.1134,3550001,100.0,05/10/2026 12:52:48
71030,False,0.1618,0.1862,0.2151,0.2456,0.2763,0.2117,0.1909,0.2267,0.2854,0.3465,0.3821,0.3345,3550100,100.0,05/10/2026 12:52:39
71056,False,0.1746,0.1956,0.2251,0.2567,0.2886,0.2266,0.1997,0.2337,0.2906,0.3433,0.3694,0.3335,3550209,100.0,05/10/2026 12:52:36
71072,False,0.1797,0.207,0.2363,0.2681,0.3041,0.2352,0.0042,0.0162,0.0787,0.1643,0.2119,0.0502,3550308,100.0,05/10/2026 12:52:35
71099,False,0.1967,0.2199,0.2521,0.2854,0.3231,0.255,0.3357,0.3646,0.4153,0.4662,0.4954,0.4682,3550407,100.0,05/10/2026 12:52:35
71110,False,0.163,0.1834,0.2108,0.2411,0.2756,0.2153,0.1718,0.199,0.2535,0.3067,0.3302,0.2773,3550506,100.0,05/10/2026 12:52:37
71137,False,0.1752,0.1988,0.2272,0.2566,0.2927,0.2252,0.0265,0.0641,0.1515,0.2412,0.2874,0.2053,3550605,100.0,05/10/2026 12:52:35
71153,False,0.1797,0.2021,0.2314,0.2631,0.3001,0.2267,0.0029,0.0122,0.0562,0.1226,0.1577,0.0874,3550704,100.0,05/10/2026 12:52:34
71170,False,0.1796,0.2053,0.2334,0.2667,0.3028,0.2333,0.15,0.195,0.2658,0.3434,0.3845,0.3192,3550803,100.0,05/10/2026 12:52:37
71196,False,0.1867,0.2115,0.2405,0.2713,0.3114,0.234,0.0692,0.114,0.1984,0.2796,0.3279,0.253,3550902,100.0,05/10/2026 12:52:39
71218,False,0.2095,0.2369,0.2697,0.303,0.3437,0.2632,0.0029,0.0119,0.056,0.1289,0.1753,0.085,3551009,100.0,05/10/2026 12:52:36
71234,False,0.1493,0.1707,0.1953,0.2227,0.2548,0.1939,0.0925,0.1196,0.1798,0.2356,0.2661,0.209,3551108,100.0,05/10/2026 12:52:47
71250,False,0.2133,0.2415,0.2729,0.3065,0.3521,0.2588,0.0017,0.0066,0.0396,0.0939,0.1247,0.0084,3551207,100.0,05/10/2026 12:52:38
71277,False,0.1451,0.1644,0.1896,0.2171,0.248,0.1917,0.2305,0.2759,0.3546,0.425,0.4667,0.4036,3551306,100.0,05/10/2026 12:52:48
71293,False,0.1734,0.1952,0.2226,0.2523,0.2909,0.2249,0.0024,0.0105,0.05,0.1136,0.1524,0.0686,3551405,100.0,05/10/2026 12:52:36
71315,False,0.1622,0.1839,0.2113,0.2432,0.2727,0.2139,0.0253,0.0581,0.1319,0.198,0.2357,0.1704,3551504,100.0,05/10/2026 12:52:55
71331,False,0.1737,0.1943,0.2229,0.2548,0.2941,0.2257,0.2654,0.2987,0.3604,0.4208,0.4531,0.4154,3551603,100.0,05/10/2026 12:52:59
71358,False,0.1518,0.173,0.1979,0.2249,0.2586,0.2,0.0634,0.1032,0.1733,0.2446,0.2843,0.2174,3551702,100.0,05/10/2026 12:52:36
71374,False,0.207,0.2317,0.2637,0.2998,0.3365,0.2601,0.1795,0.2042,0.2544,0.3041,0.3306,0.2835,3551801,100.0,05/10/2026 12:52:35
71390,False,0.1326,0.1503,0.1742,0.2003,0.2301,0.1757,0.1541,0.1845,0.2361,0.2912,0.3168,0.2692,3551900,100.0,05/10/2026 12:52:36
71412,False,0.1545,0.1756,0.2019,0.2316,0.2606,0.2011,0.0197,0.0581,0.1404,0.2281,0.2709,0.1871,3552007,100.0,05/10/2026 12:52:37
71439,False,0.1384,0.1561,0.1804,0.2065,0.2353,0.1915,0.3841,0.4176,0.4784,0.5369,0.5704,0.5492,3552106,100.0,05/10/2026 12:52:54
71455,False,0.1625,0.1854,0.2124,0.2427,0.2758,0.2101,0.0761,0.1265,0.2043,0.288,0.3329,0.2648,3552205,100.0,05/10/2026 12:52:36
71471,False,0.1842,0.2075,0.2376,0.2678,0.3062,0.2391,0.0301,0.056,0.1054,0.1551,0.1824,0.1207,3552304,100.0,05/10/2026 12:52:39
71498,False,0.177,0.2009,0.2292,0.2617,0.2958,0.2278,0.0717,0.1071,0.17,0.2366,0.2702,0.2111,3552403,100.0,05/10/2026 12:52:48
71510,False,0.1845,0.2083,0.2366,0.2708,0.3035,0.2293,0.0032,0.0128,0.0637,0.139,0.187,0.0993,3552502,100.0,05/10/2026 12:52:35
71536,False,0.1414,0.161,0.186,0.2135,0.2474,0.1899,0.3348,0.3615,0.4084,0.4548,0.4815,0.4467,3552601,100.0,05/10/2026 12:52:35
71552,False,0.1577,0.181,0.2074,0.2372,0.2672,0.2111,0.1894,0.2178,0.2707,0.3194,0.3464,0.3009,3552700,100.0,05/10/2026 12:52:54
71579,False,0.1559,0.1751,0.2025,0.232,0.2644,0.1969,0.0121,0.0506,0.139,0.2258,0.2647,0.1181,3552809,100.0,05/10/2026 12:52:35
71595,False,0.143,0.1644,0.1896,0.2174,0.2487,0.1915,0.0131,0.036,0.0958,0.159,0.1971,0.1168,3552908,100.0,05/10/2026 12:52:54
71617,False,0.1499,0.1699,0.1951,0.2233,0.2582,0.1967,0.1951,0.223,0.279,0.3357,0.368,0.3171,3553005,100.0,05/10/2026 12:52:37
71633,False,0.1554,0.1749,0.201,0.2305,0.262,0.2048,0.0622,0.0971,0.157,0.2183,0.2498,0.1807,3553104,100.0,05/10/2026 12:52:55
71650,False,0.1586,0.1803,0.2074,0.2364,0.2746,0.2076,0.2751,0.3151,0.3809,0.4459,0.4759,0.4288,3553203,100.0,05/10/2026 12:52:55
71676,False,0.1686,0.1908,0.2192,0.2514,0.2844,0.2223,0.0309,0.0734,0.1568,0.238,0.2839,0.2012,3553302,100.0,05/10/2026 12:52:38
71692,False,0.1634,0.1861,0.2132,0.2438,0.2812,0.2169,0.2261,0.2614,0.3194,0.3804,0.411,0.3691,3553401,100.0,05/10/2026 12:52:40
71714,False,0.2047,0.2296,0.2606,0.296,0.3357,0.2634,0.0965,0.1307,0.1963,0.264,0.3003,0.2314,3553500,100.0,05/10/2026 12:52:38
71730,False,0.154,0.173,0.2005,0.2295,0.2585,0.1958,0.0105,0.0355,0.1093,0.1855,0.2246,0.1451,3553609,100.0,05/10/2026 12:52:38
71757,False,0.1835,0.2105,0.2399,0.272,0.3097,0.2428,0.1648,0.1964,0.2631,0.3295,0.3621,0.314,3553708,100.0,05/10/2026 12:52:48
71773,False,0.1636,0.1838,0.2108,0.2415,0.2752,0.2106,0.1384,0.1657,0.2196,0.2756,0.3062,0.2561,3553807,100.0,05/10/2026 12:52:34
71790,False,0.1593,0.181,0.2092,0.2384,0.2706,0.2072,0.0024,0.0085,0.0419,0.105,0.1408,0.053,3553906,100.0,05/10/2026 12:52:36
71811,False,0.1858,0.2138,0.2425,0.276,0.312,0.2458,0.2714,0.3011,0.3647,0.4241,0.4571,0.423,3554003,100.0,05/10/2026 12:52:33
71838,False,0.18,0.202,0.2302,0.2624,0.2961,0.2327,0.152,0.1973,0.2823,0.3656,0.4054,0.3532,3554102,100.0,05/10/2026 12:52:37
71854,False,0.1689,0.1898,0.2187,0.2495,0.2835,0.2174,0.003,0.0137,0.0667,0.1317,0.1704,0.0822,3554201,100.0,05/10/2026 12:52:39
71870,False,0.2105,0.2381,0.2701,0.3057,0.3434,0.269,0.0016,0.006,0.0294,0.0682,0.09,0.0132,3554300,100.0,05/10/2026 12:52:37
71897,False,0.1418,0.1612,0.1854,0.2141,0.2434,0.1994,0.12,0.1533,0.2234,0.2866,0.3218,0.2621,3554409,100.0,05/10/2026 12:52:55
71919,False,0.1567,0.1773,0.2034,0.231,0.2619,0.2046,0.2921,0.3251,0.3907,0.4562,0.4885,0.4558,3554508,100.0,05/10/2026 12:52:38
71935,False,0.1814,0.2045,0.2347,0.2678,0.3065,0.223,0.0599,0.1063,0.1902,0.2694,0.308,0.2221,3554607,100.0,05/10/2026 12:52:54
71951,False,0.1573,0.1787,0.205,0.2339,0.2646,0.2036,0.3842,0.4179,0.4704,0.519,0.5479,0.5138,3554706,100.0,05/10/2026 12:52:39
71978,False,0.1533,0.1757,0.2026,0.2305,0.2603,0.2023,0.1539,0.1959,0.2742,0.3496,0.397,0.3374,3554805,100.0,05/10/2026 12:52:37
71994,False,0.1748,0.1973,0.2264,0.2586,0.2931,0.2325,0.1514,0.1865,0.2526,0.3123,0.3419,0.2855,3554904,100.0,05/10/2026 12:52:48
72010,False,0.1834,0.2087,0.2375,0.2695,0.3031,0.2397,0.3463,0.3711,0.4254,0.4745,0.5053,0.4815,3555000,100.0,05/10/2026 12:52:56
72036,False,0.1743,0.1972,0.2254,0.2574,0.2943,0.227,0.2667,0.2927,0.3498,0.4024,0.4348,0.3957,3555109,100.0,05/10/2026 12:52:50
72052,False,0.1729,0.1959,0.2253,0.2576,0.2896,0.2277,0.2321,0.2797,0.3631,0.442,0.4851,0.4034,3555208,100.0,05/10/2026 12:52:39
72079,False,0.1797,0.2033,0.2334,0.2655,0.2972,0.2341,0.002,0.0095,0.0552,0.131,0.1748,0.0317,3555307,100.0,05/10/2026 12:52:39
72095,False,0.1939,0.2203,0.2501,0.2846,0.323,0.2483,0.1549,0.1853,0.2422,0.3008,0.334,0.2833,3555406,100.0,05/10/2026 12:52:37
72117,False,0.2012,0.2241,0.2555,0.2905,0.325,0.2512,0.132,0.1653,0.2281,0.2891,0.3171,0.2546,3555505,100.0,05/10/2026 12:52:38
72133,False,0.1718,0.1965,0.2235,0.2544,0.2943,0.2271,0.1447,0.1808,0.2521,0.3256,0.3596,0.3021,3555604,100.0,05/10/2026 12:52:49
72150,False,0.1677,0.1901,0.2184,0.2479,0.282,0.2185,0.0402,0.0826,0.1659,0.2491,0.2929,0.1817,3555703,100.0,05/10/2026 12:52:50
72176,False,0.143,0.1615,0.1859,0.2134,0.2464,0.1909,0.2541,0.2807,0.3333,0.3839,0.4136,0.3659,3555802,100.0,05/10/2026 12:52:48
72192,False,0.197,0.2255,0.2561,0.2894,0.3236,0.24,0.2474,0.2961,0.3786,0.4565,0.4912,0.4208,3555901,100.0,05/10/2026 12:52:56
72214,False,0.156,0.1784,0.2056,0.2346,0.2679,0.2162,0.3804,0.405,0.448,0.4921,0.5157,0.4879,3556008,100.0,05/10/2026 12:52:48
72230,False,0.1432,0.1613,0.1861,0.2134,0.2447,0.1944,0.2368,0.2655,0.3188,0.3732,0.4014,0.3596,3556107,100.0,05/10/2026 12:52:38
72257,False,0.1429,0.1615,0.1858,0.2133,0.2469,0.1901,0.1545,0.1986,0.2818,0.358,0.3988,0.3448,3556206,100.0,05/10/2026 12:52:47
72273,False,0.2254,0.2517,0.2854,0.323,0.3629,0.297,0.2207,0.2449,0.2924,0.339,0.3645,0.3255,3556305,100.0,05/10/2026 12:52:38
72311,False,0.1778,0.2,0.2297,0.261,0.2992,0.2339,0.2267,0.2664,0.3338,0.4008,0.4394,0.3973,3556404,100.0,05/10/2026 12:52:50
72338,False,0.1716,0.1923,0.2198,0.2512,0.2851,0.2152,0.0732,0.115,0.1944,0.2659,0.303,0.2456,3556503,100.0,05/10/2026 12:52:55
72354,False,0.1677,0.1899,0.2174,0.2485,0.2856,0.2184,0.2199,0.253,0.3085,0.3646,0.3954,0.3454,3556602,100.0,05/10/2026 12:52:47
72370,False,0.1623,0.1838,0.2117,0.2422,0.2785,0.2161,0.1969,0.2431,0.3191,0.3976,0.4357,0.3896,3556701,100.0,05/10/2026 12:52:34
72397,False,0.1327,0.1482,0.1716,0.1966,0.2263,0.1832,0.2999,0.3317,0.3845,0.4377,0.4658,0.4322,3556800,100.0,05/10/2026 12:52:33
72419,False,0.1634,0.1874,0.2145,0.2444,0.2788,0.2183,0.1947,0.2273,0.2871,0.3451,0.3801,0.3235,3556909,100.0,05/10/2026 12:53:00
72435,False,0.1781,0.2034,0.2324,0.2631,0.2953,0.231,0.1049,0.1464,0.2197,0.2905,0.3371,0.2725,3557006,100.0,05/10/2026 12:52:48
72451,False,0.157,0.1818,0.2092,0.2385,0.267,0.2116,0.2884,0.3186,0.3726,0.4261,0.4532,0.4228,3557105,100.0,05/10/2026 12:52:48
72737,False,0.1801,0.2026,0.2335,0.2664,0.2971,0.226,0.0118,0.039,0.1223,0.2111,0.2523,0.1714,3556453,100.0,05/10/2026 12:52:54
73008,False,0.1996,0.2249,0.2561,0.2905,0.3321,0.2483,0.0028,0.0125,0.058,0.133,0.1699,0.068,1700251,100.0,05/10/2026 12:52:16
73016,False,0.207,0.2315,0.2655,0.2979,0.3361,0.236,0.0077,0.0268,0.097,0.1764,0.2168,0.0868,1717206,100.0,05/10/2026 12:52:21
73024,False,0.1631,0.183,0.2108,0.2406,0.272,0.2128,0.025,0.059,0.1197,0.1823,0.2128,0.1143,1718550,100.0,05/10/2026 12:52:19
73032,False,0.1756,0.2,0.229,0.2593,0.2954,0.2479,0.0145,0.0437,0.1015,0.1611,0.1978,0.0932,1706506,100.0,05/10/2026 12:52:20
73040,False,0.1916,0.2144,0.2457,0.2773,0.3137,0.2416,0.0705,0.1021,0.1639,0.2206,0.2507,0.159,1713809,100.0,05/10/2026 12:52:19
73059,False,0.1839,0.2056,0.2361,0.2687,0.3114,0.2436,0.3104,0.3429,0.4019,0.4562,0.481,0.4079,1712801,100.0,05/10/2026 12:52:20
73067,False,0.1969,0.2215,0.2508,0.2851,0.326,0.234,0.1442,0.1919,0.273,0.3496,0.3959,0.2728,1703826,100.0,05/10/2026 12:52:18
73075,False,0.2031,0.2291,0.2614,0.2953,0.3357,0.2435,0.003,0.0139,0.0714,0.1463,0.1821,0.0556,1701051,100.0,05/10/2026 12:52:17
73083,False,0.189,0.2085,0.2391,0.2709,0.3088,0.2273,0.0677,0.1049,0.1665,0.2257,0.2562,0.1595,1715705,100.0,05/10/2026 12:52:20
73091,False,0.1697,0.191,0.2186,0.2497,0.284,0.2213,0.0037,0.0163,0.0668,0.1336,0.1672,0.054,1703842,100.0,05/10/2026 12:52:18
73105,False,0.1921,0.2162,0.2466,0.2783,0.3183,0.2052,0.1236,0.1727,0.2667,0.3553,0.3974,0.2651,1720150,100.0,05/10/2026 12:52:18
73113,False,0.1823,0.206,0.2361,0.2676,0.299,0.2095,0.0497,0.0879,0.1591,0.2312,0.263,0.153,1711951,100.0,05/10/2026 12:52:18
73121,False,0.1408,0.1602,0.1849,0.2128,0.2412,0.1955,0.0021,0.0073,0.0373,0.0888,0.1193,0.0324,1703305,100.0,05/10/2026 12:52:19
73130,False,0.2053,0.2296,0.262,0.2965,0.3357,0.2313,0.0036,0.0126,0.066,0.138,0.1798,0.0786,1718881,100.0,05/10/2026 12:52:18
73148,False,0.2295,0.2584,0.2923,0.3304,0.368,0.2846,0.0352,0.084,0.1905,0.2882,0.3311,0.1782,1715150,100.0,05/10/2026 12:52:17
73156,False,0.2238,0.2529,0.2843,0.3219,0.3612,0.2842,0.0708,0.1057,0.1804,0.2464,0.2823,0.2063,1718840,100.0,05/10/2026 12:52:17
73164,False,0.2651,0.2981,0.3351,0.3763,0.4148,0.3356,0.3415,0.3762,0.4441,0.5114,0.5444,0.4533,1720937,100.0,05/10/2026 12:52:18
73172,False,0.2199,0.245,0.2768,0.3134,0.3537,0.2847,0.131,0.1764,0.2547,0.3312,0.3678,0.2549,1715259,100.0,05/10/2026 12:52:17
73180,False,0.1315,0.1489,0.1721,0.1976,0.2237,0.1884,0.0707,0.1028,0.1606,0.2167,0.2437,0.1527,1720200,100.0,05/10/2026 12:52:19
73199,False,0.1954,0.2203,0.2505,0.2838,0.3197,0.2468,0.0022,0.0077,0.041,0.0963,0.1307,0.0076,1708254,100.0,05/10/2026 12:52:19
73202,False,0.1559,0.1787,0.2065,0.2364,0.2664,0.2028,0.0201,0.0642,0.1406,0.2187,0.2633,0.1308,1710904,100.0,05/10/2026 12:52:18
73210,False,0.2032,0.2281,0.2605,0.2955,0.3293,0.2265,0.0492,0.0965,0.182,0.2616,0.3019,0.1778,1704105,100.0,05/10/2026 12:52:17
73229,False,0.1532,0.176,0.2018,0.2307,0.2585,0.2002,0.2567,0.2927,0.3522,0.4049,0.4356,0.3535,1718501,100.0,05/10/2026 12:52:16
73237,False,0.1934,0.2183,0.2489,0.2835,0.3174,0.2435,0.0725,0.1191,0.2078,0.2912,0.3347,0.2054,1721307,100.0,05/10/2026 12:52:19
73245,False,0.1886,0.2132,0.2439,0.2761,0.3164,0.2135,0.0024,0.0082,0.0443,0.1088,0.1479,0.0066,1703602,100.0,05/10/2026 12:52:18
73253,False,0.1953,0.2225,0.2549,0.2874,0.3227,0.2314,0.0039,0.013,0.0659,0.1459,0.1784,0.052,1711803,100.0,05/10/2026 12:52:17
73261,False,0.1891,0.2141,0.2429,0.276,0.3152,0.2374,0.0021,0.0076,0.0382,0.0929,0.1233,0.0008,1716307,100.0,05/10/2026 12:52:19
73270,False,0.1941,0.2219,0.2529,0.2847,0.3238,0.2635,0.2154,0.2603,0.3328,0.3991,0.4314,0.3315,1712702,100.0,05/10/2026 12:52:19
73288,False,0.219,0.2445,0.2791,0.3157,0.3496,0.2537,0.1677,0.203,0.2636,0.3187,0.3535,0.2609,1720101,100.0,05/10/2026 12:52:21
73296,False,0.1954,0.2179,0.2499,0.2831,0.319,0.2709,0.2866,0.3143,0.3655,0.4086,0.4312,0.3676,1707405,100.0,05/10/2026 12:52:20
73300,False,0.185,0.2102,0.2412,0.2739,0.3121,0.2537,0.0356,0.0696,0.1335,0.1988,0.234,0.1558,1703867,100.0,05/10/2026 12:52:18
73318,False,0.1793,0.2019,0.2302,0.2619,0.2957,0.2302,0.0015,0.0075,0.0364,0.0862,0.1198,0.028,1702158,100.0,05/10/2026 12:52:17
73326,False,0.1837,0.2052,0.2338,0.265,0.3015,0.2352,0.0125,0.04,0.1131,0.1864,0.2249,0.1046,1703883,100.0,05/10/2026 12:52:20
73334,False,0.1828,0.2062,0.2358,0.2671,0.3031,0.2332,0.0302,0.062,0.1249,0.1857,0.2179,0.1182,1701309,100.0,05/10/2026 12:52:18
73342,False,0.1866,0.2102,0.2377,0.2727,0.3106,0.2289,0.0412,0.0804,0.1483,0.2157,0.2467,0.1436,1713957,100.0,05/10/2026 12:52:20
73350,False,0.1834,0.2072,0.2375,0.27,0.3023,0.2333,0.0021,0.0068,0.0391,0.0903,0.1187,0.03,1718865,100.0,05/10/2026 12:52:20
73369,False,0.2063,0.2317,0.2622,0.2976,0.3359,0.2716,0.0018,0.0078,0.0389,0.0946,0.1277,0.0365,1711506,100.0,05/10/2026 12:52:18
73377,False,0.1655,0.187,0.2146,0.2435,0.281,0.2116,0.0031,0.0128,0.071,0.1548,0.2091,0.0878,1720853,100.0,05/10/2026 12:52:19
73385,False,0.1844,0.2095,0.2386,0.272,0.3068,0.2496,0.0816,0.109,0.1531,0.1979,0.2243,0.1735,1711902,100.0,05/10/2026 12:52:19
73393,False,0.2822,0.311,0.3483,0.3894,0.4319,0.3423,0.1872,0.2391,0.3215,0.4005,0.4384,0.3268,1720259,100.0,05/10/2026 12:52:19
73407,False,0.2011,0.2237,0.2562,0.2909,0.325,0.2428,0.0041,0.0184,0.0753,0.1436,0.18,0.0935,1712009,100.0,05/10/2026 12:52:17
73415,False,0.1955,0.2184,0.2494,0.2837,0.3199,0.2431,0.0465,0.0874,0.1563,0.2278,0.2723,0.1524,1718709,100.0,05/10/2026 12:52:19
73423,False,0.2161,0.243,0.2752,0.3082,0.3538,0.2719,0.1205,0.1512,0.2111,0.2675,0.2963,0.2087,1703891,100.0,05/10/2026 12:52:20
73431,False,0.2721,0.3002,0.3381,0.377,0.4216,0.3279,0.1286,0.1738,0.2584,0.3414,0.3825,0.2583,1718659,100.0,05/10/2026 12:52:16
73440,False,0.1507,0.1719,0.1991,0.2279,0.262,0.2157,0.1305,0.1622,0.2246,0.2885,0.3253,0.2704,1721000,100.0,05/10/2026 12:52:19
73458,False,0.1949,0.2198,0.2523,0.2843,0.3242,0.2368,0.0084,0.0348,0.1146,0.1947,0.2401,0.1087,1721257,100.0,05/10/2026 12:52:18
73466,False,0.1949,0.2194,0.25,0.2839,0.3226,0.2355,0.0019,0.0093,0.0452,0.1117,0.1566,0.0194,1715507,100.0,05/10/2026 12:52:18
73474,False,0.2483,0.2752,0.3103,0.3474,0.3933,0.2676,0.0135,0.0472,0.1313,0.2156,0.2583,0.1617,1704600,100.0,05/10/2026 12:52:18
73482,False,0.203,0.2296,0.2607,0.2954,0.3346,0.2569,0.282,0.3176,0.3788,0.4378,0.47,0.3852,1705102,100.0,05/10/2026 12:52:18
73504,False,0.2466,0.2727,0.3078,0.3455,0.3825,0.3082,0.0141,0.0409,0.1191,0.1952,0.2325,0.1383,1720978,100.0,05/10/2026 12:52:21
73512,False,0.1852,0.2094,0.2389,0.2718,0.3093,0.2563,0.0505,0.0894,0.1576,0.2235,0.261,0.1524,1700301,100.0,05/10/2026 12:52:18
73520,False,0.1808,0.2011,0.2302,0.2632,0.2952,0.2028,0.0152,0.0484,0.1253,0.2022,0.2406,0.1208,1712454,100.0,05/10/2026 12:52:19
73539,False,0.194,0.218,0.2479,0.2828,0.3155,0.2421,0.0691,0.1166,0.2114,0.2979,0.3492,0.2061,1720002,100.0,05/10/2026 12:52:18
73547,False,0.2313,0.2634,0.298,0.3337,0.3776,0.2702,0.0156,0.0548,0.1396,0.2247,0.2684,0.1655,1718899,100.0,05/10/2026 12:52:19
73555,False,0.2118,0.2395,0.2736,0.3101,0.3477,0.2535,0.0024,0.0089,0.0462,0.1123,0.1502,0.0,1706258,100.0,05/10/2026 12:52:18
73563,False,0.193,0.2218,0.2506,0.2855,0.3221,0.2476,0.1269,0.1679,0.2353,0.3031,0.3368,0.2614,1713700,100.0,05/10/2026 12:52:19
73571,False,0.176,0.198,0.2274,0.2582,0.3008,0.2251,0.0273,0.0648,0.1466,0.2249,0.2674,0.1656,1718451,100.0,05/10/2026 12:52:17
73580,False,0.1562,0.1778,0.2047,0.2344,0.2689,0.1914,0.0512,0.0901,0.1586,0.2316,0.2664,0.1816,1703057,100.0,05/10/2026 12:52:19
73598,False,0.2517,0.2835,0.3209,0.3589,0.3997,0.2532,0.1703,0.2162,0.2899,0.3614,0.399,0.2936,1709807,100.0,05/10/2026 12:52:16
73601,False,0.1958,0.219,0.2501,0.2832,0.3197,0.2249,0.0117,0.0412,0.1385,0.2295,0.2801,0.1232,1712157,100.0,05/10/2026 12:52:18
73610,False,0.1927,0.2172,0.2478,0.2811,0.3166,0.242,0.0826,0.1097,0.1677,0.2246,0.2509,0.1639,1703073,100.0,05/10/2026 12:52:19
92002,False,0.1707,0.1929,0.2197,0.25,0.2879,0.2166,0.0424,0.0795,0.1422,0.2081,0.241,0.1621,1703206,100.0,05/10/2026 12:52:18
92045,False,0.1526,0.1746,0.1996,0.2276,0.2628,0.2248,0.022,0.0494,0.1041,0.1581,0.1861,0.0977,1703800,100.0,05/10/2026 12:52:20
92070,False,0.1901,0.216,0.2473,0.2803,0.319,0.249,0.1184,0.1536,0.2163,0.277,0.3065,0.2121,1700400,100.0,05/10/2026 12:52:16
92088,False,0.1765,0.2025,0.2307,0.2619,0.3009,0.2302,0.0016,0.0058,0.0362,0.0836,0.1183,0.0161,1703909,100.0,05/10/2026 12:52:19
92134,False,0.2058,0.2333,0.2665,0.3029,0.3423,0.2903,0.1442,0.1744,0.2294,0.2827,0.3127,0.2573,1700707,100.0,05/10/2026 12:52:16
92142,False,0.147,0.1648,0.1916,0.2184,0.2518,0.21,0.0026,0.0105,0.0551,0.1221,0.163,0.0724,1705557,100.0,05/10/2026 12:52:18
92185,False,0.1823,0.2053,0.2357,0.2664,0.3,0.2457,0.0015,0.0062,0.0321,0.0774,0.105,0.0158,1707108,100.0,05/10/2026 12:52:17
92193,False,0.1639,0.1866,0.2137,0.2456,0.2777,0.2139,0.0738,0.0981,0.1511,0.2023,0.2339,0.1448,1701002,100.0,05/10/2026 12:52:20
92240,False,0.1819,0.2046,0.2344,0.2678,0.3014,0.2161,0.0058,0.021,0.087,0.1582,0.1945,0.1106,1708304,100.0,05/10/2026 12:52:18
92304,False,0.1873,0.2139,0.2433,0.2752,0.3189,0.2553,0.0061,0.0189,0.0778,0.1399,0.1719,0.0942,1712504,100.0,05/10/2026 12:52:18
92371,False,0.2029,0.2295,0.2614,0.2947,0.3336,0.2654,0.0367,0.0666,0.1242,0.1825,0.2135,0.1171,1701903,100.0,05/10/2026 12:52:20
92398,False,0.1922,0.2172,0.2463,0.2797,0.3206,0.2701,0.3829,0.4102,0.4588,0.511,0.5367,0.5057,1702000,100.0,05/10/2026 12:52:18
92401,False,0.1637,0.1862,0.2141,0.2459,0.2786,0.2107,0.0517,0.0894,0.1601,0.23,0.271,0.1857,1715002,100.0,05/10/2026 12:52:19
92410,False,0.1411,0.1635,0.1879,0.215,0.2446,0.2167,0.1167,0.147,0.2041,0.2565,0.2877,0.2385,1702109,100.0,05/10/2026 12:52:18
92436,False,0.1879,0.2137,0.2442,0.2784,0.3122,0.2664,0.0215,0.0535,0.1063,0.1621,0.1919,0.0978,1702208,100.0,05/10/2026 12:52:20
92452,False,0.2087,0.2372,0.2692,0.3055,0.3426,0.2792,0.0015,0.0062,0.0325,0.082,0.1125,0.0061,1702307,100.0,05/10/2026 12:52:19
92479,False,0.2198,0.2474,0.2803,0.3138,0.3542,0.3049,0.3218,0.3496,0.402,0.4493,0.4742,0.4084,1702406,100.0,05/10/2026 12:52:20
92487,False,0.1696,0.1903,0.2182,0.2495,0.2859,0.2183,0.0034,0.0142,0.0602,0.1155,0.1428,0.05,1716653,100.0,05/10/2026 12:52:19
92509,False,0.2086,0.2373,0.2696,0.3056,0.3429,0.2753,0.1076,0.1568,0.2377,0.3177,0.3529,0.2358,1718006,100.0,05/10/2026 12:52:19
92525,False,0.1867,0.211,0.2412,0.275,0.3125,0.2674,0.2162,0.2485,0.3024,0.3569,0.3812,0.3044,1718303,100.0,05/10/2026 12:52:20
92533,False,0.2167,0.2456,0.2773,0.3124,0.3517,0.275,0.0257,0.065,0.1404,0.2119,0.2468,0.1308,1702703,100.0,05/10/2026 12:52:16
92541,False,0.2288,0.2553,0.2901,0.3264,0.3715,0.309,0.2523,0.2774,0.3302,0.3805,0.4085,0.3322,1718808,100.0,05/10/2026 12:52:20
92576,False,0.1634,0.1833,0.2112,0.2416,0.2752,0.2364,0.0816,0.1054,0.1477,0.1894,0.2117,0.1432,1702901,100.0,05/10/2026 12:52:20
92584,False,0.1901,0.211,0.2432,0.2751,0.3112,0.2357,0.1118,0.1513,0.2151,0.275,0.3111,0.211,1718907,100.0,05/10/2026 12:52:20
92592,False,0.1392,0.1595,0.1843,0.2114,0.2404,0.1971,0.1902,0.2133,0.2605,0.3083,0.3343,0.2608,1703008,100.0,05/10/2026 12:52:20
92606,False,0.172,0.1916,0.2196,0.2503,0.2813,0.1973,0.0045,0.0185,0.083,0.1595,0.198,0.1053,1719004,100.0,05/10/2026 12:52:17
92681,False,0.2187,0.2456,0.2795,0.3166,0.3533,0.2813,0.1444,0.1805,0.2452,0.3108,0.3451,0.2449,1720499,100.0,05/10/2026 12:52:19
92738,False,0.1723,0.1955,0.2242,0.2551,0.2879,0.222,0.0017,0.0082,0.0422,0.0998,0.1289,0.0158,1703701,100.0,05/10/2026 12:52:19
93114,False,0.1823,0.2033,0.2326,0.263,0.3001,0.2592,0.1602,0.1848,0.2296,0.2719,0.2975,0.258,1705508,100.0,05/10/2026 12:52:18
93130,False,0.2751,0.3047,0.3421,0.3806,0.4253,0.3204,0.2446,0.2871,0.3485,0.4114,0.4455,0.3537,1705607,100.0,05/10/2026 12:52:17
93211,False,0.1913,0.2149,0.245,0.2776,0.314,0.2588,0.022,0.05,0.1055,0.1576,0.1845,0.101,1706001,100.0,05/10/2026 12:52:19
93238,False,0.1788,0.2026,0.2324,0.2639,0.2956,0.2364,0.013,0.0372,0.0976,0.1584,0.1886,0.1185,1706100,100.0,05/10/2026 12:52:17
93416,False,0.1885,0.214,0.2446,0.2776,0.317,0.2597,0.0606,0.0995,0.1628,0.2219,0.2553,0.154,1707009,100.0,05/10/2026 12:52:17
93459,False,0.1931,0.2188,0.2501,0.2844,0.3214,0.2483,0.0056,0.0227,0.0826,0.1481,0.1757,0.0741,1707207,100.0,05/10/2026 12:52:19
93475,False,0.1878,0.2123,0.2434,0.2755,0.3129,0.2463,0.0021,0.0084,0.0474,0.1142,0.1562,0.0169,1707306,100.0,05/10/2026 12:52:18
93556,False,0.1977,0.2252,0.2556,0.2881,0.3267,0.2501,0.069,0.1017,0.1552,0.2095,0.2388,0.1482,1707702,100.0,05/10/2026 12:52:20
93653,False,0.1959,0.223,0.2532,0.2872,0.323,0.2686,0.1349,0.1582,0.2008,0.2434,0.2656,0.2231,1708205,100.0,05/10/2026 12:52:18
93858,False,0.1691,0.1936,0.2208,0.2522,0.2864,0.2536,0.1877,0.2132,0.2651,0.3201,0.3469,0.3037,1709500,100.0,05/10/2026 12:52:18
94056,False,0.1563,0.1789,0.2057,0.2356,0.2684,0.1996,0.1088,0.1386,0.1926,0.2444,0.2714,0.1881,1710508,100.0,05/10/2026 12:52:19
94099,False,0.1659,0.1872,0.2161,0.2464,0.2787,0.2267,0.1708,0.2031,0.2578,0.3112,0.3441,0.2574,1710706,100.0,05/10/2026 12:52:17
94170,False,0.1996,0.226,0.257,0.291,0.3282,0.2245,0.0018,0.0076,0.0384,0.0921,0.1293,0.0159,1711100,100.0,05/10/2026 12:52:18
94617,False,0.1841,0.2063,0.2367,0.2688,0.3067,0.2484,0.0365,0.0676,0.1277,0.1857,0.2159,0.1159,1713205,100.0,05/10/2026 12:52:17
94633,False,0.1717,0.1933,0.2227,0.2546,0.2888,0.2393,0.046,0.0771,0.132,0.1873,0.2206,0.1564,1713304,100.0,05/10/2026 12:52:19
94692,False,0.2193,0.2431,0.2758,0.3128,0.3504,0.2647,0.0052,0.0212,0.0834,0.149,0.1815,0.0727,1713601,100.0,05/10/2026 12:52:20
94811,False,0.2189,0.2457,0.279,0.314,0.356,0.2722,0.0045,0.0237,0.086,0.1581,0.1939,0.0711,1714203,100.0,05/10/2026 12:52:19
94838,False,0.1708,0.195,0.2234,0.2552,0.2924,0.2051,0.271,0.3039,0.3735,0.437,0.47,0.3791,1714302,100.0,05/10/2026 12:52:19
94994,False,0.1919,0.2165,0.2459,0.2797,0.3145,0.2243,0.0016,0.0064,0.0357,0.0843,0.113,0.0293,1715101,100.0,05/10/2026 12:52:19
95192,False,0.1668,0.1872,0.215,0.2442,0.2796,0.2441,0.3386,0.3589,0.4027,0.449,0.4726,0.4468,1716109,100.0,05/10/2026 12:52:20
95214,False,0.2405,0.2689,0.3047,0.3438,0.3829,0.3144,0.3691,0.3926,0.4446,0.4894,0.5114,0.454,1716208,100.0,05/10/2026 12:52:19
95257,False,0.1757,0.1981,0.2272,0.2591,0.2946,0.2433,0.0434,0.0699,0.1238,0.1766,0.2055,0.1464,1716505,100.0,05/10/2026 12:52:20
95273,False,0.2072,0.2295,0.2617,0.2966,0.3332,0.2694,0.1341,0.1657,0.2257,0.28,0.3052,0.2223,1716604,100.0,05/10/2026 12:52:19
95290,False,0.1607,0.1808,0.2095,0.2388,0.2775,0.2198,0.1707,0.198,0.2492,0.302,0.33,0.2746,1716703,100.0,05/10/2026 12:52:19
95338,False,0.1721,0.1934,0.2219,0.2522,0.2852,0.22,0.2823,0.3092,0.3515,0.3941,0.4159,0.3543,1709005,100.0,05/10/2026 12:52:20
95370,False,0.2093,0.2365,0.2688,0.3043,0.3434,0.2454,0.0047,0.0195,0.0753,0.1409,0.1717,0.0655,1717008,100.0,05/10/2026 12:52:19
95478,False,0.2353,0.262,0.2961,0.3315,0.3681,0.2695,0.0552,0.0836,0.1393,0.1952,0.2252,0.1598,1717503,100.0,05/10/2026 12:52:19
95516,False,0.1866,0.2094,0.2404,0.2741,0.3079,0.2536,0.1163,0.1597,0.2299,0.3004,0.3333,0.2268,1717800,100.0,05/10/2026 12:52:19
95532,False,0.1937,0.219,0.2521,0.2849,0.3256,0.251,0.0034,0.0162,0.0665,0.1326,0.1624,0.0906,1717909,100.0,05/10/2026 12:52:19
95591,False,0.161,0.182,0.2098,0.2394,0.2702,0.231,0.0021,0.0097,0.0472,0.1046,0.1385,0.069,1718204,100.0,05/10/2026 12:52:19
95699,False,0.3056,0.3327,0.3721,0.4117,0.454,0.2933,0.217,0.2545,0.3185,0.3787,0.4148,0.3202,1712405,100.0,05/10/2026 12:52:17
96032,False,0.1733,0.1957,0.2245,0.2566,0.2883,0.2429,0.2607,0.2936,0.3528,0.4073,0.4354,0.3566,1720309,100.0,05/10/2026 12:52:21
96130,False,0.1531,0.1737,0.2013,0.2303,0.2632,0.2164,0.2146,0.2414,0.2921,0.3424,0.3671,0.2921,1720804,100.0,05/10/2026 12:52:20
96156,False,0.1899,0.2157,0.2447,0.2781,0.3145,0.2742,0.0715,0.1023,0.1565,0.2074,0.2354,0.1487,1720903,100.0,05/10/2026 12:52:21
96199,False,0.1385,0.1585,0.1831,0.2102,0.2467,0.1819,0.3741,0.3985,0.4403,0.481,0.5024,0.4441,1721109,100.0,05/10/2026 12:52:19
96210,False,0.1488,0.168,0.1924,0.2207,0.256,0.219,0.2268,0.2478,0.2922,0.3338,0.3563,0.2931,1721208,100.0,05/10/2026 12:52:21
96270,False,0.1543,0.1754,0.2017,0.2303,0.2624,0.2206,0.0769,0.1041,0.1579,0.212,0.2394,0.1879,1709302,100.0,05/10/2026 12:52:18
96296,False,0.1772,0.199,0.2276,0.2606,0.2932,0.2167,0.0025,0.0081,0.043,0.1006,0.1368,0.0076,1718402,100.0,05/10/2026 12:52:19
96431,False,0.1684,0.1914,0.2192,0.2494,0.2859,0.2336,0.0064,0.0224,0.0703,0.1203,0.1428,0.0855,1722107,100.0,05/10/2026 12:52:17
96490,False,0.179,0.2027,0.232,0.2635,0.3031,0.2456,0.1035,0.1377,0.2037,0.265,0.2989,0.2361,1715754,100.0,05/10/2026 12:52:18
96598,False,0.1737,0.1973,0.226,0.2586,0.2879,0.2235,0.0017,0.0071,0.0366,0.0925,0.1207,0.0019,1720655,100.0,05/10/2026 12:52:20
96636,False,0.1503,0.1693,0.1951,0.223,0.258,0.2235,0.0016,0.0054,0.0295,0.0716,0.0975,0.0065,1714880,100.0,05/10/2026 12:52:19
96652,False,0.1775,0.2006,0.2298,0.2619,0.2954,0.2444,0.0123,0.0355,0.0863,0.1406,0.1683,0.0759,1722081,100.0,05/10/2026 12:52:20
96679,False,0.197,0.2211,0.2512,0.2845,0.3235,0.2615,0.0679,0.1045,0.1693,0.2333,0.2636,0.1975,1707652,100.0,05/10/2026 12:52:19
96792,False,0.1545,0.1764,0.2019,0.2313,0.2628,0.181,0.0018,0.0078,0.0426,0.0969,0.1272,0.0268,1718758,100.0,05/10/2026 12:52:18
96830,False,0.1967,0.2238,0.2545,0.2887,0.3271,0.254,0.0588,0.0984,0.1665,0.2307,0.2649,0.1894,1707553,100.0,05/10/2026 12:52:19
96857,False,0.1717,0.197,0.2256,0.257,0.2909,0.2538,0.0458,0.0762,0.1249,0.1724,0.1961,0.1169,1702554,100.0,05/10/2026 12:52:18
96954,False,0.195,0.221,0.2526,0.286,0.3213,0.2628,0.0098,0.0337,0.1009,0.1682,0.2039,0.1217,1700350,100.0,05/10/2026 12:52:17
96970,False,0.1385,0.157,0.1821,0.2085,0.2406,0.1861,0.0044,0.0144,0.0666,0.1307,0.1671,0.0853,1701101,100.0,05/10/2026 12:52:18
96997,False,0.1634,0.1855,0.2125,0.2432,0.2722,0.2169,0.0033,0.0125,0.0597,0.1226,0.1555,0.0792,1703107,100.0,05/10/2026 12:52:18
